symbol,date,part,y,x
AVAXUSDT,2022-03-15,0.0014327391338146863,0.0011612717228968027,0.0019889334236706585
AVAXUSDT,2022-03-15,0.0010131907020013244,-0.003913332046795909,0.0016725622181763874
AVAXUSDT,2022-03-15,0.0018667445081132575,0.007696255225334079,0.0022702784437171096
AVAXUSDT,2022-03-15,0.0016943189080575664,-0.0,0.0021628891553704776
AVAXUSDT,2022-03-15,0.0001275693030782939,0.004798962165720982,0.0005934850395933528
AVAXUSDT,2022-03-15,0.002507834434760056,0.0004353188779475292,0.002631395423562705
AVAXUSDT,2022-03-15,0.0006983045529808863,0.0026086971315870218,0.0013885423215947387
AVAXUSDT,2022-03-15,0.0015769173993747916,0.0010135380582398643,0.00208660938763512
AVAXUSDT,2022-03-15,0.0009359260704191554,0.004769139756902141,0.0016075239674780077
AVAXUSDT,2022-03-15,0.0016637022550576824,0.0036103729014097443,0.0021432581655844384
AVAXUSDT,2022-03-15,0.00025554108075402323,-0.0005784526553197088,0.0008399763297974161
AVAXUSDT,2022-03-15,0.0000847955940783152,-0.0028876716571967663,0.00048386401854159423
AVAXUSDT,2022-03-15,0.0037483894706081306,0.011892816025823504,0.003217059097697587
AVAXUSDT,2022-03-15,0.0010523883744088798,0.0035072372645654254,0.0017046087181931885
AVAXUSDT,2022-03-15,0.0009473608338994908,0.005872869618057944,0.001617314191524458
AVAXUSDT,2022-03-15,0.001392533999151488,0.0030975760441342808,0.0019608283982657567
AVAXUSDT,2022-03-15,0.00010487509295335947,-0.0011813350458311713,0.0005381122314016304
AVAXUSDT,2022-03-15,0.00020450094874459028,-0.001916697969756782,0.00075142276450996
AVAXUSDT,2022-03-15,0.0016037770155381643,0.006948065500678097,0.0021043049507245308
AVAXUSDT,2022-03-15,0.00007935998919943899,0.0010380367210725092,0.0004680987532348845
AVAXUSDT,2022-03-15,0.000191481050051324,0.0050266220564168075,0.0007271091076654759
AVAXUSDT,2022-03-15,0.000045140943015533233,0.0026576126671129237,0.00035303844220767756
AVAXUSDT,2022-03-15,0.00005852655444134096,-0.0029612103367796217,0.0004019880685937194
AVAXUSDT,2022-03-15,0.0006576217321383775,0.0014838999606715572,0.0013474875546091848
AVAXUSDT,2022-03-15,0.0006797396395053797,0.0029656012244932916,0.001369960302724494
AVAXUSDT,2022-03-15,0.0003903798236922205,0.0019232197658117995,0.0010381984261456584
AVAXUSDT,2022-03-15,0.000127228126873045,0.0007387161449916124,0.0005926908887585715
AVAXUSDT,2022-03-15,0.0000440064385543022,0.0005908419669666586,0.0003485738438896094
AVAXUSDT,2022-03-15,0.00037059259967202015,0.0007391529643941745,0.001011544645933771
AVAXUSDT,2022-03-15,0.0002890100028876666,0.0025175874089865186,0.0008932913354662628
AVAXUSDT,2022-03-15,0.00018803881050692066,-0.0001483129405759602,0.0007205438770185644
AVAXUSDT,2022-03-15,0.00015090117444981004,0.0057679668898360835,0.000645480303172705
AVAXUSDT,2022-03-15,0.00014334919192797357,0.0002948982622374193,0.0006291211836985606
AVAXUSDT,2022-03-15,0.0005468585817730942,0.002656828131085343,0.0012287801874678046
AVAXUSDT,2022-03-15,0.0007592518101193692,0.002071006657383637,0.0014478701093131275
AVAXUSDT,2022-03-15,0.000553221818483303,0.00044421411850625923,0.0012359085432657878
AVAXUSDT,2022-03-15,0.00032338568964367223,0.0032631295641288235,0.0009449244428394578
AVAXUSDT,2022-03-15,0.0010271556261593365,0.0041679131487775,0.0016840493304476946
AVAXUSDT,2022-03-15,0.0012245846635324572,0.001788376035512424,0.0018387855932909506
AVAXUSDT,2022-03-15,0.0002394542878533814,0.002384857293693758,0.000813107549709146
AVAXUSDT,2022-03-15,0.0010591419685525559,0.0022413158430139818,0.0017100695466839419
AVAXUSDT,2022-03-15,1.481789901197098e-6,0.0005980861422302184,0.00006396317302638103
AVAXUSDT,2022-03-15,2.449858066870906e-6,0.00014946566054263949,0.00008224455335934274
AVAXUSDT,2022-03-15,0.00032022451782229755,0.0007475518027730308,0.000940294670493303
AVAXUSDT,2022-03-15,0.0005112834709225196,0.0031458343672347826,0.001188139845911883
AVAXUSDT,2022-03-15,0.00011240660490288105,-0.0026966308475995402,0.0005570992832821355
AVAXUSDT,2022-03-15,0.0002197391967591122,0.0023966458445996534,0.0007789156875177072
AVAXUSDT,2022-03-15,0.00011772800933177686,0.0014985766329151046,0.0005701335322497223
AVAXUSDT,2022-03-15,0.0004356285797622459,0.004035578304050335,0.0010967177350363114
AVAXUSDT,2022-03-15,0.00006952453339503479,0.001642404251243129,0.00043813275838613675
AVAXUSDT,2022-03-15,0.00024385546090109373,-0.00014946566054272175,0.000820545989559222
AVAXUSDT,2022-03-15,0.000020329019389119624,-0.0008972634069897823,0.00023691627704394184
AVAXUSDT,2022-03-15,0.00008705456860851009,0.002092363638865583,0.0004902667815617574
AVAXUSDT,2022-03-15,0.0002867368455922208,-0.0013445882357418682,0.0008897713875556945
AVAXUSDT,2022-03-15,0.00003684927949164935,0.00014953271055889673,0.0003189709887821372
AVAXUSDT,2022-03-15,0.00043158319494548286,0.0013468015503787388,0.0010916136238655482
AVAXUSDT,2022-03-15,0.0002252196164289144,0.0007483349896482824,0.0007885691659846146
AVAXUSDT,2022-03-15,0.00024199302000371323,-0.0019468370057690277,0.0008174065324117701
AVAXUSDT,2022-03-15,0.0001937931326843288,0.0011999401469782699,0.0007314857598998742
AVAXUSDT,2022-03-15,0.00004888328712537929,0.0010500263471323028,0.00036738116365140586
AVAXUSDT,2022-03-15,6.71699883183669e-6,-0.00014989132906723945,0.00013618344642372048
AVAXUSDT,2022-03-15,0.00015475160290675226,-0.0014999252849576036,0.0006536635412654461
AVAXUSDT,2022-03-15,0.00036726330713708475,-0.0003001650930537039,0.0010069906884715937
AVAXUSDT,2022-03-15,0.000278855211649683,0.0009000900697691978,0.0008774574530674862
AVAXUSDT,2022-03-15,0.00046781536961495567,0.0011986815939304609,0.001136511742906975
AVAXUSDT,2022-03-15,0.00010454876915966256,-0.0013486178712936404,0.0005372743983720331
AVAXUSDT,2022-03-15,0.00005989975861923672,-0.002546245665358685,0.0004066766342035135
AVAXUSDT,2022-03-15,0.0002456491171040492,-0.0007481110545666078,0.0008235581856482171
AVAXUSDT,2022-03-15,0.0007463491802297764,0.003287510432480368,0.0014355149324288305
AVAXUSDT,2022-03-15,0.0001565968047044814,0.0013423821838307523,0.0006575490164351283
AVAXUSDT,2022-03-15,0.0001023631123142394,-0.00029806259535113176,0.0005316287086446136
AVAXUSDT,2022-03-15,0.0011795939445038255,0.0008945878038083354,0.0018046914117086383
AVAXUSDT,2022-03-15,0.00030825659912737014,-0.00014915355385987033,0.0009225562931995743
AVAXUSDT,2022-03-15,0.00022925888857687672,0.0008944544424604588,0.0007956091620430587
AVAXUSDT,2022-03-15,0.0006225007805603977,0.0017867783193235938,0.0013110119023144655
AVAXUSDT,2022-03-15,0.00006214561495009526,0.0,0.0004142303628921978
AVAXUSDT,2022-03-15,0.0003759635579272044,0.0013397843462995393,0.0010188483813537068
AVAXUSDT,2022-03-15,0.0000981150993949026,0.000894187839014313,0.0005204806741474515
AVAXUSDT,2022-03-15,0.00008239510096313487,0.0014920921896869922,0.00047696595339555633
AVAXUSDT,2022-03-15,0.00045523469021360036,0.00014930944409983986,0.0011211258310721685
AVAXUSDT,2022-03-15,0.0006415678944209633,0.0020920509722240632,0.0013309385234939498
AVAXUSDT,2022-03-15,0.00005675733174317014,0.0011974256781747095,0.0003958655139228789
AVAXUSDT,2022-03-15,0.000041295593568229395,0.00044940454654947086,0.0003376669389370004
AVAXUSDT,2022-03-15,0.00015115033095102433,0.00029962547040649526,0.0006460129672938819
AVAXUSDT,2022-03-15,0.00017921576032149634,0.0017991009350471158,0.0007034363131262386
AVAXUSDT,2022-03-15,0.0005692857747280324,0.0023977233126681644,0.0012537237421080955
AVAXUSDT,2022-03-15,0.003006944218415626,0.008868904431722259,0.0028813722562729184
AVAXUSDT,2022-03-15,0.00005122965908308891,-0.0037664827954768648,0.00037609487664056704
AVAXUSDT,2022-03-15,0.0004688980297161399,-0.0015024041287580784,0.0011378260913800016
AVAXUSDT,2022-03-15,0.0005630635414902698,0.0021039983715975797,0.001246853383582064
AVAXUSDT,2022-03-15,0.0003272166726022528,0.0006020469778475933,0.000950504979571149
AVAXUSDT,2022-03-15,0.0005493314310296395,-0.001054296354906159,0.0012315552749929694
AVAXUSDT,2022-03-15,0.0006191306052602533,0.0009045681304269385,0.0013074582229796602
AVAXUSDT,2022-03-15,0.0004097191573594303,0.00015084093851653108,0.0010636036518818527
AVAXUSDT,2022-03-15,0.00009231757644585825,0.0007545461762960681,0.0005048692055285312
AVAXUSDT,2022-03-15,0.00007131410303851103,0.0025635239855000998,0.0004437357264925887
AVAXUSDT,2022-03-15,0.0001516222701914366,0.003017048600236646,0.0006470207099030232
AVAXUSDT,2022-03-15,0.00016569333157114574,0.0009059339287872584,0.0006763775737859242
AVAXUSDT,2022-03-15,0.00041159341150438057,-0.00015095478932737721,0.0010660335956001177
AVAXUSDT,2022-03-15,0.0004249497645379515,0.0024187464550939593,0.0010831920923120753
AVAXUSDT,2022-03-15,0.0005302429228282716,0.001663768061324558,0.0012099686687394198
AVAXUSDT,2022-03-15,2.5765242403042153e-6,0.000756029369949032,0.00008434392372053325
AVAXUSDT,2022-03-15,0.00017885852634135302,0.002416919605538672,0.0007027348773141339
AVAXUSDT,2022-03-15,0.00017186968545206775,0.0010568431571728518,0.0006888684988886395
AVAXUSDT,2022-03-15,0.000250405134009722,0.0027157530270023214,0.0008314924283080886
AVAXUSDT,2022-03-15,0.0004256089883954316,0.0013551157686143675,0.0010840319437619074
AVAXUSDT,2022-03-15,0.00013792922929987646,0.00045150124929824794,0.0006171132044170367
AVAXUSDT,2022-03-15,0.00003173525937110769,0.0009037506263568113,0.00029601090482802515
AVAXUSDT,2022-03-15,0.000042647781154518505,-0.00030147724075179385,0.0003431507124090222
AVAXUSDT,2022-03-15,0.000015812650007184115,0.0015087510405764279,0.00020894838253282923
AVAXUSDT,2022-03-15,0.00018377872678374414,-0.0024129102341799006,0.0007123350328259278
AVAXUSDT,2022-03-15,0.0006603762363462465,0.004658510190510159,0.0013503066384578507
AVAXUSDT,2022-03-15,0.000025413334686557164,-0.0029940142126046996,0.000264891188801244
AVAXUSDT,2022-03-15,0.00010090215013005138,-0.0002990430644294001,0.000527821279033033
AVAXUSDT,2022-03-15,0.00045337104738696126,-0.0010462597172932043,0.0011188286413768148
AVAXUSDT,2022-03-15,0.002171900953933626,0.003727731148878128,0.0024488190348881094
AVAXUSDT,2022-03-15,6.3943958677159195e-6,0.000595149548886804,0.00013287290926663835
AVAXUSDT,2022-03-15,0.0003837898859534306,0.0014885385302852439,0.0010293983010833607
AVAXUSDT,2022-03-15,0.0005848576611343106,0.002684965813478577,0.001270754850130397
AVAXUSDT,2022-03-15,0.0004648279916132422,0.0008967270067343564,0.0011328771596587942
AVAXUSDT,2022-03-15,0.0003753499043590415,0.0010459470509031536,0.0010180165516945584
AVAXUSDT,2022-03-15,0.00015918297871969023,0.00029877502463063936,0.000662956446487253
AVAXUSDT,2022-03-15,0.0004339219432376096,0.0023880608363849166,0.0010945673535055695
AVAXUSDT,2022-03-15,0.0002689653771315383,-0.0005961252039428245,0.0008617571067877218
AVAXUSDT,2022-03-15,0.00008236721620433654,0.0008933889813985669,0.0004768852373949793
AVAXUSDT,2022-03-15,0.0002937076575426279,0.000595149548886804,0.0009005219833225488
AVAXUSDT,2022-03-15,0.00032095254354462044,-0.0004461298311783019,0.0009413629367045575
AVAXUSDT,2022-03-15,0.00017823486241950835,0.000148665725390781,0.0007015086201189066
AVAXUSDT,2022-03-15,0.000588368822736483,-0.0014878741027836112,0.001274563596578519
AVAXUSDT,2022-03-15,0.0014761228390837984,0.004028353079023306,0.002018821560781111
AVAXUSDT,2022-03-15,0.000053514354899416675,0.005069341406231872,0.00038438977940167114
AVAXUSDT,2022-03-15,0.00003487736000923277,0.00014873205946941577,0.0003103190853192616
AVAXUSDT,2022-03-15,0.000018041026852539732,0.0017833263754275445,0.0002231861860972706
AVAXUSDT,2022-03-15,0.00004914300686773436,0.0004455335337677698,0.0003683558294775797
AVAXUSDT,2022-03-15,0.0008840014558387718,0.0016324111364103887,0.0015622954736198515
AVAXUSDT,2022-03-15,0.0004992106890509089,0.0028133578932486255,0.0011740284529496326
AVAXUSDT,2022-03-15,0.001015048987657554,0.0013314596241717036,0.0016740953325956888
AVAXUSDT,2022-03-15,0.00020311924520979456,-0.00014800562448386028,0.0007488799813106272
AVAXUSDT,2022-03-15,0.0003669024708032493,0.0025190796458216874,0.0010064958825447721
AVAXUSDT,2022-03-15,0.00046321759528138016,0.0023707226987357104,0.0011309130308408254
AVAXUSDT,2022-03-15,0.0002562480727143216,0.0008882309984421968,0.0008411374862143047
AVAXUSDT,2022-03-15,0.0004792202016226692,0.005049015775006034,0.0011502817862310535
AVAXUSDT,2022-03-15,0.00021564877393598957,0.0022309818132817787,0.0007716319134132974
AVAXUSDT,2022-03-15,0.0002954851735526826,0.0007432181687336305,0.0009032428482012173
AVAXUSDT,2022-03-15,0.00014158682022657651,0.0019312194964582567,0.0006252419351781538
AVAXUSDT,2022-03-15,0.0001917934486360396,0.0005939124153790093,0.0007277019999764648
AVAXUSDT,2022-03-15,0.0005691049015450383,0.001780151782961161,0.001253524560055184
AVAXUSDT,2022-03-15,0.000014462419848544761,0.0005926804144452314,0.00019982837969550245
AVAXUSDT,2022-03-15,0.0001513971041982231,-0.00014811523392238118,0.0006465401037599614
AVAXUSDT,2022-03-15,0.00011691964322372858,-0.0005922416518976694,0.000568172781811698
AVAXUSDT,2022-03-15,0.0010590570642697316,0.00590233379446372,0.0017100010029274678
AVAXUSDT,2022-03-15,0.0003011035747013667,0.0001471778647148895,0.0009117896122887175
AVAXUSDT,2022-03-15,0.00017289580680092962,-0.0008835223664123647,0.0006909218300380093
AVAXUSDT,2022-03-15,0.00030172844055246996,0.0026482287067341164,0.0009127352186423347
AVAXUSDT,2022-03-15,0.0001973304104922478,0.000881963896653024,0.0007381314229387268
AVAXUSDT,2022-03-15,0.000517038785550087,0.0016187186228968145,0.0011948083410613115
AVAXUSDT,2022-03-15,0.0003863754074927561,0.0053160196072287854,0.0010328599138715363
AVAXUSDT,2022-03-15,0.0009762204225741751,0.0031136506732793584,0.001641763623609957
AVAXUSDT,2022-03-15,0.0008936345067560358,0.005478654408561728,0.0015707846532386051
AVAXUSDT,2022-03-15,0.0012338842821029814,0.002809198269390597,0.0018457543489271812
AVAXUSDT,2022-03-15,0.00002165194858317208,-0.000296120819457264,0.00024450355496006296
AVAXUSDT,2022-03-15,0.0010230251619214859,0.001184132761216772,0.0016806599158662799
AVAXUSDT,2022-03-15,0.00012230684469432117,0.0019212301778940939,0.0005811149728738082
AVAXUSDT,2022-03-15,0.0006291456121254673,0.003548724706031098,0.0013179904711614013
AVAXUSDT,2022-03-15,0.0022990873343694384,0.005792812337041546,0.002519500325756437
AVAXUSDT,2022-03-15,0.0010727148748976816,-0.0010420544299854738,0.0017209919377130498
AVAXUSDT,2022-03-15,0.00011442163930484374,-0.0037127836516296243,0.0005620704676514703
AVAXUSDT,2022-03-15,0.00023421581654332543,0.0039955658039539455,0.0008041643092327618
AVAXUSDT,2022-03-15,0.0009864975221335088,0.0023602312181132037,0.0016503827806218549
AVAXUSDT,2022-03-15,0.00033755250872741026,0.0001473296503583558,0.0009654001332151318
AVAXUSDT,2022-03-15,0.000613630130542251,0.0014744915676455255,0.0013016374113711136
AVAXUSDT,2022-03-15,0.0010043680948126845,-0.0007379529520929722,0.0016652641726526568
AVAXUSDT,2022-03-15,0.00010740036349599552,0.0028005029726276285,0.0005445522539892607
AVAXUSDT,2022-03-15,0.0006211305983760662,0.004552471332631367,0.001309568277850679
AVAXUSDT,2022-03-15,0.001690104061517598,0.0033751591215916777,0.002160197241125564
AVAXUSDT,2022-03-15,0.0001613460221246346,0.002788583299671269,0.0006674455097757625
AVAXUSDT,2022-03-15,0.0016663909536386457,0.004534491789291149,0.0021449893193516193
AVAXUSDT,2022-03-15,0.00008421473600849291,-0.00043773255240426076,0.0004822039128820204
AVAXUSDT,2022-03-15,0.0004832275539636082,0.0018985036735563057,0.0011550812373682109
AVAXUSDT,2022-03-15,0.00007262460084994639,0.0021950692943455466,0.0004477943025854766
AVAXUSDT,2022-03-15,0.0002524550758714365,0.0007327618119332281,0.0008348889977401728
AVAXUSDT,2022-03-15,8.82155979314354e-6,-0.0027812357824069114,0.00015606638666046597
AVAXUSDT,2022-03-15,0.00006839066767335263,-0.0020443932354168386,0.0004345453492177371
AVAXUSDT,2022-03-15,0.0005691104132492097,0.0026227612295371015,0.0012535306301485881
AVAXUSDT,2022-03-15,0.0016649287208435268,0.00029107844769622114,0.002144048015009093
AVAXUSDT,2022-03-15,0.0037238929452384543,0.005080942918861738,0.003206529782689946
AVAXUSDT,2022-03-15,0.002638294518502596,0.009081143488581123,0.002698971645040467
AVAXUSDT,2022-03-15,0.0004242995551499108,0.005865958590116902,0.0010823630869295758
AVAXUSDT,2022-03-15,6.844643719072035e-8,0.0009980752236530624,0.000013747132160296765
AVAXUSDT,2022-03-15,0.00011689634296653085,0.00114073875196395,0.0005681161650139993
AVAXUSDT,2022-03-15,0.0019772371093535663,0.0015706435726913581,0.0023365014818336445
AVAXUSDT,2022-03-15,0.0018626195727499968,0.0017157567835032386,0.0022677687454615743
AVAXUSDT,2022-03-15,0.0008932182443129634,0.0032967850400410113,0.0015704187682972204
AVAXUSDT,2022-03-15,0.000038994877751926975,-0.002007744830471621,0.00032812586525432735
AVAXUSDT,2022-03-15,0.0004919445974225115,0.0032901824974592023,0.0011654530482779792
AVAXUSDT,2022-03-15,0.0016236711339954945,0.002282454628549487,0.002117316194442873
AVAXUSDT,2022-03-15,0.0017306436364310728,0.005825121252311795,0.002185951436159826
AVAXUSDT,2022-03-15,0.000814641277684635,0.0002834065485880574,0.001499753521421696
AVAXUSDT,2022-03-15,0.00014099000568732587,0.0021235939176135355,0.0006239227886096828
AVAXUSDT,2022-03-15,0.00036097489567434623,0.0011320221953185527,0.000998332441767118
AVAXUSDT,2022-03-15,0.0005679335871417434,0.002693699792825464,0.0012522339125537972
AVAXUSDT,2022-03-15,0.0005903674765596936,-0.0021269061545070417,0.0012767265695491255
AVAXUSDT,2022-03-15,0.001898350388384891,0.0011337869695268459,0.002289416835432882
AVAXUSDT,2022-03-15,0.0020999202866839495,0.002982321318599462,0.0024078980163981605
AVAXUSDT,2022-03-15,0.0007884031963112774,-0.0032658885968360404,0.0014754037145830198
AVAXUSDT,2022-03-15,0.0007376604044299924,-0.0014168322007429757,0.0014271345510020398
AVAXUSDT,2022-03-15,0.0011228033880018651,0.004967720101934333,0.0017607128815772016
AVAXUSDT,2022-03-15,0.0019003267721759826,0.004992521603120871,0.0022906082880948093
AVAXUSDT,2022-03-15,0.0019017782494212792,0.002004008686715143,0.002291482909036768
AVAXUSDT,2022-03-15,0.0005469513192006005,0.0004298918171816028,0.001228884372614228
AVAXUSDT,2022-03-15,0.0005884806536687824,0.0015776267166004723,0.0012746847186175352
AVAXUSDT,2022-03-15,0.0004194809005594495,0.0018644680912051812,0.0010761994858491974
AVAXUSDT,2022-03-15,0.00042184717303159696,0.0020042955886520235,0.0010792306131558215
AVAXUSDT,2022-03-15,0.0015979078799268536,0.0018578068937573598,0.0021004509950112112
AVAXUSDT,2022-03-15,0.000782554182712797,0.0021390382487494423,0.0014699206562169423
AVAXUSDT,2022-03-15,0.0002774430649638103,-0.0007119971820895601,0.0008752328732629438
AVAXUSDT,2022-03-15,0.0004723058288361605,0.0034227072775021715,0.0011419532820698592
AVAXUSDT,2022-03-15,0.00008104426983986609,0.0004284796180673869,0.00047303997312831287
AVAXUSDT,2022-03-15,0.0005164367563548961,0.0012859900321966712,0.0011941125334804018
AVAXUSDT,2022-03-15,0.0006468413762132788,0.0007150518717255413,0.0013363972725060466
AVAXUSDT,2022-03-15,0.00028542459639815156,0.0004292766754052846,0.0008877330364505462
AVAXUSDT,2022-03-15,0.0008706423898791601,0.0015755929636350693,0.0015504457986285438
AVAXUSDT,2022-03-15,0.0003112047667625859,0.0008598452808351514,0.0009269574615124457
AVAXUSDT,2022-03-15,0.00013830917630892282,-0.0005728197206606309,0.0006179625859021761
AVAXUSDT,2022-03-15,0.0008377576053651731,0.0011448198159332513,0.0015208832397355426
AVAXUSDT,2022-03-15,0.001365794816299822,-0.00042896976421012543,0.0019419114140642169
AVAXUSDT,2022-03-15,0.0002543228567688086,0.0018564803618321846,0.0008379717562520904
AVAXUSDT,2022-03-15,0.0015811133035096442,0.004413132651763461,0.0020893835965664093
AVAXUSDT,2022-03-15,0.003928111547063876,0.004394365282486905,0.0032932794970910793
AVAXUSDT,2022-03-15,0.006108793083588137,0.010132369263775354,0.0041069024932138595
AVAXUSDT,2022-03-15,0.0020290956470144397,0.002935217705937418,0.0023669437873415026
AVAXUSDT,2022-03-15,0.0005624746133239967,0.004055098893831638,0.0012462011488584242
AVAXUSDT,2022-03-15,0.001864305312875952,0.0002801905313930064,0.0022687947209903514
AVAXUSDT,2022-03-15,0.0003079376757838223,0.0,0.0009220789297313676
AVAXUSDT,2022-03-15,9.209010274846808e-6,0.0002802297902603257,0.0001594568436111054
AVAXUSDT,2022-03-15,0.001871757377301483,0.0016830298502931238,0.00227332465031128
AVAXUSDT,2022-03-15,0.00013216086172056102,0.0,0.0006040711786388859
AVAXUSDT,2022-03-15,0.002189101658813217,0.005628268691614628,0.002458496811698902
AVAXUSDT,2022-03-15,0.0026420009506832377,0.0057685703403892175,0.00270086681715997
AVAXUSDT,2022-03-15,0.00006467912385927789,-0.007129407425837758,0.00042258954527676473
AVAXUSDT,2022-03-15,0.00015020853352485882,0.0,0.0006439972123641054
AVAXUSDT,2022-03-15,0.000745927359722404,0.003908436019499292,0.0014351092140094572
AVAXUSDT,2022-03-15,0.002342451625046941,0.0028015146492231836,0.0025431501366259194
AVAXUSDT,2022-03-15,0.0002828699644407707,0.002247191956904721,0.0008837513745954065
AVAXUSDT,2022-03-15,0.00008048733016228892,0.001966016642244646,0.0004714117956483492
AVAXUSDT,2022-03-15,0.00010416497597698886,0.0018254586266924719,0.0005362873382631425
AVAXUSDT,2022-03-15,0.0004898157952651016,0.0007028889022077532,0.0011629286696782511
AVAXUSDT,2022-03-15,0.00034614262845661067,-0.0005622715919851286,0.0009776068320120276
AVAXUSDT,2022-03-15,0.000271279915134314,-0.003942001444253618,0.0008654570197126907
AVAXUSDT,2022-03-15,0.0006150150913053374,0.0029663133552192177,0.0013031054787116657
AVAXUSDT,2022-03-15,0.000690478980453051,0.002261165463137164,0.0013807400286578071
AVAXUSDT,2022-03-15,0.00048817950250884296,0.000988770473946634,0.0011609845881985926
AVAXUSDT,2022-03-15,0.00044681060842625985,0.0014144273928104801,0.0011107042209423004
AVAXUSDT,2022-03-15,0.002123812265675159,0.003545851527391841,0.002421557281764409
AVAXUSDT,2022-03-15,0.00019321375127045272,0.0017033361109090501,0.0007303914835266317
AVAXUSDT,2022-03-15,0.00046322401701770434,0.000708968480599987,0.0011309208699214147
AVAXUSDT,2022-03-15,0.000283260969198996,0.0012766864632167202,0.0008843619584441815
AVAXUSDT,2022-03-15,0.00018885462857637172,-0.000709572157778758,0.0007221052475284434
AVAXUSDT,2022-03-15,0.0004609525424232206,-0.0002837281902988784,0.001128144659221206
AVAXUSDT,2022-03-15,0.0002080818222437587,0.0014192451999074788,0.0007579730346458235
AVAXUSDT,2022-03-15,0.0016861979116202298,0.00014203536704497156,0.0021576994850551834
AVAXUSDT,2022-03-15,0.0005818186001744795,0.003686901510496362,0.001267448976214081
AVAXUSDT,2022-03-15,0.0007038491505219701,0.002545250242851711,0.0013940439943141746
AVAXUSDT,2022-03-15,0.00025477658506391215,-0.0012719950835247027,0.0008387189208440071
AVAXUSDT,2022-03-15,0.0007618030457680737,0.0035288342075036503,0.0014503006336585055
AVAXUSDT,2022-03-15,0.00026137555444255903,0.00042280319141583194,0.0008495113152378537
AVAXUSDT,2022-03-15,0.001898079868449627,-0.000846143048650248,0.00228925370565357
AVAXUSDT,2022-03-15,0.00006564369269376774,-0.004099235367729841,0.00042572895253037814
AVAXUSDT,2022-03-15,0.001620908147601144,0.0029785143642587176,0.002115513918536354
AVAXUSDT,2022-03-15,0.000516587100534723,0.0009939652930512717,0.0011942863348250953
AVAXUSDT,2022-03-15,0.0008017967662258188,0.0015632775158364528,0.0014878831810193661
AVAXUSDT,2022-03-15,0.0000942533865392644,0.0017081854687399213,0.0005101350527467839
AVAXUSDT,2022-03-15,0.00026044242807747304,0.00014248058726094848,0.0008479935562971431
AVAXUSDT,2022-03-15,0.0001959657400120877,0.0,0.000735574661017713
AVAXUSDT,2022-03-15,0.00019601204862937783,0.000569719428598987,0.0007356615676201628
AVAXUSDT,2022-03-15,0.000011190837088437559,0.0001423994306429279,0.0001757793973296469
AVAXUSDT,2022-03-15,0.000495451586613115,0.0012810477874618832,0.0011695998290529356
AVAXUSDT,2022-03-15,0.00013165819773421653,-0.0008529997673875681,0.0006029213143911578
AVAXUSDT,2022-03-15,0.001297628274092353,0.007703319120513755,0.001892830974988939
AVAXUSDT,2022-03-15,0.000026083530441125696,-0.000429645549036708,0.0002683612901422987
AVAXUSDT,2022-03-15,0.00043666170664164334,0.0015744653649698652,0.001098017440382914
AVAXUSDT,2022-03-15,0.00012990120037364704,-0.0007152564499197826,0.000598884766768289
AVAXUSDT,2022-03-15,0.0004446082619345609,-0.0001430717507269635,0.0011079634877901319
AVAXUSDT,2022-03-15,0.0004185762427473731,-0.00014307175072700239,0.0010750383867943172
AVAXUSDT,2022-03-15,0.0004232886124505426,0.0022866952939784154,0.001081072890423592
AVAXUSDT,2022-03-15,0.000013167512776634367,0.001857541435735966,0.0001906727185297401
AVAXUSDT,2022-03-15,0.0006881407472734637,0.0038679225932021426,0.001378400181890285
AVAXUSDT,2022-03-15,0.00011812172701604264,-0.0018642007262992583,0.0005710860850593185
AVAXUSDT,2024-02-15,0.0009742857619311286,0.0036615799859650395,0.0016539383879338205
AVAXUSDT,2024-02-15,0.0011339972589364605,0.0002594125499471386,0.001784358655059191
AVAXUSDT,2024-02-15,0.0006465689528933995,0.002196012641805857,0.001347359760200528
AVAXUSDT,2024-02-15,0.0000953611517559864,-0.0003308832248760359,0.0005174422578167438
AVAXUSDT,2024-02-15,0.0011336991391091111,0.007111434119199869,0.001784124092031712
AVAXUSDT,2024-02-15,0.0005247255493480525,0.0003284688687970311,0.0012137863656815873
AVAXUSDT,2024-02-15,0.001036604779105757,0.0014789255838330787,0.0017060146361933368
AVAXUSDT,2024-02-15,0.00022244811527865268,0.0017366819666524529,0.0007902973298347077
AVAXUSDT,2024-02-15,0.000109260953338924,-0.0008209892207852546,0.0005538710197898627
AVAXUSDT,2024-02-15,0.00011014060005942478,-0.00011733921607387794,0.0005560961245509489
AVAXUSDT,2024-02-15,0.0005093453693374933,-0.00004693844024425002,0.0011958654821229418
AVAXUSDT,2024-02-15,0.002376343864179129,0.002999486712451055,0.0025830379783999126
AVAXUSDT,2024-02-15,0.0008069250735682397,0.0024129420302588397,0.0015051949570545045
AVAXUSDT,2024-02-15,0.0010203708711343767,0.0024423477454605285,0.0016926032694982265
AVAXUSDT,2024-02-15,0.0001439823565874499,-0.0010810049697911142,0.0006358150272557808
AVAXUSDT,2024-02-15,0.00046413125228913024,0.002940244629411206,0.0011415542510816025
AVAXUSDT,2024-02-15,0.0001249523565220423,0.0013908044154612193,0.0005923090589031335
AVAXUSDT,2024-02-15,0.0002195752039287488,0.002267199799767488,0.0007851774109654466
AVAXUSDT,2024-02-15,0.002202081930326927,0.009550127223844535,0.0024865253200635875
AVAXUSDT,2024-02-15,0.0008092750927070386,0.005261728983007021,0.0015073851636980423
AVAXUSDT,2024-02-15,3.249980787742731e-6,0.0004750255415546634,0.00009552488998413062
AVAXUSDT,2024-02-15,0.0002738459311098105,0.0025624005668847556,0.0008768580544305605
AVAXUSDT,2024-02-15,0.0004253272507747846,0.0010657320811187367,0.001092792621015851
AVAXUSDT,2024-02-15,0.0012244287418239719,0.0009463648469337869,0.0018541416391121216
AVAXUSDT,2024-02-15,0.00027979514275894534,0.0031166648608026795,0.0008863316030579304
AVAXUSDT,2024-02-15,0.00029871033168976294,0.0014370695682417738,0.0009158013331487565
AVAXUSDT,2024-02-15,0.0005013851129196336,-0.002116502448013222,0.0011864839473069092
AVAXUSDT,2024-02-15,0.000551999006519019,0.00035244775326949445,0.0012449310457814456
AVAXUSDT,2024-02-15,0.0003491204934858756,0.0031776321622032457,0.0009900652571641013
AVAXUSDT,2024-02-15,0.0002082624384143725,0.0023841289752009314,0.0007646833319596105
AVAXUSDT,2024-02-15,0.0006456757151762032,-0.0011823686583661067,0.0013464287469630108
AVAXUSDT,2024-02-15,0.0003511101065543249,0.0006622830082652901,0.000992882405219258
AVAXUSDT,2024-02-15,0.00022825885221359682,0.0015617608474925706,0.0008005527687909703
AVAXUSDT,2024-02-15,0.00009373399688854124,0.0013981873241714678,0.0005130086847768301
AVAXUSDT,2024-02-15,0.000051929241111092176,0.0015188915014279374,0.0003818406294779543
AVAXUSDT,2024-02-15,0.00011177810545447829,0.0000475025532712586,0.0005602147271732804
AVAXUSDT,2024-02-15,0.00036903635158695263,0.0007597702060718717,0.0010179131465013164
AVAXUSDT,2024-02-15,0.0004224612830494479,0.0007354947719956495,0.0010891046347250575
AVAXUSDT,2024-02-15,0.0005638552321525542,-0.0018482541634113152,0.0012582297706899954
AVAXUSDT,2024-02-15,0.00014420193623183657,0.001895735164899312,0.0006362996659738863
AVAXUSDT,2024-02-15,0.00002343153072454267,-0.001043099046738988,0.0002564935685219068
AVAXUSDT,2024-02-15,0.00016598734194684026,0.00040290566627487144,0.0006826744271098515
AVAXUSDT,2024-02-15,0.000447916905300381,-0.0008293348025844491,0.0011214369883080983
AVAXUSDT,2024-02-15,0.000013233300170156225,-0.0020113351393238428,0.0001927570322758159
AVAXUSDT,2024-02-15,0.00012611143253684145,0.0006616882744494973,0.000595049889463327
AVAXUSDT,2024-02-15,0.00022173229615657814,0.002365297474382176,0.0007890247504391731
AVAXUSDT,2024-02-15,0.0005814508611282854,0.0032626456348163694,0.0012777110725672746
AVAXUSDT,2024-02-15,0.0001620507478672971,0.0012502508027272066,0.0006745306202064952
AVAXUSDT,2024-02-15,0.00002662644184553678,0.0025966069873481538,0.00027342153468185693
AVAXUSDT,2024-02-15,0.0013617244095897587,0.004334907476379754,0.0019553331382513982
AVAXUSDT,2024-02-15,0.00045675463980431876,0.00042740116998711867,0.0011324463418378621
AVAXUSDT,2024-02-15,0.0003988992947342857,0.0006652095655351412,0.0010582975326261681
AVAXUSDT,2024-02-15,0.000010920610502933438,0.0009264208750954155,0.0001751054277851039
AVAXUSDT,2024-02-15,0.00003111312510863271,0.0010214869460863677,0.00029556157148804077
AVAXUSDT,2024-02-15,0.0016008635453591989,0.0007845654979671487,0.0021200851637651554
AVAXUSDT,2024-02-15,0.00012805357531288835,0.0018297831941276608,0.0005996143304415567
AVAXUSDT,2024-02-15,0.00010366667707606583,0.0009254975209429712,0.0005395053283810341
AVAXUSDT,2024-02-15,0.00019609321375798751,0.002945650172482477,0.0007420060245640001
AVAXUSDT,2024-02-15,0.00044037076984723244,0.0002379139714304791,0.001111950338970618
AVAXUSDT,2024-02-15,0.00038821553472716096,-0.0006184733421052589,0.0010440291012729776
AVAXUSDT,2024-02-15,0.00001294605680171072,0.00019022256096925942,0.00019065355312989678
AVAXUSDT,2024-02-15,0.0001720212834576925,0.00038033660247387943,0.0006949718938897067
AVAXUSDT,2024-02-15,0.00013439998825095579,0.00023769907409287863,0.0006142932804365634
AVAXUSDT,2024-02-15,0.000141703943993084,-0.00035655285085187794,0.0006307643191585803
AVAXUSDT,2024-02-15,0.0004831451215757018,0.0027368262778291624,0.0011647023419027627
AVAXUSDT,2024-02-15,0.000017421988431368656,-0.0009290249480111448,0.00022116938477457145
AVAXUSDT,2024-02-15,0.0002035081027235739,0.0012865415254652462,0.0007559046241292508
AVAXUSDT,2024-02-15,0.00016140578966554058,-0.00042901066034454035,0.0006731869738752718
AVAXUSDT,2024-02-15,0.0011699374081010263,0.0026963520159901918,0.0018124142290588886
AVAXUSDT,2024-02-15,0.001867215814312925,0.00474218310197626,0.002289672709503706
AVAXUSDT,2024-02-15,0.0012408760397609837,0.002716576382459786,0.0018665530975807937
AVAXUSDT,2024-02-15,0.00020466584893107928,-0.001923956246299607,0.0007580517243288349
AVAXUSDT,2024-02-15,0.00019738807824295728,0.0006724949816323437,0.0007444518418744638
AVAXUSDT,2024-02-15,0.00014935665709311057,0.0010078952642242893,0.0006475725657341934
AVAXUSDT,2024-02-15,0.00024425748082569567,-0.0008631231205481029,0.0008281329907224452
AVAXUSDT,2024-02-15,0.00003956873723988381,-0.0000958680855876633,0.00033331299405596715
AVAXUSDT,2024-02-15,0.0008131615984880812,0.0024237781990951355,0.0015110004017662702
AVAXUSDT,2024-02-15,0.0007022587791845048,-0.0006485006652233548,0.001404186320812606
AVAXUSDT,2024-02-15,0.0002943889589516246,-0.0010799785054016382,0.0009091528578581953
AVAXUSDT,2024-02-15,0.0003103483757241261,0.001557950053266874,0.0009334711233717543
AVAXUSDT,2024-02-15,0.0003366306487958802,0.0026071268220677047,0.0009721940894583702
AVAXUSDT,2024-02-15,0.00009527134232998851,0.0002628026725433599,0.0005171985414925638
AVAXUSDT,2024-02-15,0.0003774383187261027,0.00007168030586666773,0.0010294355072991204
AVAXUSDT,2024-02-15,0.00045104672410190797,0.0022724292468968717,0.0011253481875859212
AVAXUSDT,2024-02-15,0.0004009110468473157,0.0032037516046220034,0.0010609628102517077
AVAXUSDT,2024-02-15,0.0007876533631355628,0.002431815045456962,0.0014871121270514406
AVAXUSDT,2024-02-15,0.0006264099164775771,0.00190308595154039,0.00132618912254861
AVAXUSDT,2024-02-15,0.0003622868372762781,-0.001638507662682858,0.0010085615959457258
AVAXUSDT,2024-02-15,0.00011747205069077814,0.00040327842176745936,0.0005743060937853245
AVAXUSDT,2024-02-15,0.0006502237942606447,-0.000877203437038917,0.0013511624843972126
AVAXUSDT,2024-02-15,0.00042383773678742,0.0013041675925206358,0.00109087743983845
AVAXUSDT,2024-02-15,0.00037403782505626574,0.0003322416851484854,0.001024787715826529
AVAXUSDT,2024-02-15,0.0012923746563164714,0.0033999485907458627,0.0019048920345779647
AVAXUSDT,2024-02-15,0.00020344352468502488,0.0027110599244595255,0.0007557846812118694
AVAXUSDT,2024-02-15,0.0010534445615934412,0.004786058512775184,0.0017198160279603737
AVAXUSDT,2024-02-15,0.003612764392092289,0.01513030118638793,0.003184901235099214
AVAXUSDT,2024-02-15,0.0006847797571657285,0.00907396310149086,0.0013866013100396137
AVAXUSDT,2024-02-15,0.00016163847931249562,0.0027524571867598878,0.0006736720470073685
AVAXUSDT,2024-02-15,0.00017048170114390161,-0.0003534276629275559,0.0006918549213104534
AVAXUSDT,2024-02-15,0.0004941397386006867,0.003693122530269747,0.0011778799790086844
AVAXUSDT,2024-02-15,0.0002304001248940842,-0.004100527097622838,0.0008042989550084675
AVAXUSDT,2024-02-15,0.00022590995151097003,-0.0017288512121046511,0.000796423067765501
AVAXUSDT,2024-02-15,0.0010087886024467277,0.006815892598967912,0.0016829694508697789
AVAXUSDT,2024-02-15,0.00010321028188700108,-0.0010570204754206285,0.0005383164254116138
AVAXUSDT,2024-02-15,0.00004386068778360781,-0.0011745637846399203,0.0003509246441230567
AVAXUSDT,2024-02-15,0.0004424129061429318,0.00039968495953336154,0.0011145255867384862
AVAXUSDT,2024-02-15,0.0003915873817848099,0.00023518344416960138,0.0010485532576342282
AVAXUSDT,2024-02-15,0.00006225993977826407,-0.0017625705184679276,0.0004181003176381779
AVAXUSDT,2024-02-15,0.00036872035175990924,0.0016214504956545094,0.0010174772419291912
AVAXUSDT,2024-02-15,0.0004233795324612736,0.00023521110304851962,0.0010902876151420054
AVAXUSDT,2024-02-15,0.00017663696634996945,0.002584284299772413,0.000704233934001924
AVAXUSDT,2024-02-15,0.00015637847066748747,-0.002273287518563437,0.0006626201372949372
AVAXUSDT,2024-02-15,0.00008575421776786,-0.0036217954606820603,0.0004906862566305089
AVAXUSDT,2024-02-15,0.00016321579553237094,0.001026789971664393,0.0006769510129631842
AVAXUSDT,2024-02-15,0.0017269103582490033,0.005448843379966139,0.002201968219415849
AVAXUSDT,2024-02-15,0.001459312106462641,0.0023195408432820333,0.0020241851855567284
AVAXUSDT,2024-02-15,0.0010169592713267796,0.0033417682116671375,0.0016897712992944367
AVAXUSDT,2024-02-15,0.00037691557796989603,0.000023245812849008,0.001028722391644546
AVAXUSDT,2024-02-15,0.0005217887256954162,0.0012545012680214743,0.001210384893919664
AVAXUSDT,2024-02-15,0.0005534458701412938,0.0029298939689549803,0.0012465615438791437
AVAXUSDT,2024-02-15,0.0012258053636602377,0.0037654322434380588,0.001855183649461581
AVAXUSDT,2024-02-15,0.00156491527588201,0.0021549984588554246,0.002096146171983497
AVAXUSDT,2024-02-15,0.0001579209106522713,0.0015959111064950456,0.0006658799974591963
AVAXUSDT,2024-02-15,0.0017344820546288293,0.003161018310257968,0.002206790241369524
AVAXUSDT,2024-02-15,0.0005404058547151081,0.005150305274655599,0.0012317885763220287
AVAXUSDT,2024-02-15,6.7636562037584195e-6,0.00092579740908681,0.00013780561433706498
AVAXUSDT,2024-02-15,0.000022962281841198923,-0.0009711881630954002,0.00025391225996276655
AVAXUSDT,2024-02-15,0.0013575026708739317,0.0036677818767310503,0.0019522997367647436
AVAXUSDT,2024-02-15,0.00004121377876438111,-0.0005988575819291279,0.0003401710629613203
AVAXUSDT,2024-02-15,0.00031326346143801116,0.0021450079148040047,0.0009378448989142593
AVAXUSDT,2024-02-15,0.00025559130855696936,0.00009236168843742608,0.000847128299279545
AVAXUSDT,2024-02-15,0.00017334547859840178,0.0016871010137637925,0.0006976416627915428
AVAXUSDT,2024-02-15,0.00004939900395806285,0.00041625234742961154,0.00037242192919665403
AVAXUSDT,2024-02-15,0.00026117061741433105,0.0018513381201909092,0.0008563243769231798
AVAXUSDT,2024-02-15,0.00040173396122586576,0.0021564975719985955,0.0010620511239731328
AVAXUSDT,2024-02-15,0.0001305120744386613,-0.001345426911994476,0.0006053429595235892
AVAXUSDT,2024-02-15,9.964435785975951e-6,-0.0019259110520538061,0.0001672640105242349
AVAXUSDT,2024-02-15,0.0001965315258979343,-0.0012766206109147112,0.0007428348362921506
AVAXUSDT,2024-02-15,0.00019807473647192561,0.000788369275882585,0.0007457455881652647
AVAXUSDT,2024-02-15,0.0032005274830427454,0.006534223158018002,0.002997691453832444
AVAXUSDT,2024-02-15,0.00012903988789026309,0.0005134069329360244,0.00060191911854985
AVAXUSDT,2024-02-15,0.00009817065343369939,-0.0006300535753944785,0.0005250092923337492
AVAXUSDT,2024-02-15,0.0007621929958525964,-0.00041981528744219107,0.0014628797429666262
AVAXUSDT,2024-02-15,0.0003917728191678426,0.0004895732650909668,0.0010488015010238672
AVAXUSDT,2024-02-15,0.0009322689127085503,0.0032341780462458373,0.0016178816550630384
AVAXUSDT,2024-02-15,0.0019188870528369759,0.00956989774476824,0.0023211374337680293
AVAXUSDT,2024-02-15,0.000428115440584669,0.0016664519001290381,0.0010963686158668026
AVAXUSDT,2024-02-15,0.0016740294611028081,0.0034590304504945888,0.0021679921121913292
AVAXUSDT,2024-02-15,0.0004981154796105852,0.003646848345043355,0.001182608969196313
AVAXUSDT,2024-02-15,0.0002987897023781566,0.0007981783178412941,0.0009159229944150141
AVAXUSDT,2024-02-15,0.00024468251819345947,-0.00025818869042257454,0.0008288532030027549
AVAXUSDT,2024-02-15,0.0010754754590551528,0.0029387929789599756,0.0017377064045033797
AVAXUSDT,2024-02-15,0.00046041521315694483,0.0016468267025884092,0.0011369751741930442
AVAXUSDT,2024-02-15,0.00025120039305542987,0.00047024524155429067,0.0008398201811460978
AVAXUSDT,2024-02-15,0.0011939608695051944,0.0013178332965718402,0.0018309277042711882
AVAXUSDT,2024-02-15,0.00018507048437380746,0.0011297042788704385,0.0007208497134718468
AVAXUSDT,2024-02-15,0.0002082164743492555,-0.00016466520073440643,0.0007645989434970122
AVAXUSDT,2024-02-15,0.0003642521093789332,0.00037645287725175566,0.0010112934329788877
AVAXUSDT,2024-02-15,0.00002726372910634671,0.0008233454163705133,0.00027667427355739855
AVAXUSDT,2024-02-15,0.0005765689987487998,-0.002707827270585707,0.0012723359342421698
AVAXUSDT,2024-02-15,0.000016582087803458106,-0.00009431960204135244,0.00021577233163335574
AVAXUSDT,2024-02-15,0.00026182600603199397,-0.0011077199779852068,0.0008573981454960679
AVAXUSDT,2024-02-15,0.0002570834988023167,0.0010840875873187046,0.0008495975478987808
AVAXUSDT,2024-02-15,0.00025497726379785637,-0.0017669305952853355,0.0008461100966372303
AVAXUSDT,2024-02-15,0.00035661986099790846,0.0003530117824922298,0.0010006424261548373
AVAXUSDT,2024-02-15,0.00035150626263802533,-0.00011766782386926397,0.0009934423798689102
AVAXUSDT,2024-02-15,0.0005228386276936523,0.0031251126859139426,0.001211602002353594
AVAXUSDT,2024-02-15,0.00010242111032831479,0.000563221642599225,0.0005362544253767928
AVAXUSDT,2024-02-15,0.00003926889981412789,0.003126876026887574,0.0003320477305616045
AVAXUSDT,2024-02-15,0.0001726810592743868,0.002163993882062253,0.0006963033768896128
AVAXUSDT,2024-02-15,0.0006127761262835543,0.0029560138826788063,0.0013116774966813697
AVAXUSDT,2024-02-15,0.0001486652005732443,0.003214720072851289,0.0006460718367821073
AVAXUSDT,2024-02-15,0.0004983906498599969,0.0035423179378533767,0.0011829355740586014
AVAXUSDT,2024-02-15,0.0015834707927162158,0.003716390267347889,0.002108536765266474
AVAXUSDT,2024-02-15,0.0010961606631022982,0.0075307161401557635,0.001754337940416098
AVAXUSDT,2024-02-15,0.0007520486965567124,0.005969612283188171,0.0014531121390078594
AVAXUSDT,2024-02-15,0.0004932185449722119,-0.0011872477038542852,0.0011767815430612342
AVAXUSDT,2024-02-15,0.00028471502198223743,0.004155886319991491,0.0008940902114782126
AVAXUSDT,2024-02-15,0.000967962489970046,0.0016697204779061953,0.0016485624874788478
AVAXUSDT,2024-02-15,0.0000793937178599135,0.0012775101905847174,0.00047213828609495115
AVAXUSDT,2024-02-15,0.0009553469343858035,0.005032863971638159,0.0016377843110377379
AVAXUSDT,2024-02-15,0.00018518431021938896,-0.0038700099590025985,0.0007210713552860621
AVAXUSDT,2024-02-15,0.0010217721634756662,0.003379523324652484,0.0016937651108958154
AVAXUSDT,2024-02-15,0.0009180292546555818,0.005360687954797479,0.001605478188852712
AVAXUSDT,2024-02-15,0.0008374751509456501,0.001127316402061342,0.0015334234986968337
AVAXUSDT,2024-02-15,0.0014639425487179716,0.003884963034690147,0.002027394043087458
AVAXUSDT,2024-02-15,0.004101263664014824,0.01122154522276881,0.0033933995234526437
AVAXUSDT,2024-02-15,0.000749032254229091,0.005211505637835967,0.0014501950187029182
AVAXUSDT,2024-02-15,0.0007958914560747792,0.0037802734001888185,0.001494868775849125
AVAXUSDT,2024-02-15,0.0024872712358196213,0.006883721431569357,0.002642638288583343
AVAXUSDT,2024-02-15,0.0001980008830691118,0.004737530993184617,0.0007456065472529772
AVAXUSDT,2024-02-15,0.00047427826945148566,-0.00040575213874870735,0.0011539653343988856
AVAXUSDT,2024-02-15,0.0008977952697015274,0.0004771220091465536,0.0015876866965670348
AVAXUSDT,2024-02-15,0.0010430920933650668,0.008262629484015844,0.0017113446286819796
AVAXUSDT,2024-02-15,0.0013547534066372438,0.00588492364551221,0.0019503218002664008
AVAXUSDT,2024-02-15,0.0008269246229831604,0.011426496389976884,0.0015237338350528634
AVAXUSDT,2024-02-15,0.0007938024686209873,-0.0022460106928163187,0.0014929056853567669
AVAXUSDT,2024-02-15,0.0005623432945185471,0.003240644292422469,0.001256541711583123
AVAXUSDT,2024-02-15,0.00021824538165604972,0.00014274498632482147,0.0007827961490502642
AVAXUSDT,2024-02-15,0.0003460783787208266,0.004580686092335138,0.0009857422768729176
AVAXUSDT,2024-02-15,0.00040769310398904485,0.0019435430734506892,0.00106989912448955
AVAXUSDT,2024-02-15,0.00023392784567149072,-0.0003084771929307542,0.0008104329874025442
AVAXUSDT,2024-02-15,0.0007428493643153134,0.002804517583892884,0.0014441972955366678
AVAXUSDT,2024-02-15,0.0009309209441418306,0.002263387707581905,0.0016167115835949205
AVAXUSDT,2024-02-15,0.00021220619747564193,0.0012633638141520001,0.0007718895848524009
AVAXUSDT,2024-02-15,0.00015727671971104356,0.0006434163244596178,0.0006645204808437081
AVAXUSDT,2024-02-15,0.00006274693551413857,-0.0011436196805362775,0.00041973231775012837
AVAXUSDT,2024-02-15,0.0003970554794740098,0.001736793080191601,0.0010558488378660637
AVAXUSDT,2024-02-15,0.0004955257073678177,0.0018796774393602135,0.0011795306879280334
AVAXUSDT,2024-02-15,0.00013632852837993037,0.001427857742411954,0.0006186849088328173
AVAXUSDT,2024-02-15,0.00011699296389640464,-0.0029918814168496018,0.0005731337997543878
AVAXUSDT,2024-02-15,0.0005167701111931654,0.0032772899096896618,0.0012045500303785855
AVAXUSDT,2024-02-15,0.000294330256031657,-0.000047572607701534756,0.0009090622080789383
AVAXUSDT,2024-02-15,0.0003946952745772172,0.0024771354130238414,0.0010527060353064336
AVAXUSDT,2024-02-15,8.785447612902723e-6,-0.0010020519042414954,0.00015705728876023236
AVAXUSDT,2024-02-15,0.0009046692583021698,0.0007635409581163086,0.0015937531851602444
AVAXUSDT,2024-02-15,0.00037429806451565076,0.0021965961605407563,0.0010251441554851965
AVAXUSDT,2024-02-15,0.0004234824668688955,0.003912125406467543,0.0010904201455085502
AVAXUSDT,2024-02-15,6.007388637807315e-6,-0.0020929465852428794,0.00012987304220327993
AVAXUSDT,2024-02-15,0.00007211234720536337,0.0017835278142531853,0.00044996731175290725
AVAXUSDT,2024-02-15,0.000012364468327996128,0.0010704983596962004,0.0001863218864218969
AVAXUSDT,2024-02-15,0.00005767300169420802,0.0,0.00040240412796184374
AVAXUSDT,2024-02-15,0.0003190221544754932,0.0015442550851659162,0.0009464258007400141
AVAXUSDT,2024-02-15,0.00007869453048287699,0.002900413321114262,0.000470054726154984
AVAXUSDT,2024-02-15,0.0005817306349408688,0.0022404967065180552,0.0012780184305332379
AVAXUSDT,2024-02-15,0.00024345296072775794,-0.0018833070707447606,0.0008267680393792826
AVAXUSDT,2024-02-15,0.00027507696650902485,0.0016686137694354591,0.0008788267397034475
AVAXUSDT,2024-02-15,0.0004818165425646402,0.001886319968119698,0.0011630998582365295
AVAXUSDT,2024-02-15,0.0003521350284803827,0.000980380513956524,0.000994330505649798
AVAXUSDT,2024-02-15,0.0006603798804091617,0.003474930103837921,0.0013616737521008342
AVAXUSDT,2024-02-15,0.00036382914411389847,0.002283133449505242,0.0010107061114119286
AVAXUSDT,2024-02-15,0.0003840799139322286,-0.00043299416134378894,0.0010384532435829528
AVAXUSDT,2024-02-15,0.0004295477512219927,0.0016340658223427172,0.0010982010996258768
AVAXUSDT,2024-02-15,0.0003883859447884736,0.001081042229888392,0.0010442582182550008
AVAXUSDT,2024-02-15,0.00007668518833350312,0.001154401282601464,0.0004640148649406675
AVAXUSDT,2024-02-15,0.0015355526032427343,0.0005774088937039854,0.0020763879443033485
AVAXUSDT,2024-02-15,0.00009770687689876809,-0.0002645343609488188,0.0005237677031587658
AVAXUSDT,2024-02-15,0.0005762340304440024,0.004916961396299137,0.0012719662871305676
AVAXUSDT,2024-02-15,0.0005416466181789425,0.0014126494310279986,0.0012332018493105448
AVAXUSDT,2024-02-15,0.000012157614223743628,-0.0005512613238050764,0.00018475675618499467
AVAXUSDT,2024-02-15,0.0004065109369274473,0.00430612373245711,0.001068346832223246
AVAXUSDT,2024-02-15,0.00042026431158186507,0.002174719159379205,0.0010862690485838598
AVAXUSDT,2024-02-15,0.0001477239816114065,-0.0005264669404646886,0.0006440234064751739
AVAXUSDT,2024-02-15,0.001671897029393965,0.004846923780108201,0.002166610843691673
AVAXUSDT,2024-02-15,0.000028151780741531757,0.0005530774088637055,0.00028114417189719075
AVAXUSDT,2024-02-15,0.00033347764740888,0.0006969227538967685,0.0009676304217188854
AVAXUSDT,2024-02-15,0.00007341498415599188,-0.00028831599632703865,0.00045401322542323766
AVAXUSDT,2024-02-15,0.0005621542138962581,0.003693669802788317,0.001256330445915091
AVAXUSDT,2024-02-15,0.0001356661911446818,0.0013895546078701664,0.0006171801724982124
AVAXUSDT,2024-02-15,0.00046003963330299563,0.003049258656252517,0.0011365113405938162
AVAXUSDT,2024-02-15,0.00020972070276250622,-0.0004088356657838699,0.0007673558379529038
AVAXUSDT,2024-02-15,0.00019290221882793446,0.0008181928022320593,0.0007359439863768999
AVAXUSDT,2024-02-15,0.00008755641621790122,0.0015876455669433284,0.0004958155439655801
AVAXUSDT,2024-02-15,0.00023539309858135917,0.0033113407581815604,0.0008129671781755323
AVAXUSDT,2024-02-15,0.00017109804435592131,-0.0008387955388565795,0.0006931044259996019
AVAXUSDT,2024-02-15,9.888773246080678e-6,0.0005516447547761369,0.00016662776095939722
AVAXUSDT,2024-02-15,0.00016038698918031618,-0.0007434677113890291,0.0006710590176401476
AVAXUSDT,2024-02-15,0.00021732856357622963,0.004710414861908105,0.0007811502105108402
AVAXUSDT,2024-02-15,0.00035831543353522465,0.0001204572558884827,0.0010030184153528938
AVAXUSDT,2024-02-15,0.00011950550912010811,-0.0019292920661372471,0.0005792554286166579
AVAXUSDT,2024-02-15,0.0010459497543717521,0.001957018708899042,0.0017136872300469678
AVAXUSDT,2024-02-15,0.00035670114567677485,0.0008944003883756919,0.001000756458311898
AVAXUSDT,2024-02-15,0.0002782624275101025,-0.001208897632720147,0.0008839006110153054
AVAXUSDT,2024-02-15,0.0036939019666439566,0.00730842990320854,0.003220466842395371
AVAXUSDT,2024-02-15,0.00030778111200931754,0.00503130428794341,0.0009296021758449358
AVAXUSDT,2024-02-15,0.00010405706955193409,0.0014315699971171108,0.0005405202200990691
AVAXUSDT,2024-02-15,0.0002570355158933357,0.0022314940859772202,0.000849518258359854
AVAXUSDT,2024-02-15,0.00012864362196015288,0.0007508326117190666,0.0006009941974206609
AVAXUSDT,2024-02-15,0.0005324188773259099,0.0016450555287202,0.0012226520264957802
AVAXUSDT,2024-02-15,0.0005675906175675698,-0.0006282773326065341,0.001262390603592954
AVAXUSDT,2024-02-15,0.0002427537650290236,0.0032318777829384135,0.000825579948859046
AVAXUSDT,2024-02-15,0.0001368377430486837,0.0010118288463536152,0.0006198392886058653
AVAXUSDT,2024-02-15,0.0002913056617689612,0.0021233479650399323,0.0009043792974321434
AVAXUSDT,2024-02-15,0.0014262976498478574,0.004794198044585517,0.0020011573238478924
AVAXUSDT,2024-02-15,0.000025223117345667402,0.0012370385423230183,0.0002661187835221942
AVAXUSDT,2024-02-15,0.00012132881638855382,0.0027595573175179405,0.0005836575795969977
AVAXUSDT,2024-02-15,1.5280384547312632e-6,-0.0012562208735177863,0.0000655003003268379
AVAXUSDT,2024-02-15,0.00024938785739249647,0.0013752339461614684,0.000836784835886201
AVAXUSDT,2024-02-15,0.0000819775950120252,0.0018308405297194875,0.0004797596687398562
AVAXUSDT,2024-02-15,0.000043075029645693645,0.0002887739160964957,0.00034776745878376957
AVAXUSDT,2024-02-15,0.00016626807109032055,0.0005291641735023666,0.0006832514760641282
AVAXUSDT,2024-02-15,0.0004223808222186545,0.0007691753377805132,0.0010890009158280838
AVAXUSDT,2024-02-15,0.00037138623092122986,0.0006725595949137095,0.0010211488404166527
AVAXUSDT,2024-02-15,0.00007897837693431835,0.0005284015974992102,0.00047090169270498964
AVAXUSDT,2024-02-15,0.00046131476537836165,0.0005043772848937017,0.0011380853345813865
AVAXUSDT,2024-02-15,0.000343236152799049,0.0016581958307265593,0.0009816861460540452
AVAXUSDT,2024-02-15,0.00026750833417829416,-0.0005530242149144261,0.0008666521281885303
AVAXUSDT,2024-02-15,0.0000506709854386768,0.0006251803608453902,0.00037718622572944333
BTCUSDT,2021-06-15,0.00041469751242843156,0.005016625069916746,0.0007260265445189965
BTCUSDT,2021-06-15,0.00026836926659749236,-0.0002271133934807729,0.0005840542303849505
BTCUSDT,2021-06-15,0.000398554966198979,0.0028438550489128765,0.0007117556065149515
BTCUSDT,2021-06-15,0.0012882636393631915,0.006399563201217817,0.0012796439828305255
BTCUSDT,2021-06-15,0.0001427383694206759,0.0024807524872265405,0.0004259485556139311
BTCUSDT,2021-06-15,0.00030155621416749507,0.001571871320244501,0.0006191144286075218
BTCUSDT,2021-06-15,0.00046309571871851717,0.002795844763910552,0.0007672239778426685
BTCUSDT,2021-06-15,0.00012249420399360514,-0.0013826023128873676,0.00039458861838295224
BTCUSDT,2021-06-15,0.0003788059874127657,0.0009565363610814367,0.0006938973064934747
BTCUSDT,2021-06-15,0.0009423261470679739,0.004675464547006366,0.0010944285281985636
BTCUSDT,2021-06-15,0.00011429785990516086,-0.0009089703657146572,0.00038115869703265586
BTCUSDT,2021-06-15,0.0002871082701433554,0.00029366621663022384,0.0006041011125043769
BTCUSDT,2021-06-15,0.00007800743812498986,0.0006903142740741705,0.00031488704393680094
BTCUSDT,2021-06-15,0.0008582250686753363,0.0025350720912428225,0.0010444493460379427
BTCUSDT,2021-06-15,0.00029731340897731686,0.0008679336389141703,0.0006147436233136326
BTCUSDT,2021-06-15,0.00011216104578197847,0.0013441720572111894,0.0003775789802876521
BTCUSDT,2021-06-15,0.0003061394258103619,0.0006958387927210362,0.0006238015017053413
BTCUSDT,2021-06-15,0.00040990768236936635,0.0010540426718498547,0.0007218214991095431
BTCUSDT,2021-06-15,0.0008131277585035411,0.004066771945008628,0.0010166376233679416
BTCUSDT,2021-06-15,0.000014264114845041125,-0.0018312099082698145,0.00013465088050373177
BTCUSDT,2021-06-15,0.00009482935970341386,0.001483171294529224,0.0003471827935786364
BTCUSDT,2021-06-15,0.0001031022639490794,-0.00042352445600800815,0.0003620102648110069
BTCUSDT,2021-06-15,0.00004428516303975124,0.000387828673435838,0.0002372552920195107
BTCUSDT,2021-06-15,0.0013922499082323037,0.0035375730787291977,0.0013302871108765804
BTCUSDT,2021-06-15,0.0006320606345749611,0.001955001566138551,0.0008963263330359843
BTCUSDT,2021-06-15,0.00023708253567573064,0.000568115442938115,0.0005489547736636455
BTCUSDT,2021-06-15,0.00152626084945548,0.004152199880916673,0.0013928397942724424
BTCUSDT,2021-06-15,0.00015398251028183387,0.001052015938443934,0.00044240750115669163
BTCUSDT,2021-06-15,0.0007200213444286465,0.001637747328944344,0.0009566640843393944
BTCUSDT,2021-06-15,0.00002921499787052867,0.0009105470670165044,0.0001927035493003601
BTCUSDT,2021-06-15,0.0009759751312439709,0.00209666680104842,0.0011137972981774525
BTCUSDT,2021-06-15,0.00019210878444355061,0.0003309839796201587,0.0004941518166315644
BTCUSDT,2021-06-15,0.0004340103840094128,0.0029627188063183407,0.0007427400532987802
BTCUSDT,2021-06-15,0.00008081348584451078,0.0011813609444658742,0.0003205004948290884
BTCUSDT,2021-06-15,0.0002819603493739496,0.0018895508407648844,0.0005986607759853863
BTCUSDT,2021-06-15,0.0004383786266860092,0.0037541649093796314,0.0007464684731524746
BTCUSDT,2021-06-15,0.0008440914114265118,0.0060136164217778594,0.001035813399759302
BTCUSDT,2021-06-15,0.00038353990852110385,0.0033339805847324502,0.000698219645861857
BTCUSDT,2021-06-15,0.00017408121338848213,-0.0009127562212193688,0.0004703950433569844
BTCUSDT,2021-06-15,0.00041305555786721706,0.0039354362775672076,0.0007245878031399619
BTCUSDT,2021-06-15,0.00005405148374522478,0.00007289804963869427,0.00026211422708958615
BTCUSDT,2021-06-15,0.0000662986946312016,0.002222108235061649,0.00029029481109006726
BTCUSDT,2021-06-15,0.0005548676531480842,0.003308849274506987,0.0008398108632918134
BTCUSDT,2021-06-15,0.0001954242232313266,0.0023245956081905817,0.0004983976449024905
BTCUSDT,2021-06-15,0.00016747743836660717,0.0001568796686671021,0.00046138655946483214
BTCUSDT,2021-06-15,0.00018348471785617257,0.0012946336592061741,0.0004829328339192743
BTCUSDT,2021-06-15,0.00028094540762516745,-0.0002293755433934827,0.0005975823378546739
BTCUSDT,2021-06-15,0.0002509297708047849,0.0016687206890499237,0.0005647586341487181
BTCUSDT,2021-06-15,0.00005915310647780723,-0.001469462166473448,0.0002742051218835034
BTCUSDT,2021-06-15,0.0002571561827906121,0.002929927409263487,0.0005717224807921212
BTCUSDT,2021-06-15,0.00009568895155114182,0.0010055070757423595,0.00034875278333191325
BTCUSDT,2021-06-15,0.000030515230747849774,0.0018690620956977615,0.00019694506980035952
BTCUSDT,2021-06-15,0.00017615434045594957,0.00274659809842418,0.00047318771255523765
BTCUSDT,2021-06-15,0.00027200016329512406,0.0005189010307785935,0.0005879919314629193
BTCUSDT,2021-06-15,0.00020005738639264549,0.0006540284124037529,0.0005042711004411509
BTCUSDT,2021-06-15,0.00007642659776294617,-0.0015499374399095655,0.00031168008070896593
BTCUSDT,2021-06-15,0.00020046184998051428,0.0006733306730248532,0.0005047805950372715
BTCUSDT,2021-06-15,0.0000257879234607115,0.00007086858091356607,0.00018104851647883402
BTCUSDT,2021-06-15,0.0006236700655035248,0.001083468914059022,0.0008903571159822536
BTCUSDT,2021-06-15,0.00004044985661221204,0.00129091355602145,0.00022674894625573791
BTCUSDT,2021-06-15,0.00031551108198290645,0.00121839298924277,0.000633277551313515
BTCUSDT,2021-06-15,0.00034213362971711537,0.00012784032093723623,0.0006594542426941685
BTCUSDT,2021-06-15,0.00015275486339417642,0.0013851065428310124,0.0004406403944475404
BTCUSDT,2021-06-15,0.0006995122096841515,0.0035123177942172927,0.0009429408137645056
BTCUSDT,2021-06-15,0.00035201717455332523,0.0007089140647962808,0.000668911574231864
BTCUSDT,2021-06-15,0.00032780681769601245,0.0015380597059434207,0.0006454992992521281
BTCUSDT,2021-06-15,0.00018890885121632096,0.0020191104002504176,0.0004900190204013219
BTCUSDT,2021-06-15,0.00043043406077126215,0.003469826689855161,0.0007396735676508537
BTCUSDT,2021-06-15,0.000200773947345957,0.0005962348517775467,0.0005051733865412285
BTCUSDT,2021-06-15,0.00022452953271544934,0.0020001054909443944,0.0005342241546614813
BTCUSDT,2021-06-15,0.0003039474000533039,0.0029066846729839013,0.0006215642115238617
BTCUSDT,2021-06-15,0.000292091045344584,0.0004428930860061812,0.0006093206627019926
BTCUSDT,2021-06-15,0.00016177623509708108,0.0013543477394364724,0.00045346539052343505
BTCUSDT,2021-06-15,0.00036350722169965706,0.0014957303445022286,0.0006797407492891308
BTCUSDT,2021-06-15,0.0001250161113198609,-0.000048228093665166436,0.00039862981419425825
BTCUSDT,2021-06-15,0.000026701793930711386,0.0009086813055001927,0.0001842285798230353
BTCUSDT,2021-06-15,0.000050379809352924375,0.00023049965039171182,0.00025305507071416886
BTCUSDT,2021-06-15,0.00026472946623028366,0.0009463164494683596,0.0005800800455984407
BTCUSDT,2021-06-15,0.00016528164181876435,0.00229028482105396,0.00045835196060227005
BTCUSDT,2021-06-15,0.000412448099114393,0.0018470363872669054,0.0007240548008078901
BTCUSDT,2021-06-15,0.00045429728850641975,0.0015627369753250606,0.0007599007210872874
BTCUSDT,2021-06-15,0.000162987430174269,0.0012362927877315215,0.000455159739721393
BTCUSDT,2021-06-15,0.000205618209825684,0.0012808164800353846,0.0005112314596237991
BTCUSDT,2021-06-15,0.00024552805136558893,-0.0006794805949238039,0.0005586468352181187
BTCUSDT,2021-06-15,0.0012037847169730621,0.003061181321203662,0.0012369757819758217
BTCUSDT,2021-06-15,0.00013511546584916905,-0.00020051828438973757,0.0004144186729803647
BTCUSDT,2021-06-15,0.0004882811159618846,0.001225649580857092,0.0007878104703967399
BTCUSDT,2021-06-15,0.0000646624112065677,-0.0005120809408782604,0.00028669012354534445
BTCUSDT,2021-06-15,0.0005032709169939801,0.0021610002708907484,0.000799811605027659
BTCUSDT,2021-06-15,0.00011134701525934774,0.0002863896505985791,0.00037620630883942384
BTCUSDT,2021-06-15,0.000051477993485789657,0.00034773045378756626,0.00025579826210851415
BTCUSDT,2021-06-15,0.00019579284993526263,0.002387118704621991,0.0004988674846212282
BTCUSDT,2021-06-15,0.00016670445945075608,0.0005134171081666448,0.00046032058140903285
BTCUSDT,2021-06-15,0.00034203330634118175,0.0024234098425185207,0.0006593575501729289
BTCUSDT,2021-06-15,0.00008901668267665429,0.0005278188715743143,0.00033637405223737156
BTCUSDT,2021-06-15,0.00019358111413861595,0.002049881310955222,0.0004960418023243794
BTCUSDT,2021-06-15,0.00027356040319084096,0.00294453281809232,0.0005896759316031742
BTCUSDT,2021-06-15,0.0004741788390525331,0.0014254483018644316,0.0007763505567288642
BTCUSDT,2021-06-15,0.00012476382465624966,0.0008633718943744447,0.00039822738696338003
BTCUSDT,2021-06-15,0.00006381943156123872,0.0020567264514098414,0.00028481525711449924
BTCUSDT,2021-06-15,0.00006255835261967999,-0.001326908766868301,0.00028198722655902174
BTCUSDT,2021-06-15,0.000377986622429161,-0.00032736348223875555,0.0006931464433127375
BTCUSDT,2021-06-15,0.000524405016644332,0.003927480519157765,0.0008164323469714009
BTCUSDT,2021-06-15,0.0009675404896568637,0.0020636599430587568,0.0011089739854173977
BTCUSDT,2021-06-15,0.001403565672845603,0.0024542484180038555,0.001335682245923995
BTCUSDT,2021-06-15,0.0029275782612058158,0.005553772673894656,0.0019290391469269786
BTCUSDT,2021-06-15,0.00021506941205191854,0.0017053865366777944,0.0005228487910800513
BTCUSDT,2021-06-15,0.00025711918641161394,0.00038347094948769817,0.000571681353213222
BTCUSDT,2021-06-15,0.0007967165748005265,0.0010720361198620478,0.001006326039139112
BTCUSDT,2021-06-15,0.0015750386411296862,0.004088442599016738,0.0014149216464131563
BTCUSDT,2021-06-15,0.0005960439207431173,0.002528506323463716,0.0008704140960805024
BTCUSDT,2021-06-15,0.001046361075067123,0.002048440514828877,0.001153260910483474
BTCUSDT,2021-06-15,0.0002994701854179954,0.002421142957406874,0.0006169693364469444
BTCUSDT,2021-06-15,0.002572343977171414,0.0060032689044024,0.00180822015426306
BTCUSDT,2021-06-15,0.0010622614497774305,0.002898210720908935,0.0011619902786732283
BTCUSDT,2021-06-15,0.0000927766166225857,0.0025608317359610807,0.0003434045535183326
BTCUSDT,2021-06-15,0.00016912860350316438,-0.0011664486982518158,0.0004636553930866304
BTCUSDT,2021-06-15,0.000869170392192466,0.0023249712725286406,0.0010510884073863735
BTCUSDT,2021-06-15,0.00007402801676024276,0.00036693417897943064,0.0003067501908288172
BTCUSDT,2021-06-15,0.0004163203534280329,0.0029478994184296736,0.0007274457418454498
BTCUSDT,2021-06-15,0.00039725978790860854,0.0014622430103171395,0.0007105981744940264
BTCUSDT,2021-06-15,0.00023566277117857907,0.0007156699649722182,0.000547308602556215
BTCUSDT,2021-06-15,0.000013303525562240778,0.00035202455734784457,0.00013003796320309254
BTCUSDT,2021-06-15,0.00005871903759541254,-0.0006682058472496593,0.0002731972029947015
BTCUSDT,2021-06-15,0.00013752625556489573,0.0020252319377927087,0.0004180994474134126
BTCUSDT,2021-06-15,0.00030256795269139675,0.001682688616517773,0.000620152141281556
BTCUSDT,2021-06-15,0.0004581287485666202,0.0014389132162908676,0.0007630984247289906
BTCUSDT,2021-06-15,0.000059223312397920567,0.00010309843332057945,0.00027436779393447705
BTCUSDT,2021-06-15,0.00016700519360889353,0.0013785450545910332,0.0004607356025355948
BTCUSDT,2021-06-15,0.00009880284148976709,0.0018588444503764689,0.0003543818750043872
BTCUSDT,2021-06-15,0.00028300700426191926,0.0009136805503979005,0.0005997708803296186
BTCUSDT,2021-06-15,0.00009694010917981191,-5.512637721979726e-6,0.00035102539483957584
BTCUSDT,2021-06-15,0.00025644305001966964,0.0014620312114660139,0.00057092919422166
BTCUSDT,2021-06-15,0.00030918915200297875,0.0005323003630414277,0.0006269009216751291
BTCUSDT,2021-06-15,0.000053829768850202046,0.00029879455996154053,0.000261576088797608
BTCUSDT,2021-06-15,0.0002909484659512355,-0.00025378213652500195,0.0006081277480065701
BTCUSDT,2021-06-15,0.0004972250117520415,0.0002463428417037353,0.0007949929321775887
BTCUSDT,2021-06-15,0.00020921070772304094,0.00040778688371973567,0.0005156781600186113
BTCUSDT,2021-06-15,0.001297922317461125,0.0022172155471542484,0.0012844320514005553
BTCUSDT,2021-06-15,0.0016209258217337076,0.004907293116051741,0.0014353848385603224
BTCUSDT,2021-06-15,0.0010130596788929557,0.0024946177070888174,0.0011347607335509418
BTCUSDT,2021-06-15,0.0002667254699323002,0.0014868095585287417,0.0005822627788879787
BTCUSDT,2021-06-15,0.00002270530576920009,0.0018382751153428038,0.00016988321123558058
BTCUSDT,2021-06-15,0.0001475491696220154,0.0012211326252765684,0.000433067077448073
BTCUSDT,2021-06-15,0.0013504059170527276,0.005840119901404717,0.001310143752945687
BTCUSDT,2021-06-15,0.0003956628729380775,0.0009047553446375477,0.0007091684960009391
BTCUSDT,2021-06-15,0.0008943266491661686,0.0032442341110374582,0.0010661906516002625
BTCUSDT,2021-06-15,0.0003281493901946721,0.001733797542186942,0.0006458364987143486
BTCUSDT,2021-06-15,0.00005311935068451494,-0.000192802097226639,0.00025984428123017626
BTCUSDT,2021-06-15,0.00006581510021115772,0.000517192675775537,0.00028923414249249743
BTCUSDT,2021-06-15,0.00011153140906567328,0.0015329217742897567,0.00037651768412473103
BTCUSDT,2021-06-15,0.000490603829025188,0.0013352911581523555,0.0007896820221024679
BTCUSDT,2021-06-15,0.00044164026939635086,0.0014794289604095534,0.000749240279716048
BTCUSDT,2021-06-15,0.0005921206896012737,0.0023782390919445187,0.0008675447828041996
BTCUSDT,2021-06-15,0.0016030374843994605,0.006858373237484312,0.0014274425001307993
BTCUSDT,2021-06-15,0.0008918827198185436,0.003676033650936246,0.0010647328636599967
BTCUSDT,2021-06-15,0.0004911439526897283,0.0037329047616431856,0.000790116597407891
BTCUSDT,2021-06-15,0.0005085378836743451,-0.000026077112008483253,0.0008039859141036445
BTCUSDT,2021-06-15,0.00015817018753144975,-0.0010463502256885036,0.00044838295936846926
BTCUSDT,2021-06-15,0.0008051103399208384,0.001748437836941572,0.0010116131972266412
BTCUSDT,2021-06-15,0.0006068950586775235,0.0030704251539616376,0.0008783014202195903
BTCUSDT,2021-06-15,0.0005550861036070542,0.00202257428196676,0.0008399761630839011
BTCUSDT,2021-06-15,0.0003508830212409815,-0.0003774456516245828,0.0006678331320630852
BTCUSDT,2021-06-15,0.00006660426256567118,0.0010644908066140897,0.00029096302041151464
BTCUSDT,2021-06-15,0.00022900268292348443,0.001576067962913994,0.0005395194047807042
BTCUSDT,2021-06-15,0.00029333525197618025,0.0023976511979052462,0.0006106170310831977
BTCUSDT,2021-06-15,0.00004476552471402794,0.0006825017962184427,0.0002385385768984898
BTCUSDT,2021-06-15,0.00024882406148860194,0.002024849207255758,0.0005623840197207211
BTCUSDT,2021-06-15,0.0006942105173615364,0.004585762579521441,0.0009393606829029653
BTCUSDT,2021-06-15,0.00039640277224506766,-0.0006331776037748295,0.0007098312675635672
BTCUSDT,2021-06-15,0.00019761420032354238,0.0015940109032214157,0.0005011824547067704
BTCUSDT,2021-06-15,0.0006698581594695533,0.00377053948161025,0.0009227375839416439
BTCUSDT,2021-06-15,0.00020299702047877117,0.001563806298899126,0.0005079624579755403
BTCUSDT,2021-06-15,0.0012924135278602601,0.001751707463439811,0.00128170338665525
BTCUSDT,2021-06-15,0.0010721469404467966,0.0030653720078541655,0.001167384545459891
BTCUSDT,2021-06-15,0.00023624441407166688,0.0010609793495532647,0.0005479835966921487
BTCUSDT,2021-06-15,0.0007491920098607883,0.0013042189773332122,0.0009758506432920226
BTCUSDT,2021-06-15,0.00026470157096993924,0.0011848740892530388,0.0005800494824910972
BTCUSDT,2021-06-15,0.00022918507974116996,0.0014289714151583754,0.0005397342211187635
BTCUSDT,2021-06-15,0.000015475043219159574,0.00034712019385120036,0.00014024995144253742
BTCUSDT,2021-06-15,0.001319664728791832,0.003790617692033103,0.001295145583452464
BTCUSDT,2021-06-15,0.00012576886156596292,0.0025383555538413165,0.0003998281331429781
BTCUSDT,2021-06-15,0.00020863790427062844,0.0007242943456029782,0.0005149717318091191
BTCUSDT,2021-06-15,0.00011782370399971908,0.0009582666010144486,0.0003869930093500227
BTCUSDT,2021-06-15,0.00003511037055089451,-0.0009354671287242275,0.0002112537810506132
BTCUSDT,2021-06-15,0.0009346818948523807,0.0016729844512970119,0.0010899804273210008
BTCUSDT,2021-06-15,0.00035109642958468197,-0.0006187505115450228,0.0006680361904758173
BTCUSDT,2021-06-15,0.00022368059619396003,0.0017800721839301887,0.0005332132589241066
BTCUSDT,2021-06-15,0.0001622224798054263,0.0009685859416128809,0.00045409038089215986
BTCUSDT,2021-06-15,0.0002445329898688249,0.0012954246792489439,0.000557513660587919
BTCUSDT,2021-06-15,0.00004435637772815019,-0.00028022011473227834,0.0002374459797507586
BTCUSDT,2021-06-15,0.0004095224599722476,0.002344921292968406,0.0007214822432478221
BTCUSDT,2021-06-15,0.00035624213311959656,0.0006803021842128984,0.0006729137856547394
BTCUSDT,2021-06-15,0.0002926840398011754,-0.0003973357852645682,0.0006099388613420685
BTCUSDT,2021-06-15,0.0003187575213967236,0.0005385083449340273,0.0006365272560538861
BTCUSDT,2021-06-15,7.767770047154209e-6,-0.00020909237909542372,0.00009936534951548929
BTCUSDT,2021-06-15,0.0001497580871656398,0.00036051321825875083,0.00043629669824308875
BTCUSDT,2021-06-15,0.00041098453223650566,0.0019336421631876417,0.0007227690094761888
BTCUSDT,2021-06-15,0.00012117380657121413,0.001590822793696953,0.00039245616871363547
BTCUSDT,2021-06-15,0.0009452711680845457,0.0009805649930492023,0.0010961373848827622
BTCUSDT,2021-06-15,0.00012694799680177172,-0.0013611450066619956,0.0004016980378667354
BTCUSDT,2021-06-15,1.3180563642557197e-6,-0.0015602787754288388,0.00004093113386073858
BTCUSDT,2021-06-15,0.00007903138959806252,0.00009732165099563256,0.00031694696200656596
BTCUSDT,2021-06-15,0.00022547164998822937,-0.00016604086062241096,0.0005353437734117785
BTCUSDT,2021-06-15,4.566249641102359e-6,0.0007237062635983282,0.00007618449792904118
BTCUSDT,2021-06-15,0.0020713062514846354,0.0004924576971424119,0.0016225905497131911
BTCUSDT,2021-06-15,0.0005224967802702276,0.002669473307961291,0.0008149455517241835
BTCUSDT,2021-06-15,0.00020368425917718724,0.00020436619516965622,0.0005088215752614763
BTCUSDT,2021-06-15,0.0002084782695882944,0.0009209101207586556,0.0005147746844894852
BTCUSDT,2021-06-15,0.0004912741464456477,0.0010092350952136092,0.0007902213135818591
BTCUSDT,2021-06-15,0.000055895591458502135,0.0001471140792814231,0.0002665480822713386
BTCUSDT,2021-06-15,0.0003727315554936305,0.001146102328715695,0.000688311245650109
BTCUSDT,2021-06-15,0.00006746685736340002,0.00010027804827609836,0.0002928410967869329
BTCUSDT,2021-06-15,0.0007441883986502911,0.0025408916901366145,0.0009725864886325324
BTCUSDT,2021-06-15,0.00006400855193526395,0.0017932529876515866,0.00028523695095199056
BTCUSDT,2021-06-15,0.003594224945357497,0.005494026356312842,0.002137417748294977
BTCUSDT,2021-06-15,0.004927573643127364,0.01179316178277793,0.002502668607649543
BTCUSDT,2021-06-15,0.00010165355388616187,0.0005051425241638834,0.0003594579287550259
BTCUSDT,2021-06-15,0.0004780757471779861,-0.002745537079201353,0.0007795341408211439
BTCUSDT,2021-06-15,0.0016714236137155018,0.0030137529730787003,0.0014575721145723196
BTCUSDT,2021-06-15,0.00006230686521930616,0.0004914390806073883,0.000281419855082572
BTCUSDT,2021-06-15,0.0009981610833674427,0.0020070774165242143,0.0011263856292658256
BTCUSDT,2021-06-15,0.0005864547841803538,0.0007130641826402183,0.0008633841090607078
BTCUSDT,2021-06-15,0.00006932457541613437,-0.0006921488357321848,0.0002968454479095542
BTCUSDT,2021-06-15,0.0021835452910319835,0.005147464579724799,0.0016659727233195823
BTCUSDT,2021-06-15,0.002421232888884525,0.0061994092442712485,0.0017543048600555666
BTCUSDT,2021-06-15,0.00047121385470495205,-0.00021298307997647442,0.0007739195363212974
BTCUSDT,2021-06-15,0.00021804349208443184,0.0007336899328050223,0.0005264514772784939
BTCUSDT,2021-06-15,0.00021048060924366924,-0.001518749732614984,0.000517240866216481
BTCUSDT,2021-06-15,0.00017669537788635235,0.001653774197927415,0.00047391382576601255
BTCUSDT,2021-06-15,0.0004387020134299923,0.0028528232754447326,0.0007467437528896965
BTCUSDT,2021-06-15,0.00016228724993840106,0.0006847684258322495,0.00045418102356761434
BTCUSDT,2021-06-15,0.001957419246456879,0.006705795991197527,0.0015773523290419488
BTCUSDT,2021-06-15,0.0007486826749770418,0.00259665602605458,0.0009755188730162692
BTCUSDT,2021-06-15,0.00005099109050154981,0.0007340201970690659,0.00025458565803849673
BTCUSDT,2021-06-15,0.0001762220691075538,0.0008132739109359046,0.0004732786705347841
BTCUSDT,2021-06-15,0.00006990212651826812,0.000553412964136871,0.0002980794101484072
BTCUSDT,2021-06-15,0.0002640422781233706,-0.0015062352140004997,0.0005793266668024358
BTCUSDT,2021-06-15,0.0013755037558809335,0.004373400798383046,0.001322262479444677
BTCUSDT,2021-06-15,0.00029617297772964967,0.002057685044382081,0.0006135634773795037
BTCUSDT,2021-06-15,0.0021485470248276883,0.00773825059324064,0.00165256753225208
BTCUSDT,2021-06-15,0.00055701906913945,0.003979003289986481,0.0008414374083931132
BTCUSDT,2021-06-15,0.0003126672035843434,-0.0003151243108544103,0.0006304170479579713
BTCUSDT,2021-06-15,0.0008053221228990346,0.0006552665269663522,0.0010117462400891463
BTCUSDT,2021-06-15,0.0012510428642714228,0.003619085976963292,0.0012610226269033841
BTCUSDT,2021-06-15,0.000578512427925295,0.001063052089856781,0.0008575177745726105
BTCUSDT,2021-06-15,0.0011021964811609043,0.0025419858719509403,0.0011836308999337423
BTCUSDT,2021-06-15,0.00042703423755037517,0.0018659720696294734,0.0007367465864076267
BTCUSDT,2021-06-15,0.001121675370957645,0.0003773114430848157,0.0011940441254290842
BTCUSDT,2021-06-15,0.0005173732839404438,0.0024309472530337317,0.0008109401138894216
BTCUSDT,2021-06-15,0.0001463994022810595,-0.0005763048699476929,0.00043137645392226054
BTCUSDT,2021-06-15,0.000015041167174100137,-0.00039830090519767325,0.00013826986963428074
BTCUSDT,2021-06-15,0.00009964111208344005,0.00007984774366149242,0.00035588203662741434
BTCUSDT,2021-06-15,1.6135219944547788e-6,-0.0010265739268975412,0.00004528707059620991
BTCUSDT,2021-06-15,0.0002862956032126805,0.002066597931532692,0.000603245545214995
BTCUSDT,2021-06-15,0.00032027298205080176,-0.0000687678194882784,0.0006380385744279586
BTCUSDT,2021-06-15,0.000014633020976221101,0.0007399591510218004,0.00013638097214543004
BTCUSDT,2021-06-15,1.2672535327366613e-6,-0.0006406829904596712,0.000040134563090318085
BTCUSDT,2021-06-15,0.00008243384880593075,0.0014789747323542893,0.0003236976697148842
BTCUSDT,2021-06-15,0.00022925180975608253,0.0020425054026936527,0.0005398127904815426
BTCUSDT,2021-06-15,0.00018865074847742696,0.0016831445696690818,0.0004896841539294521
BTCUSDT,2021-06-15,0.000044657588510901574,0.001153622604985381,0.00023825082770864107
BTCUSDT,2021-06-15,0.0002853551625474127,0.001377792931970677,0.0006022539419716392
BTCUSDT,2021-06-15,0.0000246646843562788,0.0007361769720359705,0.0001770616737530811
BTCUSDT,2021-06-15,0.00004989184157832057,0.00033774410776219105,0.00025182657079713864
BTCUSDT,2021-06-15,0.00023013388426393653,0.0016258355669288573,0.000540850291482542
BTCUSDT,2021-06-15,0.00020937466394765347,0.0017490997595848937,0.0005158801862118912
BTCUSDT,2021-06-15,0.000011439154321355675,-4.487333379616688e-6,0.00012058235007272057
BTCUSDT,2021-06-15,0.00016576942527591628,0.0010821054395631457,0.00045902781240362374
BTCUSDT,2021-06-15,0.00010636179323866596,-0.000010957209358304812,0.0003676881298544341
BTCUSDT,2021-06-15,0.0000498503786919913,0.0013554292690952366,0.0002517219081267654
BTCUSDT,2021-06-15,0.00008819638558562397,0.000620636326796664,0.00033482060592475264
BTCUSDT,2021-06-15,0.00016806493179128543,0.001346997001743607,0.0004621950990348282
BTCUSDT,2021-06-15,1.8417012860872807e-6,-0.0005226508731503803,0.000048383399565061485
BTCUSDT,2021-06-15,0.0002034494366327453,0.001891606177732344,0.0005085281867725905
BTCUSDT,2021-06-15,4.3391296286337475e-6,-0.001179308499381471,0.00007426566881871872
BTCUSDT,2021-06-15,0.00012357246408375354,0.0001711908696404664,0.00039632150427259497
BTCUSDT,2021-06-15,0.00002268991118648365,0.00008347369169492236,0.00016982560961978008
BTCUSDT,2021-06-15,5.860280032620678e-6,-0.0002574418592498936,0.0000863069896494789
BTCUSDT,2021-06-15,0.000026664420420523635,0.00044680498428738714,0.00018409960572350286
BTCUSDT,2021-06-15,0.00001594724219375733,0.00019107095828153957,0.00014237363694342118
BTCUSDT,2021-06-15,0.0011340467065982058,0.0026416039506898126,0.0012006108260031708
BTCUSDT,2021-06-15,0.00019809559945714548,0.0010352625227898664,0.0005017925374886244
BTCUSDT,2021-06-15,0.00009393875285808285,0.0015506294710280265,0.0003455486330854217
BTCUSDT,2021-06-15,0.00009664500955653974,0.0007773757260534747,0.00035049070173549
BTCUSDT,2021-06-15,0.000045962400563864946,-0.000727716808319557,0.00024170639217301813
BTCUSDT,2021-06-15,0.0006244444268614217,0.0018755910209814024,0.0008909096872093609
BTCUSDT,2021-06-15,0.00036509291631753104,0.001677764393983282,0.0006812217217102416
BTCUSDT,2023-09-15,0.00125326968379819,0.00040369818261563336,0.0006520358700510959
BTCUSDT,2023-09-15,0.00042641956212685536,0.0003923817623010155,0.00038033630303611877
BTCUSDT,2023-09-15,0.00048803912683833373,0.0007245201314660132,0.0004068895550124434
BTCUSDT,2023-09-15,0.0003961423157703245,0.0005324039674690476,0.000366585125245499
BTCUSDT,2023-09-15,0.0014750952612079856,0.0003853215215743116,0.0007073905514808686
BTCUSDT,2023-09-15,0.0008467232393489582,0.0011291051625995125,0.0005359446754707859
BTCUSDT,2023-09-15,0.0010840067595907369,0.0008299663585560222,0.0006064084103849375
BTCUSDT,2023-09-15,0.0006584713431177062,-0.00034699304476241836,0.000472626055567917
BTCUSDT,2023-09-15,0.0007480780095675103,0.0008295626418421886,0.0005037588223306056
BTCUSDT,2023-09-15,0.000034237030805776364,-0.0006824536168153028,0.00010776984732291506
BTCUSDT,2023-09-15,0.0006063015637139491,0.0003696983228378302,0.00045351699353226427
BTCUSDT,2023-09-15,0.0011605770653113844,0.0015179494741541075,0.0006274602422078811
BTCUSDT,2023-09-15,0.00022755573297355544,0.0003853681068690378,0.0002778389387998968
BTCUSDT,2023-09-15,0.001490551534724852,0.00017377507504718253,0.0007110869669500075
BTCUSDT,2023-09-15,0.00061894454023616,-0.00012090527841824737,0.0004582211057110086
BTCUSDT,2023-09-15,0.000010647275514889735,0.00023046219105297917,0.000060099168990514455
BTCUSDT,2023-09-15,0.0004488214798390189,0.00104585734903122,0.00039019889704754065
BTCUSDT,2023-09-15,0.0006071281370529605,-0.0001849283407951765,0.00045382602900349665
BTCUSDT,2023-09-15,0.00024266623057006618,0.00036618352243590824,0.00028691542213391495
BTCUSDT,2023-09-15,0.000648397704346948,0.0006345345637646013,0.0004689968816081038
BTCUSDT,2023-09-15,0.00010859490887542335,-0.00044195222724806695,0.0001919349011679444
BTCUSDT,2023-09-15,0.000189692158077328,-0.000011329711602283237,0.00025367280402661263
BTCUSDT,2023-09-15,0.00006376447495621963,0.00013974313723423215,0.0001470749179568876
BTCUSDT,2023-09-15,0.00021965188209467564,0.0005550804159492652,0.0002729711096737495
BTCUSDT,2023-09-15,0.002402523653897452,0.002507235532455099,0.0009027823440587304
BTCUSDT,2023-09-15,0.0000423173568071458,-0.0008777597724598225,0.0001198142538357187
BTCUSDT,2023-09-15,0.0006487911861615085,0.0005651718649644593,0.0004691391660068959
BTCUSDT,2023-09-15,0.0003279880935318065,0.00016948992987909537,0.00033356329867711
BTCUSDT,2023-09-15,0.001816405412987734,0.0010915757790481643,0.0007849746186732253
BTCUSDT,2023-09-15,0.00018979522045854666,7.523944954815012e-6,0.0002537417066458524
BTCUSDT,2023-09-15,0.0002701104440470473,0.0005042295178930849,0.0003027052193142949
BTCUSDT,2023-09-15,0.0006949786391091276,0.0008878756654502126,0.0004855511073836303
BTCUSDT,2023-09-15,0.00041138122141695725,0.00006769131259802715,0.00037356953553403246
BTCUSDT,2023-09-15,0.00006832248802082917,0.0003046664771962578,0.00015224079998095986
BTCUSDT,2023-09-15,0.00027652252594629527,0.000056429905607699824,0.00030627706627278547
BTCUSDT,2023-09-15,0.00015231914606920118,0.0005716757400365354,0.00022731414902237216
BTCUSDT,2023-09-15,0.0003841429228385451,0.000778615570646844,0.00036099038868386005
BTCUSDT,2023-09-15,0.00019208165630224923,0.00035364936410728457,0.000255265526079364
BTCUSDT,2023-09-15,0.000020720531441893955,0.00024076986279563314,0.00008383969038333167
BTCUSDT,2023-09-15,0.000015989325509509584,-0.00027086303900891327,0.00007364856559018471
BTCUSDT,2023-09-15,0.0006729967652272421,0.000831632173013984,0.00047781052193789536
BTCUSDT,2023-09-15,0.00008828565897873977,0.0004064948905367656,0.000173059044800233
BTCUSDT,2023-09-15,0.0010741679148880644,0.0008425741136123215,0.000603650144290585
BTCUSDT,2023-09-15,0.0005678272075632124,0.0010721441085703941,0.00043889165142233644
BTCUSDT,2023-09-15,0.0005148465381451212,0.00008657405757304957,0.00041791515387228187
BTCUSDT,2023-09-15,0.0005108091455514157,0.0006434800827884428,0.00041627329716811676
BTCUSDT,2023-09-15,0.00042427059130037995,0.0002520118646981815,0.0003793767270165239
BTCUSDT,2023-09-15,0.0008839973835694068,0.0004925543554342881,0.0005476142119040665
BTCUSDT,2023-09-15,0.00040280438212138996,0.000195449779425628,0.0003696547695071795
BTCUSDT,2023-09-15,0.0003364178056458422,0.00010898383855633393,0.0003378226058878169
BTCUSDT,2023-09-15,0.0012876274188943675,0.0006912044512277679,0.0006609130523273845
BTCUSDT,2023-09-15,0.00022948061668755929,-0.00012768706171861205,0.0002790115777426353
BTCUSDT,2023-09-15,0.0011065388746010602,0.0007890139613928596,0.0006126783848733471
BTCUSDT,2023-09-15,0.00042649671133560327,0.000187952260679251,0.00038037070731815906
BTCUSDT,2023-09-15,0.0006779019394156966,0.00008646990382790326,0.0004795486348280199
BTCUSDT,2023-09-15,0.0006265954619569309,0.0004623391057722243,0.0004610444977765204
BTCUSDT,2023-09-15,0.000018304549872093303,-0.0001690956954143471,0.00007880045907213598
BTCUSDT,2023-09-15,0.0005183219659612633,0.0007061377938148657,0.0004193233317937302
BTCUSDT,2023-09-15,0.00023715143890674302,0.0000826008763673036,0.00028363649031218634
BTCUSDT,2023-09-15,0.00022669666944807407,0.00034922167106381073,0.0002773139970910993
BTCUSDT,2023-09-15,0.00039784290808556614,0.00002629043798150418,0.000367371135974375
BTCUSDT,2023-09-15,0.00004599690919428806,-0.0002028344239507763,0.0001249146989704437
BTCUSDT,2023-09-15,0.000058442940492940844,-0.00017654339350988582,0.00014080408354416593
BTCUSDT,2023-09-15,0.0004978650830027217,0.00032681764429982787,0.00041096520684937596
BTCUSDT,2023-09-15,0.0004382631010966182,0.0003344412513723842,0.0003855819314838155
BTCUSDT,2023-09-15,0.0010441003206622477,0.0004210288955676879,0.0005951416371960998
BTCUSDT,2023-09-15,0.0002612178181335776,0.0004736450457312699,0.00029768065978946003
BTCUSDT,2023-09-15,0.00048649420154628495,0.0007067935179007078,0.000406245024481577
BTCUSDT,2023-09-15,0.0005849418638143977,0.0004024954773597643,0.00044545677964485806
BTCUSDT,2023-09-15,0.00042152312358003806,-0.00011662794757442598,0.0003781463586187581
BTCUSDT,2023-09-15,0.00006870683505207572,-0.0004590642695329373,0.00015266841349777593
BTCUSDT,2023-09-15,0.0002477903331960939,-0.0002859992116884635,0.00028992882843794694
BTCUSDT,2023-09-15,0.0002995058040136915,0.0005381979531606943,0.0003187512101157499
BTCUSDT,2023-09-15,0.00004235678407625889,0.0002672533709593617,0.00011987005657680623
BTCUSDT,2023-09-15,0.0005710319692833288,0.00004516252865757667,0.000440128439768766
BTCUSDT,2023-09-15,0.0002984737599132493,0.0008765050207824481,0.0003182015560190845
BTCUSDT,2023-09-15,0.00002150760557303091,0.0001654608087286527,0.0000854171845507301
BTCUSDT,2023-09-15,0.00007432017016391786,0.00023319579901901716,0.00015878247547539487
BTCUSDT,2023-09-15,0.00009354246671393588,0.00004137741658805617,0.000178136793158272
BTCUSDT,2023-09-15,0.00035083913187294657,0.0009370537685173876,0.0003449874008349981
BTCUSDT,2023-09-15,0.0001895895715294834,0.0001581438434509347,0.0002536042009360475
BTCUSDT,2023-09-15,2.789474244440187e-6,-0.0004705926730861317,0.00003076170469543184
BTCUSDT,2023-09-15,0.00019564537800267827,0.0002107529155683002,0.0002576226344449601
BTCUSDT,2023-09-15,0.0001877166922380927,0.0004704917101464459,0.0002523484649485376
BTCUSDT,2023-09-15,0.0007266314853105446,0.0005607986823301314,0.0004964852228154093
BTCUSDT,2023-09-15,0.0018325919143506527,0.0008394330743940503,0.0007884644264547549
BTCUSDT,2023-09-15,9.63536054857771e-6,0.00003389211387311634,0.00005717197642289771
BTCUSDT,2023-09-15,0.0007329054246068002,0.0005687885898412366,0.0004986240120886345
BTCUSDT,2023-09-15,0.0005414315387614683,0.00037295089347173804,0.00042856923896572737
BTCUSDT,2023-09-15,0.0005776968453692957,0.00048575770683425185,0.00044268949752281333
BTCUSDT,2023-09-15,0.00033390737875295385,0.00022961637227954197,0.0003365597907047765
BTCUSDT,2023-09-15,0.00012797537589653775,-0.0,0.00020835907835140964
BTCUSDT,2023-09-15,0.0005071750070037798,0.00003763841527656849,0.000414789871168438
BTCUSDT,2023-09-15,0.0003447536465524863,0.00017688823532363058,0.000341982320648982
BTCUSDT,2023-09-15,0.0012477589695243023,0.0008734545681289111,0.0006506007671358699
BTCUSDT,2023-09-15,0.0002914532367183891,-0.0001807773430655749,0.00031443701308329084
BTCUSDT,2023-09-15,0.0005586660472680417,0.00047837789375095323,0.000435336779176519
BTCUSDT,2023-09-15,0.00030974404922579204,-0.00033903030125507117,0.0003241534935420951
BTCUSDT,2023-09-15,0.00040976564848292185,0.0007120964381484428,0.00037283527433192064
BTCUSDT,2023-09-15,0.00029986841843210224,0.00007538351366132359,0.00031894410925109373
BTCUSDT,2023-09-15,0.0006670983762970948,0.0009456550495715792,0.0004757120611219033
BTCUSDT,2023-09-15,0.0002599283773250141,0.0003275694937843478,0.0002969450352975113
BTCUSDT,2023-09-15,0.001356711414658275,0.0008993263184944897,0.0006784111236404241
BTCUSDT,2023-09-15,0.0002471387634285778,-0.00005265790791350594,0.00028954739062038486
BTCUSDT,2023-09-15,2.405949156273203e-6,0.00009026900168609703,0.000028568829257149583
BTCUSDT,2023-09-15,0.0011560774710939901,0.0006166178706242393,0.0006262427193041503
BTCUSDT,2023-09-15,0.0006742247787899565,0.0005148101985992086,0.00047824625239911494
BTCUSDT,2023-09-15,0.0004183100037693368,0.000011270251232830947,0.0003767023644591908
BTCUSDT,2023-09-15,0.0014380981709546953,-0.0003757435068761916,0.0006984631331247538
BTCUSDT,2023-09-15,0.0012932737445404087,0.0006014834265898897,0.0006623605394811318
BTCUSDT,2023-09-15,0.00017174772743715436,0.00008648551091065995,0.0002413763525662472
BTCUSDT,2023-09-15,0.0011348464988307837,0.0007522983066990455,0.0006204657051665188
BTCUSDT,2023-09-15,0.0009073882022164893,0.00041023943126769046,0.0005548119222126719
BTCUSDT,2023-09-15,0.00024214315770408948,0.00031992713461978533,0.0002866060287892383
BTCUSDT,2023-09-15,0.000588893233407708,0.0008388520632809034,0.00044695881081877503
BTCUSDT,2023-09-15,0.0014607441765991794,0.001788203595343843,0.0007039410677978503
BTCUSDT,2023-09-15,0.00045745939713709053,0.0008861886584563978,0.0003939358427554864
BTCUSDT,2023-09-15,0.0002951893536929399,0.00046947564189867794,0.00031644596755763476
BTCUSDT,2023-09-15,0.0005120020855194789,0.000762537295157933,0.00041675909451884365
BTCUSDT,2023-09-15,0.0004952083164913104,-0.00039088487059151623,0.00040986721952787137
BTCUSDT,2023-09-15,0.0002110221667299987,0.0004925821367490151,0.0002675551160693143
BTCUSDT,2023-09-15,0.00036517270123756767,0.0005301718670612469,0.0003519641038136111
BTCUSDT,2023-09-15,0.0007722582132472444,0.0007665628675068251,0.0005118355992832169
BTCUSDT,2023-09-15,0.0000695012280600655,-0.00034563077960712363,0.00015354845821261882
BTCUSDT,2023-09-15,0.0002632824850081787,0.0006611024123105258,0.0002988547789690562
BTCUSDT,2023-09-15,0.0006689982992100701,0.00006383310274224258,0.00047638900298350794
BTCUSDT,2023-09-15,0.0005303238128774252,0.0004957504523853061,0.00042415030636424233
BTCUSDT,2023-09-15,0.0006071538422057618,0.000503513331195436,0.00045383563615496387
BTCUSDT,2023-09-15,0.0002416602565039792,0.00014281258127936451,0.0002863200998603765
BTCUSDT,2023-09-15,0.00008463445343227288,0.00009770175420006424,0.00016944268229115848
BTCUSDT,2023-09-15,0.0003131322587006037,0.00014277770287422938,0.00032592158683143095
BTCUSDT,2023-09-15,0.000499979295517637,0.00035310071625596455,0.00041183687604486627
BTCUSDT,2023-09-15,0.000151095224814444,0.00034558793490796643,0.00022639904490423673
BTCUSDT,2023-09-15,0.000051258807369013004,-0.0003569838286660988,0.00013186619337373398
BTCUSDT,2023-09-15,0.004033954813461185,0.0027210081877984847,0.0011698083994553504
BTCUSDT,2023-09-15,0.0018955831477190954,0.0006861244793370108,0.0008019007881294281
BTCUSDT,2023-09-15,0.001381489514637678,0.0009432468006418843,0.0006845781245518664
BTCUSDT,2023-09-15,0.000822764652529377,0.0003887254571655751,0.0005283078130791252
BTCUSDT,2023-09-15,0.0007755682657259295,0.0007242113202964696,0.0005129313410459905
BTCUSDT,2023-09-15,0.0013722674739391975,0.0019437379092715806,0.0006822893708479418
BTCUSDT,2023-09-15,0.000050820499999489455,-0.00021531900348932304,0.00013130119767796821
BTCUSDT,2023-09-15,0.0003920359841027044,0.0006456789765075225,0.0003646802019890182
BTCUSDT,2023-09-15,0.00005529005969406711,0.000570141588015657,0.0001369533784626351
BTCUSDT,2023-09-15,0.007831583838280476,0.0023330438641000952,0.0016299490213736848
BTCUSDT,2023-09-15,0.0016012313990347775,0.0007719816470123249,0.0007370149029070098
BTCUSDT,2023-09-15,0.0011605464286800272,0.0008885578912885793,0.0006274519603817229
BTCUSDT,2023-09-15,0.0002245696824053663,0.000026455476379562723,0.00027600997845754363
BTCUSDT,2023-09-15,0.0009511959629060462,0.001353906870457714,0.0005680469338333923
BTCUSDT,2023-09-15,0.0006742233045701213,0.0007376877418734602,0.00047824572954641137
BTCUSDT,2023-09-15,0.00026527303197358963,0.0009685633860864884,0.0002999823972723499
BTCUSDT,2023-09-15,0.0009113064551353755,0.001022549190391595,0.0005560085168308623
BTCUSDT,2023-09-15,0.003717124116649372,0.0019571185031212654,0.0011229301747708671
BTCUSDT,2023-09-15,0.0017389834480813463,0.0015781310771774961,0.0007680631780412195
BTCUSDT,2023-09-15,0.0004907177422220965,0.0005801310955606553,0.00040800463899314773
BTCUSDT,2023-09-15,0.0005319823028901597,-0.00021241972700500878,0.0004248130146109896
BTCUSDT,2023-09-15,0.000030879492162471124,0.00028835720068370115,0.00010234916302230212
BTCUSDT,2023-09-15,0.004152372182514094,0.0013613725038654782,0.001186854162494317
BTCUSDT,2023-09-15,0.0003578886684140588,0.0006137154220041389,0.00034843614061044287
BTCUSDT,2023-09-15,0.000013416104609274375,0.00010983537960106341,0.00006746250119370131
BTCUSDT,2023-09-15,0.0001363630227719717,-0.00041276856577175414,0.00021507876331100393
BTCUSDT,2023-09-15,0.0011363170100113966,0.0002801300730379722,0.000620867568493837
BTCUSDT,2023-09-15,0.00019925148479781523,0.0008330462330132794,0.0002599860249831144
BTCUSDT,2023-09-15,0.00008333169780553247,-0.0002083708250499325,0.00016813353183655854
BTCUSDT,2023-09-15,0.0014592021305968295,0.0017716607134811763,0.0007035694092419431
BTCUSDT,2023-09-15,0.003345236403226923,0.0011189150716405512,0.001065277189974988
BTCUSDT,2023-09-15,0.0004563604094762023,0.0009449510084620794,0.0003934623679935878
BTCUSDT,2023-09-15,0.00011766819643842606,0.0006846996384379539,0.00019979231045341806
BTCUSDT,2023-09-15,0.002285354365978122,0.0028004270097428305,0.0008804931798698626
BTCUSDT,2023-09-15,0.0027079657199452836,0.0011188377392402525,0.0009584529577862143
BTCUSDT,2023-09-15,0.00029968626707445957,0.0006825317642222241,0.0003188472252111937
BTCUSDT,2023-09-15,0.00017275321767833734,-0.0001555059541051942,0.00024208188557367643
BTCUSDT,2023-09-15,0.0004243153175084828,-0.0003564332445859479,0.0003793967232590441
BTCUSDT,2023-09-15,0.0005460017090119444,0.00015542578165930867,0.0004303741934600899
BTCUSDT,2023-09-15,0.0011577375347183998,0.000868422654042917,0.0006266921830507309
BTCUSDT,2023-09-15,0.0015078487589877522,0.0010096831743451708,0.0007152009987084213
BTCUSDT,2023-09-15,0.0016378097846912415,0.0011209549428975517,0.0007453855194236778
BTCUSDT,2023-09-15,4.236509174373928e-6,-0.0011678888979989492,0.00003790995740033319
BTCUSDT,2023-09-15,0.002734664940803663,0.0006549187677926298,0.0009631663077304838
BTCUSDT,2023-09-15,0.0007240861550890686,0.0003846278392300593,0.0004956148865541728
BTCUSDT,2023-09-15,0.00017585166407479177,-0.0014173752739592934,0.00024424318912271467
BTCUSDT,2023-09-15,0.0012258790927812061,0.001082267684865311,0.0006448712863928951
BTCUSDT,2023-09-15,7.863851323276498e-6,-0.00028180814383545465,0.000051649588737948034
BTCUSDT,2023-09-15,0.0004310116768481704,-0.00013708645607284168,0.0003823787409239598
BTCUSDT,2023-09-15,0.00019068572817970873,0.00036552073785251946,0.0002543362804236825
BTCUSDT,2023-09-15,0.0002465987624784479,-0.00017893684909483913,0.0002892308854976397
BTCUSDT,2023-09-15,0.0004849270805974723,0.00023603761483162057,0.00040559018768774035
BTCUSDT,2023-09-15,0.0008309219650001622,0.0006088720453266377,0.0005309203114993733
BTCUSDT,2023-09-15,0.000835139538837012,0.0009848302724385057,0.000532266022338621
BTCUSDT,2023-09-15,0.0006125291776415204,-0.00007601412346071868,0.0004558401883044512
BTCUSDT,2023-09-15,0.00007093811449687833,0.00015962359270590138,0.0001551275884788672
BTCUSDT,2023-09-15,0.00036854437647720125,0.0006424524416531532,0.0003535852298920132
BTCUSDT,2023-09-15,0.0001336570834633431,0.0005360391398898996,0.00021293409727247433
BTCUSDT,2023-09-15,0.0006195088415241176,0.0003382030808717079,0.00045842994174842257
BTCUSDT,2023-09-15,0.001022887608579745,-0.0001177880917600731,0.000589064945987821
BTCUSDT,2023-09-15,0.00008584767392372675,-0.0008773812822248429,0.00017065282693025117
BTCUSDT,2023-09-15,0.00028018172606620066,0.000132887086038694,0.00030829687600609666
BTCUSDT,2023-09-15,0.0014384096337501733,0.0007097919317193536,0.000698538765479582
BTCUSDT,2023-09-15,0.00040954375355351755,0.00039089258731609024,0.00037273431240383994
BTCUSDT,2023-09-15,0.00048314769524729725,0.0002808498382699715,0.0004048453700286836
BTCUSDT,2023-09-15,0.0017708368889216006,0.0013898384556669746,0.0007750656697539256
BTCUSDT,2023-09-15,0.00025346122553929917,-0.0007331336853812611,0.0002932276946768557
BTCUSDT,2023-09-15,0.000021941818025729964,0.00022780773126082602,0.0000862751107084174
BTCUSDT,2023-09-15,0.00033608117722327957,0.00128235302763535,0.00033765354653478844
BTCUSDT,2023-09-15,0.00008404667256508154,0.00033750154376554104,0.0001688532728586729
BTCUSDT,2023-09-15,0.0006815901397175707,0.0007170920518468683,0.0004808513839249053
BTCUSDT,2023-09-15,0.0002483226151831043,0.00015183089104557133,0.00029024006153459945
BTCUSDT,2023-09-15,0.00007603877535725211,0.0001935796102188135,0.00016060785342416093
BTCUSDT,2023-09-15,0.000028904098097068815,-0.0002732987171972152,0.00009902137031266065
BTCUSDT,2023-09-15,0.0009205240935355088,0.0005278297397009149,0.000558813386046945
BTCUSDT,2023-09-15,0.00022558233325212988,0.00002658872372380904,0.0002766315836424274
BTCUSDT,2023-09-15,0.0007827687527883274,0.000623138204855772,0.0005153069041019467
BTCUSDT,2023-09-15,0.00040480844975059147,0.0007066976995892192,0.00037057319795021483
BTCUSDT,2023-09-15,0.0005998642079945983,0.0013663848726423442,0.0004511029795704076
BTCUSDT,2023-09-15,0.00015263017165453312,0.00023518790483912532,0.00022754611087168146
BTCUSDT,2023-09-15,0.00026612290368052384,0.0003301162836119801,0.00030046254913614935
BTCUSDT,2023-09-15,0.00039662282198543237,0.0010403892145632821,0.00036680738507688273
BTCUSDT,2023-09-15,0.0003990733971483202,0.0006721999991069771,0.0003679388187977936
BTCUSDT,2023-09-15,0.00013211014397593795,0.00009491574336594444,0.00021169826743970956
BTCUSDT,2023-09-15,0.00018422197366376426,0.00036442734063878786,0.00024998844562170884
BTCUSDT,2023-09-15,0.00021829178839640435,0.0002884940252398541,0.00027212467304656786
BTCUSDT,2023-09-15,0.0002774193650581159,0.0006836074992111125,0.00030677333487648406
BTCUSDT,2023-09-15,0.00014347500796040003,0.0006342490912513562,0.0002206161744636587
BTCUSDT,2023-09-15,0.00044720982965157114,0.000709727278194289,0.0003894976943324878
BTCUSDT,2023-09-15,0.0009885580564304127,0.0005878950681835301,0.0005790956607344797
BTCUSDT,2023-09-15,0.00014105802912865015,0.00041718182905927244,0.00021875003267874416
BTCUSDT,2023-09-15,0.000220565591655677,0.000998149900225573,0.0002735382741057878
BTCUSDT,2023-09-15,0.000013329955768524241,-0.0005279440122170922,0.00006724555386167069
BTCUSDT,2023-09-15,0.00004918600445740242,-0.00044819885585980097,0.0001291724786495405
BTCUSDT,2023-09-15,0.00010518744153814081,0.0001594793382708704,0.00018889965587971138
BTCUSDT,2023-09-15,0.00016345643001296016,0.0006528406389825276,0.00023547793871585046
BTCUSDT,2023-09-15,0.0004513301181585769,0.0013460917033513396,0.0003912878644209733
BTCUSDT,2023-09-15,0.0016223127614345314,0.0009468657559519367,0.0007418507037518817
BTCUSDT,2023-09-15,0.000616945636739487,0.00010600439170987016,0.00045748058663177415
BTCUSDT,2023-09-15,0.0003960556282734802,0.000056789679437607794,0.0003665450132903753
BTCUSDT,2023-09-15,0.00047946022398884355,0.000556675864300215,0.0004032974841136103
BTCUSDT,2023-09-15,0.000010027921433042833,-0.0000568213027005222,0.000058324991225808735
BTCUSDT,2023-09-15,0.00021510284200364454,0.00019696671326237925,0.00027012967434343366
BTCUSDT,2023-09-15,0.00009144725721715482,0.0005187458583529639,0.00017613049793574335
BTCUSDT,2023-09-15,0.00043276452825044006,0.00045057581700279825,0.0003831554867511806
BTCUSDT,2023-09-15,0.00015816136345126676,0.0006743497327053118,0.00023163246073341532
BTCUSDT,2023-09-15,0.000038332184752207414,-0.00022741141475889152,0.00011403312003789203
BTCUSDT,2023-09-15,0.00028459104049666575,0.00033362905308585917,0.000310713292148401
BTCUSDT,2023-09-15,0.00029970068310444667,-0.00010237490837866781,0.0003188548939908291
BTCUSDT,2023-09-15,0.0006759501263754763,0.0008943900363896306,0.0004788577797644977
BTCUSDT,2023-09-15,0.0004510950551672683,-0.00009470683506307362,0.0003911859553401707
BTCUSDT,2023-09-15,0.00004823618156324538,-0.00020838661475578064,0.0001279191843002183
BTCUSDT,2023-09-15,0.00016959328589128268,-0.00003789156193267854,0.00023985763553143505
BTCUSDT,2023-09-15,0.00008562229239334309,0.00017810282643196127,0.00017042866667680025
BTCUSDT,2023-09-15,0.0010255339110750482,0.0011779211245899048,0.0005898264358660533
BTCUSDT,2023-09-15,0.000051202892209597126,-0.0002385022072759901,0.00013179425128730983
BTCUSDT,2023-09-15,0.00010222814830585316,0.00034081614435145773,0.00018622349278425788
BTCUSDT,2023-09-15,0.0006704321640239919,-0.000018937349566978237,0.0004768992522707457
BTCUSDT,2023-09-15,0.00024048589261444473,0.00040138744271969474,0.00028562355693991594
BTCUSDT,2023-09-15,0.0012672641232564922,0.0006320478750115156,0.0006556661919939792
BTCUSDT,2023-09-15,0.0010889164406871132,0.001315804588712349,0.0006077801307788553
BTCUSDT,2023-09-15,0.0003882977098199424,0.00021162181748744777,0.0003629373261394885
BTCUSDT,2023-09-15,0.00010243168798083845,0.0005254692012617828,0.00018640878921001648
BTCUSDT,2023-09-15,0.00006612405694196071,0.00012857456207829616,0.00014977142654780748
BTCUSDT,2023-09-15,0.0005374135841020392,0.00034798923097564843,0.0004269760750684224
BTCUSDT,2023-09-15,0.0001249003516692469,0.0002497200121947215,0.00020584060581092735
BTCUSDT,2023-09-15,0.00011942664676941838,0.0004993795691079772,0.00020127963676479533
BTCUSDT,2023-09-15,0.0001583703553136955,0.0007712782428194146,0.000231785447901244
BTCUSDT,2023-09-15,0.00039964863524208214,0.00047630749194670286,0.0003682039031286594
BTCUSDT,2023-09-15,0.00010879704497989467,0.0003440239111644502,0.00019211344975952652
BTCUSDT,2023-09-15,0.000017815467770975818,-0.00022676422664743832,0.00007774059061020552
BTCUSDT,2023-09-15,0.00023033683192987851,0.0005326915973916785,0.0002795316032451927
BTCUSDT,2023-09-15,0.0000948576876127598,-0.00010953709257962384,0.00017938473671396532
BTCUSDT,2023-09-15,0.00036826175968564213,0.0006759168086717329,0.00035344963117649083
BTCUSDT,2023-09-15,0.000047049599914147584,-0.0006608100260665411,0.00012633601915697107
BTCUSDT,2023-09-15,0.00010863399723170584,0.0005324582514269824,0.00019196944120707533
BTCUSDT,2023-09-15,0.0016453175375416248,0.000562360722036337,0.0007470919971014989
BTCUSDT,2023-09-15,0.008670333810778728,0.0049194156026573154,0.0017150118687747661
BTCUSDT,2023-09-15,0.005610327129337677,0.002613576704887711,0.0013795686392560035
BTCUSDT,2023-09-15,0.002750667128819761,0.003484115674019724,0.0009659802332091811
BTCUSDT,2023-09-15,0.0005345131168201869,-0.00282899363334399,0.000425822302931386
BTCUSDT,2023-09-15,0.0006033919883821735,0.0016228792086538902,0.00045242749547515194
BTCUSDT,2023-09-15,0.0002224775539506747,-0.0007768557157184388,0.00027472129263401393
BTCUSDT,2023-09-15,0.004050560169235875,0.00048149510757027465,0.0011722136241370154
BTCUSDT,2023-09-15,0.002268898243430435,0.0022751353319928644,0.0008773173744416088
BTCUSDT,2023-09-15,0.0017271572539847503,0.0019917193019547683,0.0007654470634480556
BTCUSDT,2023-09-15,0.0005062647898162511,0.0008990145159538882,0.0004144174963354654
BTCUSDT,2023-09-15,0.0017663177284556488,0.0018325971223934606,0.0007740760575282391
BTCUSDT,2023-09-15,0.0004405830815739078,0.0004912724241844036,0.0003866011387148676
BTCUSDT,2023-09-15,0.0007801929603997346,0.001052988654943931,0.00051445836657065
BTCUSDT,2023-09-15,0.0006729591190197212,0.0018181380157648059,0.0004777971578278792
BTCUSDT,2023-09-15,0.00042988663692021203,0.0009497479002036266,0.0003818793664685635
BTCUSDT,2023-09-15,0.0003429436647385117,-0.00033807261370396034,0.0003410834232017363
BTCUSDT,2023-09-15,0.0009511096537399159,0.0009772930514238877,0.0005680211616627218
BTCUSDT,2025-03-14,0.0007872611713530445,0.001747831394154358,0.000583789984832566
BTCUSDT,2025-03-14,0.0006019342366451377,0.0016098145266293135,0.0005104717902241114
BTCUSDT,2025-03-14,0.0001763240903745043,0.0020322396234790023,0.0002762822920125661
BTCUSDT,2025-03-14,0.0005950796612234026,-0.0005382709534025254,0.0005075569485539174
BTCUSDT,2025-03-14,0.0003942137666914539,-0.00009996797330673515,0.00041310753593472007
BTCUSDT,2025-03-14,0.0004184677184101745,0.0016092191362842728,0.0004256260540143776
BTCUSDT,2025-03-14,0.0005648636972970833,0.001753008507342128,0.0004945031431117117
BTCUSDT,2025-03-14,6.347279878154613e-6,-0.00014761382282635411,0.00005241927964251938
BTCUSDT,2025-03-14,0.001188753869024761,0.002572735840144084,0.0007173699754312469
BTCUSDT,2025-03-14,0.00006204648726643565,0.000049083006736725026,0.00016389127118531037
BTCUSDT,2025-03-14,0.0011737507844189862,-0.00064034389390003,0.0007128286916888209
BTCUSDT,2025-03-14,0.0008339228362346999,0.0010637861603040892,0.0006008418263655411
BTCUSDT,2025-03-14,0.0007807006822512096,0.002167881315742679,0.0005813524454074
BTCUSDT,2025-03-14,0.0018063770583930877,-0.00013901319109928107,0.0008843036725130251
BTCUSDT,2025-03-14,0.00028776985638570866,0.0010106475397332327,0.00035295543534289895
BTCUSDT,2025-03-14,0.0002508689774023773,0.0015311254916674298,0.00032954953558351384
BTCUSDT,2025-03-14,0.00014885327692751885,0.0008107431907688047,0.00025384956533861116
BTCUSDT,2025-03-14,0.00028879517518883176,0.0008825800426380472,0.0003535836631714316
BTCUSDT,2025-03-14,0.0007977963423388558,0.0031123074028302443,0.0005876831578130335
BTCUSDT,2025-03-14,0.0001774771910597558,-0.0006628833953966404,0.0002771842168201928
BTCUSDT,2025-03-14,0.0006341586340549813,0.0023163376978257047,0.0005239576420727641
BTCUSDT,2025-03-14,0.0005241235222470704,0.0012750374632958662,0.00047633670662919873
BTCUSDT,2025-03-14,0.000013515532659830713,0.0004727391278437538,0.00007649161092783412
BTCUSDT,2025-03-14,0.00028237607675526456,0.0009069128208298658,0.0003496319997362513
BTCUSDT,2025-03-14,0.00005529239240370402,-0.001028181954995317,0.0001547141069936033
BTCUSDT,2025-03-14,0.0003432296979315944,0.0008761541439808546,0.0003854691740204667
BTCUSDT,2025-03-14,0.00011578681737080474,-0.0013610769676207514,0.00022388592025225312
BTCUSDT,2025-03-14,0.00014736816111222677,0.00032448152117566247,0.00025258005666942314
BTCUSDT,2025-03-14,0.0005868074885787888,0.0016690368248165205,0.000504016840890428
BTCUSDT,2025-03-14,0.0017037142596614393,0.0004290447464133577,0.0008588070548018531
BTCUSDT,2025-03-14,0.00030539251699200686,0.0009292169693160451,0.00036360213099421795
BTCUSDT,2025-03-14,9.414152531629036e-6,0.0016109085681500698,0.00006383925930863238
BTCUSDT,2025-03-14,0.0004009011058362441,0.0009273610646385397,0.0004165967247915196
BTCUSDT,2025-03-14,0.0018963797604951442,0.001622012823615604,0.0009060660961703822
BTCUSDT,2025-03-14,0.0016748224865298501,0.0016620303149825718,0.000851494046457569
BTCUSDT,2025-03-14,0.0022634441466127145,0.001452468446846138,0.000989879009934005
BTCUSDT,2025-03-14,0.001180648872314389,0.0025069203119120116,0.0007149202564842754
BTCUSDT,2025-03-14,0.0008608709852546536,-0.00011465470041932899,0.0006104727171312501
BTCUSDT,2025-03-14,0.00010829305439732421,-0.0010070555694779305,0.0002165197543745088
BTCUSDT,2025-03-14,0.00014741942647590614,0.0006167926248690442,0.0002526239857055341
BTCUSDT,2025-03-14,0.0005133831894030608,0.00041221925769585133,0.0004714309011130082
BTCUSDT,2025-03-14,0.00021943001622876402,0.000012198409571482917,0.0003082089470650725
BTCUSDT,2025-03-14,0.0009487194300465025,0.001215707676862715,0.0006408643624395847
BTCUSDT,2025-03-14,0.0009190280908303532,-0.00011846221405075866,0.0006307563294909185
BTCUSDT,2025-03-14,0.0002989402396455875,0.0012928439598238828,0.0003597405657735055
BTCUSDT,2025-03-14,0.00015949392203504692,0.0002898357556538399,0.0002627660744420536
BTCUSDT,2025-03-14,0.00008954776048808806,-0.000550249399132609,0.00019689042148532109
BTCUSDT,2025-03-14,0.00046300540318817176,0.0007075424438744256,0.00044770325692273144
BTCUSDT,2025-03-14,0.000409094263420308,0.0006508878498504511,0.0004208321578384883
BTCUSDT,2025-03-14,0.0002806811851827187,-0.00029050323175538437,0.00034858113127907126
BTCUSDT,2025-03-14,0.00002031652963912119,-0.0004270568648405986,0.00009378253919221494
BTCUSDT,2025-03-14,4.914954200146323e-6,0.0009507554583680005,0.000046127186065403896
BTCUSDT,2025-03-14,0.00018420001009168934,-0.0006188870606622981,0.0002823852765301966
BTCUSDT,2025-03-14,0.00008267245022537416,0.00031966930361029307,0.00018918104881019207
BTCUSDT,2025-03-14,0.00005701901869392473,0.0007895978526052543,0.00015711118112650646
BTCUSDT,2025-03-14,0.0003136512985872815,0.0006130691384708095,0.0003684858107320717
BTCUSDT,2025-03-14,0.00031459678500578265,-0.00012093382918727599,0.0003690407839915578
BTCUSDT,2025-03-14,0.00008903740636257722,-0.0006337464701246688,0.0001963285569666894
BTCUSDT,2025-03-14,0.0001375621528728974,-0.0,0.0002440319589350457
BTCUSDT,2025-03-14,0.00014614956412874666,0.0000878945949051697,0.00025153358832785585
BTCUSDT,2025-03-14,0.0003054970733297036,-0.000028078245526579615,0.00036366436836367385
BTCUSDT,2025-03-14,0.00018957520003729132,-0.00037714823898356303,0.0002864758295176554
BTCUSDT,2025-03-14,0.0020811954380776107,0.0018040327517707042,0.0009491910986196316
BTCUSDT,2025-03-14,0.00031746185062946975,0.001004406275100976,0.0003707174217058979
BTCUSDT,2025-03-14,0.00006673947828002615,-0.0004835170833114861,0.00016997640037145004
BTCUSDT,2025-03-14,0.000060906816787829744,0.00033807884882127364,0.00016237911695953154
BTCUSDT,2025-03-14,0.00019277669956574577,0.00004027054484746029,0.0002888846689316791
BTCUSDT,2025-03-14,0.00041560379720856236,0.0006758422055965409,0.0004241670977065875
BTCUSDT,2025-03-14,0.00038501241768855405,0.0007375373293526685,0.000408257895600642
BTCUSDT,2025-03-14,0.00031871052010091203,0.0007009532641480422,0.0003714457757359235
BTCUSDT,2025-03-14,0.00011423953280186182,0.0011298162356020152,0.0002223849707444289
BTCUSDT,2025-03-14,0.000013187738295238046,0.00021314443539267877,0.00007555833587106039
BTCUSDT,2025-03-14,0.0002713393883874585,0.000529899435052662,0.00034273120276384313
BTCUSDT,2025-03-14,0.000655544822566828,0.00020594473564122605,0.0005327192862914438
BTCUSDT,2025-03-14,0.00040959348685045506,0.00044371738369135657,0.00042108885322325964
BTCUSDT,2025-03-14,0.0006907772024025726,0.0010967301100096984,0.0005468474890014417
BTCUSDT,2025-03-14,0.0002731263269858948,0.000473710308150606,0.00034385789985237397
BTCUSDT,2025-03-14,0.00030548045053464,0.0009199806878711385,0.000363654474323715
BTCUSDT,2025-03-14,0.0001927549960177679,0.0013802641549115612,0.0002888684065961206
BTCUSDT,2025-03-14,0.0026950286802268648,0.0011309413787692986,0.001080137190912348
BTCUSDT,2025-03-14,0.000777069180447581,0.0007444801543825989,0.0005799987619028553
BTCUSDT,2025-03-14,0.0006826289809076946,0.0014224631782147896,0.0005436126887809017
BTCUSDT,2025-03-14,1.4665009256288414e-6,0.0009911057620447025,0.00002519639423412072
BTCUSDT,2025-03-14,0.0003927508609332417,0.0003256782705631973,0.0004123403137412379
BTCUSDT,2025-03-14,0.0001082910862190712,0.0010371736121062086,0.00021651778679029681
BTCUSDT,2025-03-14,0.000168429953059289,0.0005250978573324462,0.0002700268113273052
BTCUSDT,2025-03-14,0.00009624865242940812,0.001314667765827395,0.0002041242269598566
BTCUSDT,2025-03-14,0.00005595321313526327,0.00024760400561930456,0.0001556358850583888
BTCUSDT,2025-03-14,0.00007437039016599826,0.00038287220461928324,0.00017943090770107
BTCUSDT,2025-03-14,0.000015282134869061473,0.0000682676237400583,0.00008133720380779215
BTCUSDT,2025-03-14,0.0009578616342223367,-0.00010239269802749967,0.0006439447598751511
BTCUSDT,2025-03-14,0.0011737931618800367,-0.0002827440819295272,0.0007128415596663615
BTCUSDT,2025-03-14,0.0032297032752788618,0.003338129515481288,0.0011824384300533086
BTCUSDT,2025-03-14,0.0010908104717600392,0.0015630586618766635,0.0006871821556079928
BTCUSDT,2025-03-14,0.00039855185036048035,0.0009373991933717789,0.00041537431593843837
BTCUSDT,2025-03-14,0.0004601515145371318,0.001982824287815014,0.0004463213397765921
BTCUSDT,2025-03-14,0.0008786247789216696,0.001596297707755382,0.0006167355001019979
BTCUSDT,2025-03-14,0.000014896503381544448,0.0001446809392681186,0.00008030440968207487
BTCUSDT,2025-03-14,0.000053842745592822085,-0.00041210369792888974,0.00015267250204929674
BTCUSDT,2025-03-14,0.001762899541964097,0.002472699310924891,0.0008735967438967987
BTCUSDT,2025-03-14,0.0004831745638578144,0.0005893974127990756,0.0004573506028000686
BTCUSDT,2025-03-14,0.0002153780847818496,-0.000046099049882551317,0.0003053500388244392
BTCUSDT,2025-03-14,0.00012543389931134568,-0.0014568537212799359,0.0002330261638759906
BTCUSDT,2025-03-14,0.0001445307653153881,0.0005028549879494466,0.00025013667659358566
BTCUSDT,2025-03-14,0.0007117494739915508,0.001477947548293524,0.0005550866743674005
BTCUSDT,2025-03-14,0.00048279880685430125,-0.0008459837489066206,0.0004571727311469645
BTCUSDT,2025-03-14,0.0003600604121735948,0.0002652829973398223,0.00039480706103994133
BTCUSDT,2025-03-14,0.000238696587724939,0.000025435014447723403,0.00032145510673484487
BTCUSDT,2025-03-14,0.00004697698309084475,-0.0011596618186365812,0.00014260665247170046
BTCUSDT,2025-03-14,0.0005334481805135086,0.00029635776526068004,0.0004805552688628371
BTCUSDT,2025-03-14,0.0003409919726389678,0.0009982908880434326,0.0003842105640576987
BTCUSDT,2025-03-14,0.00017825019670946195,-0.0018143337302398642,0.00027778720180702654
BTCUSDT,2025-03-14,0.0008117353672176601,0.00046273336088076044,0.000592794899773905
BTCUSDT,2025-03-14,0.00024779979562796205,0.0007449977131315259,0.00032752744406877495
BTCUSDT,2025-03-14,0.0012047704477997792,0.00229593478898565,0.0007221865189578098
BTCUSDT,2025-03-14,0.00015316678499771244,0.0011486276977007168,0.00025750135722559924
BTCUSDT,2025-03-14,0.00115080476657024,0.0010145295989576258,0.00070582664699225
BTCUSDT,2025-03-14,0.0006475319044987401,0.0010604480480506323,0.0005294534832658052
BTCUSDT,2025-03-14,0.0002402253895832282,-0.0005388191534381832,0.00032248289013253714
BTCUSDT,2025-03-14,0.00037676717401331826,0.0007358134241566087,0.00040386270802231895
BTCUSDT,2025-03-14,0.0004835151238636499,0.0005609827016253485,0.0004575117535514641
BTCUSDT,2025-03-14,0.0006388033463221825,0.00029996504664533675,0.0005258729298978827
BTCUSDT,2025-03-14,0.00019576277383801573,0.00026375328332145634,0.0002911134554132974
BTCUSDT,2025-03-14,0.0029071672443516878,0.0014969067131884257,0.0011218433877995281
BTCUSDT,2025-03-14,0.001288467467824156,0.0015598141044291139,0.0007468509762114185
BTCUSDT,2025-03-14,0.00029968395434671756,-0.0003859555644205045,0.00036018777581227075
BTCUSDT,2025-03-14,0.0005729854373595905,0.000864987775811584,0.000498045495289056
BTCUSDT,2025-03-14,0.0003384567568355943,0.0010145053407866764,0.00038277963016590023
BTCUSDT,2025-03-14,0.0014117706960912692,0.00048577716561076496,0.0007817705492333825
BTCUSDT,2025-03-14,0.0025865967967102933,0.0014438818477417994,0.0010581849777247024
BTCUSDT,2025-03-14,0.0005326717871305231,0.0001516360449004891,0.00048020543564746216
BTCUSDT,2025-03-14,0.0009867530527462207,0.001052458019904031,0.0006535840775931689
BTCUSDT,2025-03-14,0.00012313056055144,-0.0008044955837388006,0.00023087672456411853
BTCUSDT,2025-03-14,0.00004655206292892623,-0.00046358984328279,0.00014196022853037177
BTCUSDT,2025-03-14,0.0005112087371740478,0.0002698236044566722,0.00047043146076745235
BTCUSDT,2025-03-14,0.0008300980306352239,0.00040487196477353803,0.0005994623556174569
BTCUSDT,2025-03-14,0.0005334678643955849,0.002152614908933849,0.00048056413486550716
BTCUSDT,2025-03-14,8.914417382014695e-7,0.00031744390587899263,0.000019644623346695753
BTCUSDT,2025-03-14,0.0002834320307452626,0.000342581638450553,0.0003502851195029033
BTCUSDT,2025-03-14,0.0010718928201492951,0.0005887257981472869,0.0006811972799390131
BTCUSDT,2025-03-14,0.00046047075506307466,0.0003471865610004736,0.00044647613569757423
BTCUSDT,2025-03-14,0.0013231814431915563,0.0004759255098168469,0.0007568449630325481
BTCUSDT,2025-03-14,0.00002486565602602697,0.0000264469486247332,0.00010375216908012359
BTCUSDT,2025-03-14,0.000389025190735598,0.00022357516004844599,0.0004103799047492082
BTCUSDT,2025-03-14,0.0015909041138094558,0.0016467304581459917,0.0008298875065651071
BTCUSDT,2025-03-14,0.00032607187826362024,-0.0004092293306030876,0.00037571098814987477
BTCUSDT,2025-03-14,0.002427268478649995,0.0032450339312780504,0.0010250761573161456
BTCUSDT,2025-03-14,0.0009482133603606958,-1.1994729516834833e-6,0.0006406934134329044
BTCUSDT,2025-03-14,0.0011930724212007777,-0.0003659059662502276,0.00071867183917875
BTCUSDT,2025-03-14,9.047596843197669e-6,0.00018476925492160096,0.00006258407596269562
BTCUSDT,2025-03-14,0.0004846419571573081,-0.000302276069114391,0.0004580445594903817
BTCUSDT,2025-03-14,0.0008532606087681724,-0.00021470256879947214,0.0006077683393541738
BTCUSDT,2025-03-14,0.002162795453825061,0.0016099399539896296,0.000967620249222863
BTCUSDT,2025-03-14,0.0006493246375161277,0.0003388852869696644,0.000530185889409394
BTCUSDT,2025-03-14,0.00038572389800568287,0.0012948344169033087,0.0004086349397891446
BTCUSDT,2025-03-14,0.0002762382448433566,-0.0008674905770978839,0.0003458112575071266
BTCUSDT,2025-03-14,0.000773828317123065,0.0009482190436976906,0.0005787880198365567
BTCUSDT,2025-03-14,0.0002846659132771507,-0.00002995491785091077,0.00035104675063824843
BTCUSDT,2025-03-14,0.0005812699016664778,0.0012325253940216683,0.0005016330497949654
BTCUSDT,2025-03-14,0.00026837506044462837,-0.00001559589827888247,0.00034085392693031745
BTCUSDT,2025-03-14,0.00017689024473973227,0.0004631812957568517,0.0002767254902918059
BTCUSDT,2025-03-14,0.000465285662565941,0.0003265153281136544,0.00044880435174151614
BTCUSDT,2025-03-14,0.0026082899123614097,0.004141953595440324,0.0010626130740964879
BTCUSDT,2025-03-14,0.0007209806199695922,0.001281369649418471,0.0005586747195823513
BTCUSDT,2025-03-14,0.003080922285274957,0.0035559846611591056,0.0011548819561098213
BTCUSDT,2025-03-14,0.0003295092706411347,-0.0020499803741384224,0.00037768613595218334
BTCUSDT,2025-03-14,0.0027064683255322215,0.004802402412458527,0.0010824272039718684
BTCUSDT,2025-03-14,0.001236737161637784,0.002946882991844493,0.0007317048429901841
BTCUSDT,2025-03-14,0.005218136740238675,0.002957989862206952,0.0015029860577725179
BTCUSDT,2025-03-14,0.0003887413770126734,0.004056869006033035,0.00041023018089832045
BTCUSDT,2025-03-14,0.0001675689822710894,0.0003013435121848991,0.00026933577313801617
BTCUSDT,2025-03-14,0.0006789791311185704,0.001661427580716013,0.0005421574591046876
BTCUSDT,2025-03-14,0.0007213118806490122,0.0016662477755900857,0.0005588030487699134
BTCUSDT,2025-03-14,5.0896739732526006e-6,0.0023282054557128284,0.0000469399049772393
BTCUSDT,2025-03-14,0.0003353774535493955,0.0015901584996662157,0.00038103437353232355
BTCUSDT,2025-03-14,0.0026582764633999983,0.003990165948018819,0.0010727469716208474
BTCUSDT,2025-03-14,0.0015267480077357102,0.0015428844893411728,0.0008129819532864445
BTCUSDT,2025-03-14,0.00007122025618397002,-0.00039105718897481544,0.00017558968104336363
BTCUSDT,2025-03-14,0.0008365419614590632,0.0015374752016899247,0.0006017846272016302
BTCUSDT,2025-03-14,0.0005816412607726584,0.0029217727483248157,0.0005017932647455228
BTCUSDT,2025-03-14,0.005220328421092195,0.005479832262269645,0.0015033016608426934
BTCUSDT,2025-03-14,0.001269448160740147,0.001391447406939891,0.0007413182801796096
BTCUSDT,2025-03-14,0.001724875741198128,0.0017683533613051339,0.0008641241273631807
BTCUSDT,2025-03-14,0.00417703484459119,0.006293352526445175,0.0013447181702893924
BTCUSDT,2025-03-14,0.00036549386165644134,-0.000036577976876219116,0.0003977748017358447
BTCUSDT,2025-03-14,0.0005832602510502559,-0.0017777908210073994,0.0005024911466980809
BTCUSDT,2025-03-14,0.002383035179908439,0.0008429896962187869,0.0010156929805270943
BTCUSDT,2025-03-14,0.0014851812243024648,-0.001681498740565254,0.000801838581935829
BTCUSDT,2025-03-14,0.00016265307940460034,-0.0004583102299854065,0.0002653556683272308
BTCUSDT,2025-03-14,0.003158390604253148,0.0038652010868109937,0.001169311292069337
BTCUSDT,2025-03-14,0.0014662742856133258,-0.00013096889271543532,0.000796718374576719
BTCUSDT,2025-03-14,0.0007478870712937915,0.0007813487041999914,0.0005690038920201014
BTCUSDT,2025-03-14,0.0006303157427438825,0.00006139699416412196,0.000522367683485803
BTCUSDT,2025-03-14,0.0014833918899729572,0.0026588324255846954,0.0008013554120423457
BTCUSDT,2025-03-14,0.00019027042713081962,0.00007339831850116566,0.00028700064366193336
BTCUSDT,2025-03-14,0.0007643372109772433,0.002125188172906243,0.0005752276133247232
BTCUSDT,2025-03-14,0.00015681666727076864,-0.0001713141036457695,0.0002605513538178081
BTCUSDT,2025-03-14,0.001247663775146765,0.00313609353351499,0.0007349300531258398
BTCUSDT,2025-03-14,0.00214811334727627,0.003302926957113093,0.0009643303180690854
BTCUSDT,2025-03-14,0.00182013776622669,0.0016670740183393983,0.0008876655280972792
BTCUSDT,2025-03-14,0.001097068904474699,0.002529147894593329,0.0006891506608278383
BTCUSDT,2025-03-14,0.00013150595570078207,0.00015867358390492874,0.00023859972296306234
BTCUSDT,2025-03-14,0.0023763561620762743,0.003181175248068006,0.0010142686223009194
BTCUSDT,2025-03-14,0.0004540157638196353,-0.00014516314651849235,0.000443335685324743
BTCUSDT,2025-03-14,0.0014606212633516955,0.0018674869662549075,0.0007951810714429998
BTCUSDT,2025-03-14,0.00019302951848906003,0.0004952657308209211,0.0002890740372034353
BTCUSDT,2025-03-14,0.0009920577173285294,0.001239214676312872,0.0006553385171557546
BTCUSDT,2025-03-14,0.0003503927678987977,0.0013177580133221889,0.0003894706999355365
BTCUSDT,2025-03-14,0.00031653046735553533,-9.478055339905164e-6,0.00037017320887091965
BTCUSDT,2025-03-14,0.0005776845582626534,0.0007051822892075673,0.0005000835899740203
BTCUSDT,2025-03-14,0.0008312477761840621,0.0007341565150488198,0.0005998773612293039
BTCUSDT,2025-03-14,0.00026581315405506986,0.0009060539010314801,0.00033922313114362985
BTCUSDT,2025-03-14,0.00008050923707245551,-0.0020730363868677877,0.00018668958047363875
BTCUSDT,2025-03-14,0.000011346105450790777,0.00016034787208182014,0.00007008428257057038
BTCUSDT,2025-03-14,0.00005043522912106584,-0.0007586312472319486,0.00014776249758320816
BTCUSDT,2025-03-14,0.0009936183380865426,0.0006821586134949797,0.0006558537759817935
BTCUSDT,2025-03-14,0.0017728489883296328,0.0016542306920675376,0.0008760584765519793
BTCUSDT,2025-03-14,0.0004616506292280854,-0.0005622423080969102,0.00044704777747404034
BTCUSDT,2025-03-14,9.612677175048484e-6,-0.0016556706937532392,0.00006450886532277584
BTCUSDT,2025-03-14,0.0006907307467450145,0.000794462990762235,0.0005468291005929019
BTCUSDT,2025-03-14,0.00006455120477950611,-0.0011406238347510045,0.00016716655800677014
BTCUSDT,2025-03-14,0.0013743685269440675,0.0006494042508358414,0.0007713452772739526
BTCUSDT,2025-03-14,0.0012917428114208268,0.0015096884406639792,0.000747799638483566
BTCUSDT,2025-03-14,0.0008341125581842123,0.0023625394783060296,0.0006009101698590467
BTCUSDT,2025-03-14,0.00024818092880953165,-4.728976448633862e-6,0.00032777922719369
BTCUSDT,2025-03-14,0.00024881940245397206,-0.0005286034290733903,0.00032820058102918116
BTCUSDT,2025-03-14,0.0000762246270430985,-0.00028511245868399125,0.00018165396353109531
BTCUSDT,2025-03-14,0.00007179370873602506,-0.00016681840081146312,0.00017629517186081665
BTCUSDT,2025-03-14,0.00010965220359093763,-0.0005901480922575857,0.00021787425046953748
BTCUSDT,2025-03-14,0.00022278043899148195,0.002187251750381166,0.000310553016381631
BTCUSDT,2025-03-14,0.0001615079927641598,0.0008785103389041075,0.00026441995929525397
BTCUSDT,2025-03-14,0.001049530039492457,0.0009917693398655374,0.0006740539544249302
BTCUSDT,2025-03-14,0.0003077768408284606,0.0016815339926465642,0.0003650187663154623
BTCUSDT,2025-03-14,0.00014801422619208998,-0.00030614530793667314,0.0002531331092916386
BTCUSDT,2025-03-14,0.0003704030226234434,-0.00015369918498749614,0.0004004372638254909
BTCUSDT,2025-03-14,0.00010286719781804291,-0.00013596586922948607,0.00021102586003922885
BTCUSDT,2025-03-14,0.00015431880403167338,-0.0008444697787835314,0.00025846792043363856
BTCUSDT,2025-03-14,0.00003523023431513867,0.0004637192972577326,0.0001234965968347704
BTCUSDT,2025-03-14,0.00023560753505996883,0.0007370831835673238,0.0003193683040258942
BTCUSDT,2025-03-14,0.00038478043621704706,0.00020000082907268053,0.0004081348832853726
BTCUSDT,2025-03-14,0.0007192369099492183,0.0010809960660359314,0.0005579987260779681
BTCUSDT,2025-03-14,0.00012528387151045152,0.0008165544111216555,0.00023288676430720118
BTCUSDT,2025-03-14,0.0009468229680460852,0.0012694120886971975,0.0006402235075910921
BTCUSDT,2025-03-14,0.004122858821548264,0.003300882438949349,0.0013359692311338996
BTCUSDT,2025-03-14,0.0019314733543883721,0.0025771627208092613,0.0009144113010488567
BTCUSDT,2025-03-14,0.002141274598464723,0.0031225081242367207,0.0009627940699889004
BTCUSDT,2025-03-14,0.00045964377220088204,-0.000383379891301009,0.0004460750309189751
BTCUSDT,2025-03-14,0.0018045516320380887,0.0019344482863045095,0.0008838567449898173
BTCUSDT,2025-03-14,0.00020898198238510893,-0.0006736819347434804,0.00030078186403035726
BTCUSDT,2025-03-14,0.00041577795980112344,0.0003777767526904533,0.0004242559639586934
BTCUSDT,2025-03-14,0.00005104307794289488,-0.0002008262402274592,0.00014865025262349011
BTCUSDT,2025-03-14,0.0004651468112859576,0.0007121292310182242,0.0004487373802940829
BTCUSDT,2025-03-14,0.00019225956612365204,0.0001486720908948329,0.0002884969347136949
BTCUSDT,2025-03-14,0.0007511313160786156,0.0010603754436662833,0.000570236691991882
BTCUSDT,2025-03-14,0.0003825437934124497,0.0005562242167633755,0.0004069469559836412
BTCUSDT,2025-03-14,0.00033623649942334004,0.0018639800287715512,0.0003815220578791755
BTCUSDT,2025-03-14,0.002143135337569642,0.0017240041791792878,0.0009632123067594287
BTCUSDT,2025-03-14,0.00011988922453129592,-0.0006198707969784995,0.0002278176143535925
BTCUSDT,2025-03-14,0.00015461031590754097,-0.00035760981586400737,0.0002587119312642133
BTCUSDT,2025-03-14,0.00015490028310261568,0.00008198820206239389,0.00025895442101023616
BTCUSDT,2025-03-14,0.000019260536050347562,-0.00037791503066076233,0.00009131274724355461
BTCUSDT,2025-03-14,0.00008665275177316467,0.00019971089536862237,0.0001936816176008415
BTCUSDT,2025-03-14,0.00040515225494108857,0.0005502972397592293,0.0004187996927348141
BTCUSDT,2025-03-14,0.00009565515451912982,4.75286865315751e-6,0.0002034939083283278
BTCUSDT,2025-03-14,0.000056427811747876145,0.0005027410187449387,0.0001562945479018104
BTCUSDT,2025-03-14,0.000018350854502046645,-0.00006300504339602551,0.00008913030037068801
BTCUSDT,2025-03-14,0.0001081474488413113,0.00016640912911346182,0.00021637414446549572
BTCUSDT,2025-03-14,0.0012440399795811286,0.002472667495601198,0.0007338619877731593
BTCUSDT,2025-03-14,0.00022699375353476317,-0.00018141406981079028,0.00031347591402047564
BTCUSDT,2025-03-14,0.00036086228020265236,0.0005883399730827143,0.00039524644160574836
BTCUSDT,2025-03-14,0.000566712281805702,0.000309729238601849,0.0004953116427326411
BTCUSDT,2025-03-14,0.00010815548920488336,-0.00035125693381601674,0.00021638218762542858
BTCUSDT,2025-03-14,0.00016544035874639583,0.0005313975405573077,0.00026761962373305726
BTCUSDT,2025-03-14,0.00040636492839636016,0.000865289843095092,0.0004194259854478912
BTCUSDT,2025-03-14,0.00030618190365016266,0.00019310656995537293,0.0003640717519222051
BTCUSDT,2025-03-14,0.00018751562180362646,0.0003175201231357856,0.0002849154179608296
BTCUSDT,2025-03-14,0.00008096460748664948,-0.0006519422776023504,0.00018721680593557626
BTCUSDT,2025-03-14,0.0003235667592084907,0.0010190651464194905,0.0003742649642180755
BTCUSDT,2025-03-14,0.00023974199393367613,0.0005081409511845777,0.0003221582672303212
BTCUSDT,2025-03-14,0.0004216326247992014,0.00034444750960557107,0.0004272325449698454
BTCUSDT,2025-03-14,0.00015472276532230763,-0.00023761915227118915,0.00025880599587206084
BTCUSDT,2025-03-14,0.00005989588233499551,0.0007269375818995833,0.00016102588979590002
BTCUSDT,2025-03-14,0.00004664508604359415,0.0002826354947241893,0.0001421019944514006
BTCUSDT,2025-03-14,0.0008587411421143575,0.0013097158529396169,0.0006097170775834021
BTCUSDT,2025-03-14,0.0008327643666145694,0.001556774364366768,0.0006004243423505882
BTCUSDT,2025-03-14,3.6694485446123086e-6,0.0007584566188867994,0.00003985635929268955
BTCUSDT,2025-03-14,0.0008923482030550816,0.0010515154162029736,0.0006215332986006505
BTCUSDT,2025-03-14,0.00022961870492793857,-0.00011914009459514637,0.0003152832188449486
CRVUSDT,2022-03-15,0.001122955579990625,0.0025595099716513156,0.0013060983307806046
CRVUSDT,2022-03-15,0.0002940297002520224,0.0010214505484645682,0.0006683288151820463
CRVUSDT,2022-03-15,0.001118213098270259,0.005633817718255908,0.0013033374463708278
CRVUSDT,2022-03-15,0.0009513331819940096,-0.002057613894680154,0.0012021562208944807
CRVUSDT,2022-03-15,0.00025958643228740234,0.0015428133685102053,0.0006279652049149101
CRVUSDT,2022-03-15,0.00007432380849859823,0.0,0.00033601492138750046
CRVUSDT,2022-03-15,0.0001152544101463468,-0.0020533888118420066,0.0004184305274731379
CRVUSDT,2022-03-15,0.0007833299141450295,0.0005126890653188563,0.0010908547865559563
CRVUSDT,2022-03-15,0.0009922369978366003,0.0046024116014515785,0.0012277283770370513
CRVUSDT,2022-03-15,0.0001620162155142046,-0.0010209291341072334,0.0004961052550467692
CRVUSDT,2022-03-15,0.0003700557414671381,-0.001020929134107143,0.0007497701721423067
CRVUSDT,2022-03-15,0.0006433631311826108,-0.0015286627180647989,0.0009886046989546556
CRVUSDT,2022-03-15,0.006012666542299031,-0.00152866271806486,0.0030222344039525784
CRVUSDT,2022-03-15,0.0015935719429678332,0.004089985251525166,0.0015558954940497643
CRVUSDT,2022-03-15,0.0021719911298989395,0.003078504227087386,0.0018164506752725896
CRVUSDT,2022-03-15,0.0013541507461800712,0.0025740039951728773,0.0014342606796195968
CRVUSDT,2022-03-15,0.00032048968372426175,0.0010314596066622707,0.0006977528401578776
CRVUSDT,2022-03-15,0.0000655752648875504,0.0005158627919403439,0.0003156200704636936
CRVUSDT,2022-03-15,0.0013396660157071554,0.0036166404701885504,0.001426569241499561
CRVUSDT,2022-03-15,0.0005189058022482097,-0.000517464435867657,0.0008878484668932
CRVUSDT,2022-03-15,0.0003038007031820569,0.003099176034320904,0.0006793427939640057
CRVUSDT,2022-03-15,0.00022552758595204732,-0.0,0.0005853214250625737
CRVUSDT,2022-03-15,0.0010956507554445846,0.0030991760343209197,0.0012901216309131756
CRVUSDT,2022-03-15,0.0006953688479489578,0.0005174644358676277,0.0010277848246897931
CRVUSDT,2022-03-15,0.0013170291732988192,0.0010346612407762387,0.0014144652527307352
CRVUSDT,2022-03-15,0.0004464006738598634,0.0005169294506425463,0.0008234874908494856
CRVUSDT,2022-03-15,0.000571149912275167,0.0005166623726401293,0.0009314716532323291
CRVUSDT,2022-03-15,0.0007127368845203298,0.0005169294506426059,0.001040541013503476
CRVUSDT,2022-03-15,0.00010367544980417553,-0.001549987393756244,0.00039685563364182005
CRVUSDT,2022-03-15,0.00035830657163327226,0.0015499873937563251,0.0007377716664088644
CRVUSDT,2022-03-15,0.00002407103604246488,-0.0,0.00019122381453225292
CRVUSDT,2022-03-15,0.00036228185153119196,0.005154650588664422,0.0007418530302481074
CRVUSDT,2022-03-15,0.00036662601007717276,-0.0010277493196530732,0.0007462875936244468
CRVUSDT,2022-03-15,2.1877249283859404e-6,-0.002055499182095999,0.000057648889178329214
CRVUSDT,2022-03-15,0.0003000811671321117,0.0005145356429443458,0.0006751712730628075
CRVUSDT,2022-03-15,0.0004009407286032403,0.0005142710321623215,0.0007804312899301526
CRVUSDT,2022-03-15,0.00041357170897467514,0.0020586728835364095,0.0007926290712736748
CRVUSDT,2022-03-15,0.0002615086566176827,0.002579315332487987,0.0006302859418084473
CRVUSDT,2022-03-15,0.00036458354346100523,0.001032524614189184,0.0007442059132410115
CRVUSDT,2022-03-15,0.0002951667642332041,0.0025819792294122543,0.0006696198401056438
CRVUSDT,2022-03-15,0.0004240222353716431,0.002070394114308402,0.0008025810500555707
CRVUSDT,2022-03-15,0.00026032499881826907,-0.0010357328735321183,0.0006288579030703482
CRVUSDT,2022-03-15,0.00003119336501690758,0.0,0.0002176835940876732
CRVUSDT,2022-03-15,0.000322142723344335,0.0,0.0006995499801079895
CRVUSDT,2022-03-15,0.0026302643568982234,0.005184044787587843,0.001998914809428753
CRVUSDT,2022-03-15,0.0018135361751454918,-0.002596729581711135,0.001659807402588464
CRVUSDT,2022-03-15,0.00005026875585557941,-0.0031152673169493115,0.00027633993683477573
CRVUSDT,2022-03-15,0.00014073426173498527,-0.0020790028278331553,0.00046237517136771993
CRVUSDT,2022-03-15,0.00006538076079081462,-0.0005190760562955067,0.00031515163936747585
CRVUSDT,2022-03-15,0.00051477760940691,-0.0010384216924818263,0.0008843097431771475
CRVUSDT,2022-03-15,0.0005246091374217723,0.0,0.0008927143398853697
CRVUSDT,2022-03-15,0.00021358827162164994,0.0,0.0005696174514414699
CRVUSDT,2022-03-15,0.000717834505460783,0.0031120357066298002,0.0010442554509387104
CRVUSDT,2022-03-15,0.004384196618445521,0.004153692368693404,0.0025807123316145663
CRVUSDT,2022-03-15,0.00004798859173154534,0.002080083953328005,0.00026999989069707896
CRVUSDT,2022-03-15,0.00047789234793194253,0.0010395011331048897,0.0008520392942439894
CRVUSDT,2022-03-15,0.00027900290273682576,0.0005198856368720565,0.0006510269192015389
CRVUSDT,2022-03-15,0.001027745424074049,0.0031233757822682973,0.001249503167980617
CRVUSDT,2022-03-15,0.00017269088507480468,0.0,0.0005121878751456829
CRVUSDT,2022-03-15,0.0004092059429153191,-0.0,0.0007884343768081988
CRVUSDT,2022-03-15,0.0004327050161631285,-0.0,0.0008107567079456178
CRVUSDT,2022-03-15,0.0008838870339247846,0.003656311203110432,0.0011587585915717323
CRVUSDT,2022-03-15,0.0009778139786056175,0.0015702698855989642,0.0012187726685586034
CRVUSDT,2022-03-15,0.0014848230573991752,0.0005239717175157599,0.0015018685988984093
CRVUSDT,2022-03-15,0.00024662705932272893,-0.0,0.0006120895260044039
CRVUSDT,2022-03-15,0.0010358725794260893,0.0005239717175158237,0.0012544338198177182
CRVUSDT,2022-03-15,0.007352348061809082,0.012500162764231468,0.0033420089983730544
CRVUSDT,2022-03-15,0.005062901776126775,0.010923385596984402,0.002773283939461828
CRVUSDT,2022-03-15,0.0002773649156935959,0.0010454784015529657,0.0006491130620482472
CRVUSDT,2022-03-15,0.0015669387386779451,-0.0015669890905530269,0.0015428389501867619
CRVUSDT,2022-03-15,0.00016381743155509287,-0.0005220569160594852,0.0004988553588584231
CRVUSDT,2022-03-15,0.00022082818686276518,0.0005220569160595142,0.0005791910456229511
CRVUSDT,2022-03-15,0.000631845832096253,0.0005217845148386861,0.0009797158815933753
CRVUSDT,2022-03-15,0.0002350565831111064,-0.002085506491021361,0.000597559004452392
CRVUSDT,2022-03-15,0.00007614568096561568,0.0026007817000574403,0.0003401082941528856
CRVUSDT,2022-03-15,0.00014261953281321184,0.0015572284486063037,0.00046546184903466204
CRVUSDT,2022-03-15,0.00010764572298429016,0.0015548072580235126,0.0004043830794329192
CRVUSDT,2022-03-15,0.000545258689783985,0.002592690070443617,0.0009101141853753973
CRVUSDT,2022-03-15,0.0002684239633499018,0.0005193456361862487,0.0006385651719368799
CRVUSDT,2022-03-15,0.0005545823939503588,0.000519345636186112,0.0009178624956849938
CRVUSDT,2022-03-15,0.00010300537371382282,0.0005193456361862487,0.00039557107425068703
CRVUSDT,2022-03-15,0.00010624883790895669,0.0015596571916468866,0.00040175073502789487
CRVUSDT,2022-03-15,0.0003368515105184054,0.0020833340868542517,0.000715342182255751
CRVUSDT,2022-03-15,0.0003009044344669417,0.0005215123977389782,0.0006760967988850239
CRVUSDT,2022-03-15,0.0018468591379887183,0.004184106522573985,0.0016749871204860926
CRVUSDT,2022-03-15,0.0005852806599636255,0.0015735644474304407,0.0009429239621313104
CRVUSDT,2022-03-15,0.009499291444453698,0.015332047627638614,0.003798745440545683
CRVUSDT,2022-03-15,0.0011471823227952554,0.004255325570138491,0.0013201120909164068
CRVUSDT,2022-03-15,0.0004396977338317238,0.0,0.0008172815583150662
CRVUSDT,2022-03-15,0.00025823988863828503,0.0,0.0006263343762740285
CRVUSDT,2022-03-15,0.006024553550883815,0.004239540001305034,0.003025220399229347
CRVUSDT,2022-03-15,0.004193862786651992,0.0015852050875660318,0.00252407173936804
CRVUSDT,2022-03-15,0.0012855103972931512,0.0,0.0013974374651550376
CRVUSDT,2022-03-15,0.0007674117763061346,0.0005278437705032653,0.001079714205628146
CRVUSDT,2022-03-15,0.0003348596528217431,0.0010565241341999848,0.0007132240791828125
CRVUSDT,2022-03-15,0.00044887329129875847,0.001056524134199868,0.0008257649938206442
CRVUSDT,2022-03-15,0.0016867963894804416,0.004235051327211739,0.0016007588702306812
CRVUSDT,2022-03-15,0.0005486097957099682,0.0,0.0009129066372546398
CRVUSDT,2022-03-15,0.00021919832459041464,0.0005300821751474413,0.0005770496751109429
CRVUSDT,2022-03-15,0.0007390879414833517,0.0047834266068939165,0.001059601694127898
CRVUSDT,2022-03-15,0.00009780463951475116,0.002128792714521534,0.0003854555595495701
CRVUSDT,2022-03-15,0.0001433740016849533,-0.0005314908442945724,0.00046669139051322807
CRVUSDT,2022-03-15,0.0005680447934470268,0.001061571224958825,0.000928936178792382
CRVUSDT,2022-03-15,0.0005150824855573999,0.0010615712249587457,0.0008845715698756716
CRVUSDT,2022-03-15,0.0006706170225748573,-0.0005309264791560056,0.0010093269563718745
CRVUSDT,2022-03-15,0.000059327299869851176,0.0005312085118275164,0.00030020773451448296
CRVUSDT,2022-03-15,0.000039935810321379356,0.001062699356122012,0.0002463064791130337
CRVUSDT,2022-03-15,0.0010797036229544415,0.0021287927145215175,0.0012806983942262884
CRVUSDT,2022-03-15,0.000043585205037891386,0.000532623181699313,0.0002573144244036463
CRVUSDT,2022-03-15,0.0007221843056833816,0.0037343334941185575,0.0010474145650367062
CRVUSDT,2022-03-15,0.000378026255181481,0.002667379548971453,0.0007578016869161984
CRVUSDT,2022-03-15,0.0012043930293357096,0.0037224185497995448,0.001352629024800625
CRVUSDT,2022-03-15,0.00018870862498517082,0.00265041236520135,0.0005354149096242996
CRVUSDT,2022-03-15,0.0008108608110487177,0.0010598835120432463,0.001109858829405128
CRVUSDT,2022-03-15,0.000579863368332296,-0.0005300821751474413,0.0009385500186155079
CRVUSDT,2022-03-15,0.0009937360477852606,0.0005298013368956718,0.0012286554396089332
CRVUSDT,2022-03-15,0.0008315893914658209,0.00158856268513774,0.0011239553422122074
CRVUSDT,2022-03-15,0.0007014438150600811,0.0010587613482420989,0.0010322645920794694
CRVUSDT,2022-03-15,0.00019416880065408146,0.0015894043081068018,0.0005431056360680417
CRVUSDT,2022-03-15,0.00006819282586120955,-0.0,0.0003218577192807827
CRVUSDT,2022-03-15,0.00022444529459902474,0.002118644860285155,0.000583915277428283
CRVUSDT,2022-03-15,0.000035449554747492564,-0.0005295207960636464,0.0002320598344242713
CRVUSDT,2022-03-15,0.0002054292197214794,0.0010593221329593383,0.000558631851149121
CRVUSDT,2022-03-15,0.0014838207060099793,-0.0015885626851378416,0.0015013615842021685
CRVUSDT,2022-03-15,0.00023438171375718913,0.0010598835120432524,0.0005967005640511597
CRVUSDT,2022-03-15,0.00025848512459335964,0.0005295207960635808,0.0006266317030363975
CRVUSDT,2022-03-15,0.00029543043966246,-0.0010582011569479043,0.0006699188623983826
CRVUSDT,2022-03-15,0.0007415283232790899,0.0005289606047694965,0.0010613495928065574
CRVUSDT,2022-03-15,0.0003046298742828898,0.0021186448602852144,0.0006802692361654019
CRVUSDT,2022-03-15,0.0006976443309404517,-0.0,0.0010294650816912775
CRVUSDT,2022-03-15,0.00008901391032081853,-0.003176286418420737,0.0003677253123445307
CRVUSDT,2022-03-15,0.00014252202880778246,-0.0015868821103139966,0.000465302711806594
CRVUSDT,2022-03-15,0.000029298312870978182,0.0015868821103139769,0.00021096766294739425
CRVUSDT,2022-03-15,0.0014150391476865183,0.0015852050875660318,0.001466151378880197
CRVUSDT,2022-03-15,0.0005846018808845792,0.0005278437705031224,0.0009423770256093936
CRVUSDT,2022-03-15,0.0005422578622657129,0.001581861653346408,0.00090760632648113
CRVUSDT,2022-03-15,0.0008756033585229046,0.0015818616533464329,0.0011533159414868059
CRVUSDT,2022-03-15,0.0007857855862894221,0.0015810279973187732,0.0010925633167111076
CRVUSDT,2022-03-15,0.00008215934618059512,-0.000527009234858963,0.00035328327109770806
CRVUSDT,2022-03-15,0.00038396311469742286,0.0005267316424128085,0.0007637291000657631
CRVUSDT,2022-03-15,0.00029874878036261567,0.0005267316424128085,0.0006736706956242535
CRVUSDT,2022-03-15,0.0009972831074054444,0.0010542963549060478,0.0012308462789414102
CRVUSDT,2022-03-15,0.0003735114440236118,-0.0010542963549059923,0.0007532628377431984
CRVUSDT,2022-03-15,0.001479998652481919,0.0021063725534149593,0.0014994267196060925
CRVUSDT,2022-03-15,0.00023050312322604933,-0.0,0.0005917428142132433
CRVUSDT,2022-03-15,0.0015172027916247341,0.0005264543422458623,0.00151815600667643
CRVUSDT,2022-03-15,0.00042757782370459043,-0.0010526316761432445,0.0008059389995917275
CRVUSDT,2022-03-15,0.0001186361980928545,-0.0010515248077204197,0.0004245249269503438
CRVUSDT,2022-03-15,0.00004072668665078933,0.0,0.0002487334108075365
CRVUSDT,2022-03-15,0.0002084209848913881,0.0005259006169064503,0.000562684960674131
CRVUSDT,2022-03-15,0.0013604787943650748,0.004723178552246357,0.0014376079775954133
CRVUSDT,2022-03-15,0.0005537147619080301,0.0010482181253285274,0.000917144226732585
CRVUSDT,2022-03-15,0.0003950167938766234,-0.0005242464078127791,0.0007746443641324773
CRVUSDT,2022-03-15,0.0000479669855691458,-0.0015735644474304407,0.0002699391021007291
CRVUSDT,2022-03-15,0.0004428355651976207,-0.0005245213862717635,0.0008201925725128471
CRVUSDT,2022-03-15,0.00001603801130827765,-0.0005242464078127509,0.00015608811768162253
CRVUSDT,2022-03-15,0.0002460416637716961,0.002625362495083499,0.0006113626646384149
CRVUSDT,2022-03-15,0.0007245470887570512,0.002105263935462427,0.0010491265881780927
CRVUSDT,2022-03-15,0.00042683457198825473,0.002104156483863536,0.0008052382194614503
CRVUSDT,2022-03-15,0.00003625190086485795,0.0,0.0002346712990960653
CRVUSDT,2022-03-15,0.0002061570527464215,0.001576872862881456,0.0005596205888048119
CRVUSDT,2022-03-15,0.00017038896888294154,0.0005261773338973572,0.0005087627698180939
CRVUSDT,2022-03-15,0.00009858446080589983,0.0005259006169064986,0.0003869891762948592
CRVUSDT,2022-03-15,0.00032047947034417434,0.0026308881262764113,0.0006977417220593823
CRVUSDT,2022-03-15,0.00046857554860493675,0.005282632464427224,0.0008436929047832078
CRVUSDT,2022-03-15,0.0001116790462237539,-0.0005295207960636464,0.0004118892276746234
CRVUSDT,2022-03-15,0.0003298043741774159,0.001587721953011576,0.0007078199373369435
CRVUSDT,2022-03-15,0.00008329029159055851,-0.0031695747612790395,0.0003557064800033044
CRVUSDT,2022-03-15,0.00012538012808994018,0.0031612249719023505,0.00043642431633703207
CRVUSDT,2022-03-15,0.0007650653103230333,0.0005259006169064986,0.0010780622553065162
CRVUSDT,2022-03-15,0.000034199478905058096,0.0005259006169064503,0.000227931490286612
CRVUSDT,2022-03-15,0.002900905350552285,-0.0015785322930497267,0.002099236481836192
CRVUSDT,2022-03-15,0.008337064357510736,0.004221642153828341,0.003558780175919475
CRVUSDT,2022-03-15,0.00012815662736084034,0.007372334602323808,0.0004412300887287439
CRVUSDT,2022-03-15,0.0003986222764626642,0.002100841108811839,0.0007781715844765138
CRVUSDT,2022-03-15,0.00023372077702084326,-0.0036755095198025465,0.000595858647375357
CRVUSDT,2022-03-15,0.0006519619825775447,0.0015710922320413677,0.000995189354040325
CRVUSDT,2022-03-15,0.0003181524948947398,-0.0010460251999797707,0.000695203984054211
CRVUSDT,2022-03-15,0.00032320386651589055,0.000523149371073552,0.000700701197146164
CRVUSDT,2022-03-15,0.0006735093802138685,0.002095338639853948,0.0010115012178702693
CRVUSDT,2022-03-15,0.00004955398947246362,-0.0,0.0002743682781551426
CRVUSDT,2022-03-15,0.0003726855247224971,0.002094241603114685,0.0007524295585658398
CRVUSDT,2022-03-15,0.0005087389011460731,0.0010454784015529657,0.0008791076503223149
CRVUSDT,2022-03-15,0.0005575907112806949,0.0026089239948004815,0.0009203485890601981
CRVUSDT,2022-03-15,0.0009684369095282868,0.0,0.0012129146795638952
CRVUSDT,2022-03-15,0.0003308385950952176,-0.0015629073251732834,0.0007089288813728659
CRVUSDT,2022-03-15,0.0024595555862797123,0.0010400416954139326,0.0019329601768902167
CRVUSDT,2022-03-15,0.0012886019793397474,-0.0005196154962327853,0.0013991168363175143
CRVUSDT,2022-03-15,0.00032187302121024127,0.0015588467692910788,0.0006992570825587312
CRVUSDT,2022-03-15,0.0011711136233162145,0.0010405828202230594,0.0013338104086506994
CRVUSDT,2022-03-15,0.0006632291511220478,-0.0005206977467293873,0.0010037519199391728
CRVUSDT,2022-03-15,0.001174926433465101,0.0031298930089277044,0.0013359798963929902
CRVUSDT,2022-03-15,0.0005473721623583549,0.0020920509722240632,0.0009118763224060757
CRVUSDT,2022-03-15,0.0008369935718731098,0.0026157482871519613,0.0011276015053273023
CRVUSDT,2022-03-15,0.001806483621389931,-0.0010438414308981804,0.0016565768952925307
CRVUSDT,2022-03-15,0.0013845042268548634,0.0005215123977389679,0.0014502461748563636
CRVUSDT,2022-03-15,0.0002230488972261003,0.0026034901453962536,0.0005820960146328705
CRVUSDT,2022-03-15,0.00020990383123148086,-0.001041124508410615,0.0005646830716486308
CRVUSDT,2022-03-15,0.00010307744829420142,-0.0,0.0003957094438937637
CRVUSDT,2022-03-15,0.002430821915263351,0.002080083953328005,0.0019216361371551184
CRVUSDT,2022-03-15,0.00034277513452049584,-0.0005190760562955067,0.0007216045129498374
CRVUSDT,2022-03-15,0.0021301254757415,-0.0005188067561245312,0.0017988592299903827
CRVUSDT,2022-03-15,0.0011914965145917644,-0.000518806756124439,0.0013453676287669383
CRVUSDT,2022-03-15,0.0005893836300792324,0.0015556134845647852,0.0009462232614756834
CRVUSDT,2022-03-15,0.0016362586542630366,-0.0031023809784813516,0.0015765965212261091
CRVUSDT,2022-03-15,2.1045642372934587e-6,-0.000516395570473653,0.000056542587497994164
CRVUSDT,2022-03-15,0.0014783142621081016,0.006217636610870562,0.0014985732259419585
CRVUSDT,2022-03-15,0.0005135415729091672,-0.000519615496232866,0.0008832474436394844
CRVUSDT,2022-03-15,0.00029451357939830553,0.0,0.0006688785171955687
CRVUSDT,2022-03-15,0.0006509959170581586,0.0005204267616811197,0.0009944517538711226
CRVUSDT,2022-03-15,4.589509334032466e-6,0.0015612805669526324,0.00008349831555840436
CRVUSDT,2022-03-15,0.0021965589739299397,0.00155803718871455,0.0018266949140009262
CRVUSDT,2022-03-15,0.0010226174453473616,-0.0015564205476583796,0.001246382045742809
CRVUSDT,2022-03-15,0.00019163213613540038,-0.001554001866734099,0.0005395463464309265
CRVUSDT,2022-03-15,0.00029857920988266446,0.0005171968049087742,0.0006734794799854609
CRVUSDT,2022-03-15,0.0005252338301685701,-0.0005169294506425463,0.0008932456938174923
CRVUSDT,2022-03-15,0.00027107092021474104,0.0036241302933913452,0.0006417059271807253
CRVUSDT,2022-03-15,0.0002309783763892823,-0.0005182689932021143,0.0005923525301039492
CRVUSDT,2022-03-15,0.0007015223945908725,0.0015531973093996228,0.0010323224103921786
CRVUSDT,2022-03-15,0.00010010574376991698,-0.0010341262555513561,0.0003899636117125961
CRVUSDT,2022-03-15,9.099536685170289e-6,0.001033591823282692,0.00011757208657417486
CRVUSDT,2022-03-15,0.0006690932686753675,-0.0,0.0010081796245441635
CRVUSDT,2022-03-15,0.000869491370610917,0.0025793153324879634,0.0011492836377618334
CRVUSDT,2022-03-15,0.0003906505765912159,-0.0005153311116364386,0.0007703513012418741
CRVUSDT,2022-03-15,0.0003817940183798867,-0.0010303967938964016,0.0007615688037002639
CRVUSDT,2022-03-15,0.0009763923368913822,-0.0,0.001217886360764411
CRVUSDT,2022-03-15,0.0002704052793792597,0.0015436072012763996,0.0006409175574507991
CRVUSDT,2022-03-15,0.0017070355409410233,0.004106781952653502,0.001610333646908834
CRVUSDT,2022-03-15,0.000055255044198197306,-0.004089985251525066,0.00028972138388370835
CRVUSDT,2022-03-15,0.0008372602491714863,0.007117467768863955,0.0011277811254491248
CRVUSDT,2022-03-15,0.0011502992977905446,-0.0005069708600346835,0.0013219042930218566
CRVUSDT,2022-03-15,0.0010842826473621697,0.0025310061600420626,0.0012834112427123144
CRVUSDT,2022-03-15,0.004207913151256429,0.002524616337138683,0.0025282963023210104
CRVUSDT,2022-03-15,0.0008687037717497722,-0.00503019169299879,0.0011487630003018073
CRVUSDT,2022-03-15,0.002934858257386805,-0.0005013788021801545,0.0021114857330520676
CRVUSDT,2022-03-15,0.007357257043240492,0.007042282625412923,0.003343124500689152
CRVUSDT,2022-03-15,0.003517186718220552,-0.0010090818212451498,0.0023114914848541526
CRVUSDT,2022-03-15,0.004713685723412525,0.00505562249718068,0.0026759309172109612
CRVUSDT,2022-03-15,0.001601033389935582,0.002025317148001597,0.0015595337590988522
CRVUSDT,2022-03-15,0.00019450992214509563,0.001012145835394629,0.000543582498739512
CRVUSDT,2022-03-15,0.0015442096624223437,0.0015186031771900596,0.0015316083256695253
CRVUSDT,2022-03-15,0.0010340213718618208,0.002532288008036256,0.0012533124194356378
CRVUSDT,2022-03-15,0.005024230095853262,0.007631682932159722,0.002762672126690769
CRVUSDT,2022-03-15,0.0005054080301416435,-0.0005103342800221258,0.0008762250293167968
CRVUSDT,2022-03-15,0.00023001693931436537,-0.0005103342800221108,0.000591118424191083
CRVUSDT,2022-03-15,0.0008068977831539746,0.0005103342800221258,0.0011071433270422948
CRVUSDT,2022-03-15,0.0008846091996045588,0.0020429016298002933,0.0011592318674525618
CRVUSDT,2022-03-15,0.000024076777691323697,0.0015333506709895503,0.000191246619419621
CRVUSDT,2022-03-15,0.00020692370337057624,0.003579650971503049,0.0005606601732835777
CRVUSDT,2022-03-15,0.004734825975999865,0.00461894585629464,0.0026819248011458133
CRVUSDT,2022-03-15,0.0005974276585145854,0.0015420203518154184,0.0009526585029017779
CRVUSDT,2022-03-15,0.0005838035106901765,-0.0010277493196529687,0.0009417333202099264
CRVUSDT,2022-03-15,0.0013368053425130112,0.0010282777255659324,0.001425045305963942
CRVUSDT,2022-03-15,0.0004373849638970533,-0.001029336169114132,0.0008151293112392308
CRVUSDT,2022-03-15,0.0008077741168340211,-0.0010293361691140592,0.001107744372007264
CRVUSDT,2022-03-15,0.00022638387384720752,0.0015412281499336022,0.0005864315526880233
CRVUSDT,2022-03-15,0.0001682977090592856,0.0010272214565300254,0.000505630994518161
CRVUSDT,2022-03-15,0.000057253700007108196,-0.0005140066934037316,0.00029491466214282827
CRVUSDT,2022-03-15,0.000701647467967657,0.0025673955052457334,0.0010324144318987832
CRVUSDT,2022-03-15,0.00003271065989917608,-0.0015372793188863979,0.00022291497188689662
CRVUSDT,2022-03-15,0.00023794503507791669,0.001024590253567669,0.0006012192940610468
CRVUSDT,2022-03-15,0.0004505513577529742,0.002047083621724823,0.0008273070725249705
CRVUSDT,2022-03-15,0.0001604601786873901,0.0,0.0004937171591713029
CRVUSDT,2022-03-15,0.0009914820412624504,0.0010214505484645682,0.00122726122151566
CRVUSDT,2022-03-15,0.00344862975563775,0.0035650661644961446,0.002288852841364602
CRVUSDT,2022-03-15,0.00006044314676977991,0.0005082592231396446,0.0003030177847029653
CRVUSDT,2022-03-15,0.0002025305057394384,-0.0015263294746479471,0.0005546765546163347
CRVUSDT,2022-03-15,0.00024400906198375656,-0.00152866271806486,0.0006088321298817458
CRVUSDT,2022-03-15,0.0008247206650420724,0.0025516727292321587,0.0011193039183001144
CRVUSDT,2022-03-15,0.00042390414383987075,0.0005108556943794842,0.0008024692815944152
CRVUSDT,2022-03-15,0.0008228340078622624,0.002555585341812753,0.0011180229076687219
CRVUSDT,2022-03-15,0.00013098421244584423,0.0010230179920344864,0.0004460710744610137
CRVUSDT,2022-03-15,0.0002122975840836061,0.0005111168013135466,0.0005678937795682388
CRVUSDT,2022-03-15,0.0003668547681755108,-0.0,0.0007465203822210724
CRVUSDT,2022-03-15,0.00018806006859474028,0.0,0.0005344940570914491
CRVUSDT,2022-03-15,0.00007778823971231306,0.001020929134107143,0.0003437570055644186
CRVUSDT,2022-03-15,0.0013894006104331884,0.002037698107015319,0.001452808353522515
CRVUSDT,2022-03-15,0.00014699880728361186,0.001016776905086811,0.00047255405168285204
CRVUSDT,2022-03-15,0.0038081536608542245,0.011236073266925842,0.002405203447648394
CRVUSDT,2022-03-15,0.0005193016977183588,0.0005134788302806617,0.0008881870911363452
CRVUSDT,2022-03-15,0.0012648257060399238,-0.0005134788302805876,0.0013861490365036364
CRVUSDT,2022-03-15,0.0004895133317398542,0.0025647616008380963,0.0008623366567434643
CRVUSDT,2022-03-15,0.00007555084749483541,-0.000512163903641298,0.0003387772636770336
CRVUSDT,2022-03-15,0.000045622267749250103,0.001023541542787158,0.0002632588744490768
CRVUSDT,2022-03-15,0.000339672713591831,0.003062789530545731,0.0007183315077380249
CRVUSDT,2022-03-15,0.00048372708580579637,0.00306122688038485,0.0008572249217916074
CRVUSDT,2022-03-15,0.00033017542249325733,0.005120338887975335,0.0007082179938636045
CRVUSDT,2022-03-15,0.00008272061059470778,0.0010261673553121748,0.0003544879291611095
CRVUSDT,2024-02-15,0.0006348931573162529,0.001906578270581669,0.000752293255792656
CRVUSDT,2024-02-15,0.0010098237761678652,0.0019029501460860636,0.0009487671540733764
CRVUSDT,2024-02-15,0.00045644840441295704,0.0,0.0006378707560830832
CRVUSDT,2024-02-15,0.0017101035285094592,0.0019065782705815315,0.001234661900490926
CRVUSDT,2024-02-15,0.00009539011821275186,0.0019029501460860636,0.00029160068425282133
CRVUSDT,2024-02-15,0.0010961774322406704,0.0018957351648991973,0.0009885013655426154
CRVUSDT,2024-02-15,0.0008021781442682243,0.0037878833169371563,0.0008456141816989276
CRVUSDT,2024-02-15,0.00030039343681636073,0.0,0.0005174662922258558
CRVUSDT,2024-02-15,0.0012207279757802394,0.0037807228399060443,0.0010431488749743604
CRVUSDT,2024-02-15,0.0001623848624532116,0.0018885746878681546,0.0003804605366297061
CRVUSDT,2024-02-15,0.00015027714041430582,-0.0,0.00036600187177983275
CRVUSDT,2024-02-15,0.0005135152629416282,0.0018885746878681546,0.0006765712256692043
CRVUSDT,2024-02-15,0.0003124650980335279,0.001885014695771335,0.0005277613747530116
CRVUSDT,2024-02-15,0.0005964587344625833,0.0018885746878681362,0.0007291670689907299
CRVUSDT,2024-02-15,0.0007514907664188268,0.0037807228399061523,0.0008184622809388538
CRVUSDT,2024-02-15,0.0007877847350816539,0.003773589383639491,0.000837993453437635
CRVUSDT,2024-02-15,0.00022548660065952242,0.0,0.00044832939537106236
CRVUSDT,2024-02-15,0.000013706509591043515,-0.0018957351648992008,0.00011053511881322385
CRVUSDT,2024-02-15,0.0010207522970564252,0.0038022859497385706,0.0009538872155354427
CRVUSDT,2024-02-15,0.0005013227172777283,0.0038022859497384787,0.0006684909585426794
CRVUSDT,2024-02-15,0.0019466593205924132,0.0018957351648992008,0.0013172912952768509
CRVUSDT,2024-02-15,0.0003089231660559304,0.0018993358036525374,0.0005247616438011829
CRVUSDT,2024-02-15,0.00044099177841435484,0.0018957351648991973,0.0006269776960936705
CRVUSDT,2024-02-15,7.016060605355612e-6,-0.0037878833169371563,0.00007908306834506932
CRVUSDT,2024-02-15,0.000032898649624850565,0.0,0.00017124814714914393
CRVUSDT,2024-02-15,0.0000415802120567754,-0.0,0.0001925219248688158
CRVUSDT,2024-02-15,0.000026789682120613842,-0.0018921481520379623,0.00015453278282743168
CRVUSDT,2024-02-15,0.0004942866103756122,-0.0,0.0006637832181080375
CRVUSDT,2024-02-15,0.0004934557130832923,0.0037878833169370917,0.0006632250726461358
CRVUSDT,2024-02-15,0.000117800705590691,0.0018957351648992008,0.00032404907874793794
CRVUSDT,2024-02-15,0.000024133260547031135,0.0018957351648992008,0.0001466712002888748
CRVUSDT,2024-02-15,0.0002639237951735628,0.0018921481520379623,0.00048503839603525605
CRVUSDT,2024-02-15,0.0004698139573849094,-0.0,0.0006471423216607568
CRVUSDT,2024-02-15,0.0010510516072775988,-0.0,0.000967940954325364
CRVUSDT,2024-02-15,0.00001748600473062696,-0.0,0.00012484815852520863
CRVUSDT,2024-02-15,0.0003801661434921065,-0.0,0.0005821348022585647
CRVUSDT,2024-02-15,0.000013888737489316664,-0.0018993358036525374,0.00011126747429648035
CRVUSDT,2024-02-15,0.00008873259000319257,-0.0,0.00028124086459127275
CRVUSDT,2024-02-15,0.00011112014599445655,0.0,0.000314726452762545
CRVUSDT,2024-02-15,0.00003681158208437289,0.0018993358036525163,0.00018114614104531212
CRVUSDT,2024-02-15,0.0008800663601730663,0.0018957351648991973,0.0008857161337160586
CRVUSDT,2024-02-15,2.1381649397143127e-6,0.0,0.00004365735771253741
CRVUSDT,2024-02-15,0.000029776404916431217,0.0018957351648992008,0.00016291946529260314
CRVUSDT,2024-02-15,0.0007317677554804054,0.0,0.0008076505249354406
CRVUSDT,2024-02-15,0.00271021429866024,0.0056550574833450565,0.0015543136512498773
CRVUSDT,2024-02-15,0.0002464834848310457,0.0037594029239057455,0.0004687386425486643
CRVUSDT,2024-02-15,3.930995031007511e-6,0.0018779348242001143,0.00005919541814313598
CRVUSDT,2024-02-15,0.00215320712208601,0.0018814680997055087,0.001385414564870813
CRVUSDT,2024-02-15,0.000771670123343256,-0.0,0.0008293783382849147
CRVUSDT,2024-02-15,0.000017850960478568546,-0.0,0.00012614430242950602
CRVUSDT,2024-02-15,0.0003211089784562936,0.0018814680997055703,0.0005350114414751919
CRVUSDT,2024-02-15,0.0006824841125082759,-0.0,0.000779979373947519
CRVUSDT,2024-02-15,0.00045730459018246346,0.0018814680997055703,0.0006384687207099627
CRVUSDT,2024-02-15,0.00026424026733086996,-0.0,0.00048532911472370547
CRVUSDT,2024-02-15,0.0009795075786995413,0.0018814680997055087,0.0009344170312131951
CRVUSDT,2024-02-15,0.00016123088984435887,-0.0018850146957714257,0.00037910627301143614
CRVUSDT,2024-02-15,4.148979687011622e-6,-0.001885014695771335,0.00006081455028276987
CRVUSDT,2024-02-15,0.0005070617382911417,0.001885014695771335,0.000672306431234726
CRVUSDT,2024-02-15,0.0002092375707023942,0.0018885746878681546,0.0004318736228028583
CRVUSDT,2024-02-15,0.000734496693395934,0.0018814680997055703,0.0008091550850286959
CRVUSDT,2024-02-15,0.0008387822421377533,-0.001885014695771335,0.0008646920358284282
CRVUSDT,2024-02-15,0.00008225674149958585,-0.0,0.00027078374851681176
CRVUSDT,2024-02-15,0.0003399843568872479,-0.0,0.0005505113949210249
CRVUSDT,2024-02-15,0.00022585855426516074,0.0,0.00044869901605381295
CRVUSDT,2024-02-15,0.0009516645223772713,-0.0,0.0009210406219033692
CRVUSDT,2024-02-15,0.001417735046906182,0.0037878833169370917,0.0011241761905869735
CRVUSDT,2024-02-15,0.0018056068491672315,0.0037878833169371563,0.0012686693329967947
CRVUSDT,2024-02-15,0.0004888332808861944,-0.0,0.0006601113927679875
CRVUSDT,2024-02-15,0.0003262316266434672,0.0018957351648992008,0.0005392620719616376
CRVUSDT,2024-02-15,0.000604551661137818,-0.0018993358036525163,0.0007340971781437583
CRVUSDT,2024-02-15,0.002416221862360871,0.0038167985267008537,0.0014675917104797081
CRVUSDT,2024-02-15,0.0021887598397120817,0.005719748672786909,0.001396805386033746
CRVUSDT,2024-02-15,0.000540662136945085,-0.0019029501460860636,0.0006942243196503263
CRVUSDT,2024-02-15,0.0005320353221147054,0.0038022859497384787,0.000688663520503295
CRVUSDT,2024-02-15,0.0003796287337494979,-0.0018993358036525374,0.0005817231985970791
CRVUSDT,2024-02-15,0.000041264076124091477,-0.0018993358036525374,0.00019178865267922742
CRVUSDT,2024-02-15,0.0015897927657709558,-0.0,0.001190438882379125
CRVUSDT,2024-02-15,0.00040150226661345135,0.0038022859497384787,0.0005982474359357146
CRVUSDT,2024-02-15,0.0005669114797833316,0.0037950709685515343,0.0007108770128155981
CRVUSDT,2024-02-15,9.14687830613474e-6,0.0018957351648991973,0.00009029699461514895
CRVUSDT,2024-02-15,0.00012029757834774402,-0.0018957351648992008,0.0003274653008322812
CRVUSDT,2024-02-15,0.00010957926070793568,-0.0018957351648992008,0.00031253670435534215
CRVUSDT,2024-02-15,0.0001407320610542473,0.0018957351648992008,0.0003541876135939654
CRVUSDT,2024-02-15,0.0009205460914966596,0.0018993358036525163,0.0009058569369158736
CRVUSDT,2024-02-15,0.00004101348791258081,0.0018993358036525163,0.00019120541942946076
CRVUSDT,2024-02-15,0.00001531158308178544,-0.0,0.00011682798678074381
CRVUSDT,2024-02-15,0.0006633604541209403,0.0,0.0007689739612375468
CRVUSDT,2024-02-15,0.0005626803414169239,0.0,0.000708219232581158
CRVUSDT,2024-02-15,0.00021705930005857577,-0.0018993358036525163,0.00043987172294921627
CRVUSDT,2024-02-15,0.0002477259356803599,-0.0,0.0004699185444419997
CRVUSDT,2024-02-15,0.0002115114563657914,-0.0018957351648992008,0.0004342139711062807
CRVUSDT,2024-02-15,0.0008803504232004107,0.0,0.000885859065498545
CRVUSDT,2024-02-15,0.0027993990830062687,0.0018993358036525163,0.0015796804858576581
CRVUSDT,2024-02-15,0.0002247564947380965,0.0,0.00044760298116282483
CRVUSDT,2024-02-15,0.00036874988639436885,0.0018957351648991973,0.0005733275255631803
CRVUSDT,2024-02-15,0.0027841574171039093,0.0037735893836394877,0.0015753742359294212
CRVUSDT,2024-02-15,0.0009048464394168718,0.0018885746878681362,0.0008980991516050164
CRVUSDT,2024-02-15,0.0002974563100761256,0.0,0.0005149302888926452
CRVUSDT,2024-02-15,0.00005241944045654748,-0.0018921481520379265,0.0002161638345092642
CRVUSDT,2024-02-15,0.00027061770873471313,-0.0018921481520379623,0.0004911509083273151
CRVUSDT,2024-02-15,0.00021516417874220127,-0.0,0.0004379472769442316
CRVUSDT,2024-02-15,0.00024430218373404865,-0.0018921481520379623,0.0004666599387899147
CRVUSDT,2024-02-15,0.0002467579873843272,0.0018957351648992008,0.00046899958122796046
CRVUSDT,2024-02-15,0.00010116604060946093,0.0018957351648992008,0.0003002992321941359
CRVUSDT,2024-02-15,0.00031195746902143884,0.0,0.0005273325014396615
CRVUSDT,2024-02-15,0.0003870839621863186,-0.0,0.0005874074281501766
CRVUSDT,2024-02-15,0.0003919336412968605,0.0,0.0005910757152546424
CRVUSDT,2024-02-15,0.0001877466292987804,-0.0018957351648992008,0.00040909382067680296
CRVUSDT,2024-02-15,0.00013100973722956715,-0.0,0.0003417343485790938
CRVUSDT,2024-02-15,0.000053706445453945774,-0.0,0.00021880137661010377
CRVUSDT,2024-02-15,0.00035280300834930015,0.0,0.0005607935179366223
CRVUSDT,2024-02-15,0.0003941800778744071,-0.0,0.0005927672221200483
CRVUSDT,2024-02-15,0.00042088089728901197,0.0,0.0006125146105838634
CRVUSDT,2024-02-15,0.0007751581570519431,0.0018921481520379623,0.0008312506654783876
CRVUSDT,2024-02-15,0.00029185253907192295,0.0018921481520379623,0.0005100568485428605
CRVUSDT,2024-02-15,0.0010814780016351834,0.0018921481520379265,0.0009818512337592266
CRVUSDT,2024-02-15,0.00048624829827391907,0.0,0.0006583637229780559
CRVUSDT,2024-02-15,0.0009060960416177319,0.0,0.0008987190797107355
CRVUSDT,2024-02-15,0.0008871975572459476,0.0,0.0008892973822752541
CRVUSDT,2024-02-15,0.000029777375582299314,0.0,0.00016292212073532514
CRVUSDT,2024-02-15,0.0014316288409214584,0.005644417619677131,0.0011296712201863011
CRVUSDT,2024-02-15,0.0013787353529834273,0.0018814680997055087,0.0011086061949179135
CRVUSDT,2024-02-15,0.001015885235132875,-0.0018814680997055703,0.0009516103773955057
CRVUSDT,2024-02-15,0.0006171015887245652,0.003773589383639491,0.0007416776252071787
CRVUSDT,2024-02-15,0.0002817702736317223,-0.0018885746878681362,0.0005011692681930226
CRVUSDT,2024-02-15,9.354393219748342e-6,-0.0018885746878681362,0.00009131553253593614
CRVUSDT,2024-02-15,0.0011408083506390175,0.0037664827954768648,0.0010084240415170777
CRVUSDT,2024-02-15,0.0010800175880575577,-0.0,0.0009811880703472857
CRVUSDT,2024-02-15,0.00031244115884037184,-0.0,0.0005277411574174307
CRVUSDT,2024-02-15,0.0001492819579238115,-0.0037664827954768934,0.00036478796897323627
CRVUSDT,2024-02-15,0.0006363705575465701,-0.001885014695771335,0.0007531680426657731
CRVUSDT,2024-02-15,0.0001754433736376086,0.0018814680997055703,0.0003954625206427542
CRVUSDT,2024-02-15,0.00012278668577785234,0.0018814680997055087,0.00033083578861970266
CRVUSDT,2024-02-15,0.00001987095269622708,0.0,0.00013309023441313345
CRVUSDT,2024-02-15,0.00007319095618697645,0.0,0.00025542626665100564
CRVUSDT,2024-02-15,0.00040558350581000873,0.0018814680997055087,0.0006012803174136653
CRVUSDT,2024-02-15,6.476307523309339e-6,0.0,0.00007598022523257567
CRVUSDT,2024-02-15,0.00006343785611452368,-0.001885014695771335,0.0002377995859045806
CRVUSDT,2024-02-15,0.00017602884303545707,0.001885014695771335,0.0003961218170323842
CRVUSDT,2024-02-15,0.0013181970687805977,0.0018921481520379265,0.001083994343651742
CRVUSDT,2024-02-15,0.0001424694667092108,-0.0018957351648992008,0.0003563672162347077
CRVUSDT,2024-02-15,0.001772915014231671,0.0037950709685516094,0.0012571317765647419
CRVUSDT,2024-02-15,0.0007327663484580535,0.0,0.0008082014095402763
CRVUSDT,2024-02-15,0.000645476929556712,0.0037950709685515343,0.0007585377646031094
CRVUSDT,2024-02-15,0.0004994160283724774,0.0018957351648991973,0.0006672185061971501
CRVUSDT,2024-02-15,0.0025203048357673404,0.0037950709685516094,0.0014988679787663408
CRVUSDT,2024-02-15,0.0002927613498423116,0.0018993358036525374,0.0005108503740282936
CRVUSDT,2024-02-15,0.001086626929431259,0.0018993358036525163,0.0009841857602516416
CRVUSDT,2024-02-15,0.0018477776105373551,0.0018957351648991973,0.0012833989967992727
CRVUSDT,2024-02-15,0.0030867026798126014,0.0037807228399061523,0.0016587626379640727
CRVUSDT,2024-02-15,0.0005238550267402648,-0.0,0.0006833487479795404
CRVUSDT,2024-02-15,0.0002088484915686764,-0.0,0.00043147189953225516
CRVUSDT,2024-02-15,0.00023532735010564894,0.0,0.00045800798271993534
CRVUSDT,2024-02-15,0.00022864705656542108,0.0018885746878681362,0.00045146039032144936
CRVUSDT,2024-02-15,0.0009773800369960663,0.0,0.0009334016782258072
CRVUSDT,2024-02-15,0.00003768601023244557,-0.0018885746878681546,0.00018328500094277035
CRVUSDT,2024-02-15,0.0002758007735629454,0.001885014695771335,0.0004958320381168611
CRVUSDT,2024-02-15,0.00007620689690253165,0.0,0.00026063574930422587
CRVUSDT,2024-02-15,0.0025377065606797555,0.0037735893836394877,0.0015040336276974612
CRVUSDT,2024-02-15,0.0004246591498593362,0.001885014695771335,0.0006152577433448855
CRVUSDT,2024-02-15,0.00001850015613724249,0.0,0.00012841759793341106
CRVUSDT,2024-02-15,0.000029607753183696197,-0.001885014695771335,0.00016245742719088536
CRVUSDT,2024-02-15,0.00008490247551569647,0.0,0.00027510407398478767
CRVUSDT,2024-02-15,0.0006273547849157065,-0.0,0.0007478137609999173
CRVUSDT,2024-02-15,0.00012207586014578533,0.0037807228399061523,0.0003298767762598599
CRVUSDT,2024-02-15,0.0006525023854475112,0.0037664827954768648,0.0007626546053134753
CRVUSDT,2024-02-15,0.0036758571039150053,0.003752349618550372,0.001810156630087067
CRVUSDT,2024-02-15,0.00041969450239358016,-0.0018709079358116025,0.0006116507117513342
CRVUSDT,2024-02-15,0.0013468468273789478,0.003738322110607104,0.0010957108168943778
CRVUSDT,2024-02-15,0.0006711758025185161,0.001874414794350352,0.0007734905116667023
CRVUSDT,2024-02-15,0.0007456693952241673,0.0018674141747954624,0.0008152860371443349
CRVUSDT,2024-02-15,0.001305379459614876,0.003738322110607104,0.0010787113109411385
CRVUSDT,2024-02-15,0.00048692930955300485,0.0018709079358116025,0.000658824594767371
CRVUSDT,2024-02-15,0.00015238115516524815,0.0,0.0003685551430602468
CRVUSDT,2024-02-15,0.0016339218791524212,-0.0018674141747954624,0.0012068477619093102
CRVUSDT,2024-02-15,0.00006692950496883179,-0.0018709079358117313,0.00024425623113256143
CRVUSDT,2024-02-15,0.0012975338656196938,-0.0018709079358116025,0.0010754647891882561
CRVUSDT,2024-02-15,0.003911354827808198,0.003752349618550464,0.001867241336637689
CRVUSDT,2024-02-15,0.00009905848672890027,0.0018779348242001143,0.0002971547589030379
CRVUSDT,2024-02-15,0.00028442961889767855,0.0018709079358116025,0.0005035287296084385
CRVUSDT,2024-02-15,0.0003083427049431175,0.003745322730162053,0.0005242684031154151
CRVUSDT,2024-02-15,0.0013829655601538132,0.003745322730162113,0.0011103055936506837
CRVUSDT,2024-02-15,0.00030143852965936786,0.0,0.0005183656640110252
CRVUSDT,2024-02-15,0.000025856489217674002,0.0018674141747954624,0.00015181742582120363
CRVUSDT,2024-02-15,0.001026467106973291,0.0018639334380627327,0.0009565537172391569
CRVUSDT,2024-02-15,0.000981606835141145,0.0018604656529196708,0.0009354178050389007
CRVUSDT,2024-02-15,0.005188586886419464,0.013121087962697212,0.0021506086689735433
CRVUSDT,2024-02-15,0.00180621685857702,0.0018814680997055703,0.0012688836196446548
CRVUSDT,2024-02-15,0.0008918981265835809,0.0037594029239057013,0.0008916501174021071
CRVUSDT,2024-02-15,0.0024792018857918144,-0.001885014695771335,0.0014865954253508974
CRVUSDT,2024-02-15,0.0006289217612329716,0.005644417619677131,0.0007487471049971731
CRVUSDT,2024-02-15,0.00009112945347706196,0.0037594029239057013,0.0002850140228744321
CRVUSDT,2024-02-15,0.00041901854764045496,-0.0018814680997055703,0.0006111579547443522
CRVUSDT,2024-02-15,0.0022914773713021493,0.007547205635382966,0.00142920534484981
CRVUSDT,2024-02-15,0.0004187466281693856,-0.0037950709685516094,0.0006109596189919345
CRVUSDT,2024-02-15,0.0012859589572789848,0.007561472700576488,0.0010706570946330686
CRVUSDT,2024-02-15,0.000017251398883478322,-0.0,0.00012400780025549672
CRVUSDT,2024-02-15,0.0005763251187053418,0.0037594029239057455,0.0007167548155261567
CRVUSDT,2024-02-15,0.001838136163352965,0.0018779348242002089,0.0012800463186830415
CRVUSDT,2024-02-15,0.0013046444769745712,0.003752349618550372,0.0010784075886354793
CRVUSDT,2024-02-15,0.0009295871920745574,0.0,0.0009102944836138958
CRVUSDT,2024-02-15,0.00048492611248618746,-0.0,0.0006574680162895381
CRVUSDT,2024-02-15,0.0001029772841153244,-0.0,0.00030297553574657664
CRVUSDT,2024-02-15,0.00042007277409843803,-0.003752349618550464,0.0006119262908285532
CRVUSDT,2024-02-15,7.419863453867725e-6,0.001874414794350352,0.00008132700927236794
CRVUSDT,2024-02-15,0.000790462619480952,0.0018779348242002089,0.0008394165235376987
CRVUSDT,2024-02-15,0.00045249662485286426,-0.0,0.0006351035164147536
CRVUSDT,2024-02-15,0.0003284640455779274,0.0,0.000541104024522941
CRVUSDT,2024-02-15,0.0002448898327445623,0.0,0.00046722085792352954
CRVUSDT,2024-02-15,0.0004289860727734468,0.0018779348242001143,0.0006183842812135411
CRVUSDT,2024-02-15,0.0004182297705223184,0.003738322110607158,0.0006105824498025469
CRVUSDT,2024-02-15,0.0002868978891722391,-0.0018674141747954732,0.0005057088124975779
CRVUSDT,2024-02-15,0.000573108551295406,0.0018709079358117313,0.0007147518523149542
CRVUSDT,2024-02-15,0.0001752974141432325,-0.0018709079358117313,0.00039529798459143857
CRVUSDT,2024-02-15,0.0011123990496581023,0.0,0.0009957885994341194
CRVUSDT,2024-02-15,0.0006541460531394329,0.0018709079358116025,0.0007636145729129319
CRVUSDT,2024-02-15,0.0013356859343442121,-0.0,0.0010911614683028633
CRVUSDT,2024-02-15,0.000744735867558451,0.0018709079358116025,0.0008147755358188123
CRVUSDT,2024-02-15,0.00046034604157582567,0.0018674141747954624,0.0006405883730749877
CRVUSDT,2024-02-15,0.000773136898875487,0.0018639334380627533,0.0008301661971672406
CRVUSDT,2024-02-15,0.00029330487448751987,0.0018674141747954624,0.0005113243625106665
CRVUSDT,2024-02-15,0.002350343223065639,0.003724399090982494,0.0014474463949214309
CRVUSDT,2024-02-15,0.001258737779095695,-0.0,0.0010592646490797369
CRVUSDT,2024-02-15,0.0004922927749717754,0.0018604656529196708,0.0006624430929686981
CRVUSDT,2024-02-15,0.001415502296132637,0.0018639334380627533,0.0011232906251642943
CRVUSDT,2024-02-15,0.000359762358093682,-0.0018639334380627327,0.0005662975801410964
CRVUSDT,2024-02-15,0.0001240119190027777,-0.0018639334380627533,0.0003324823222306377
CRVUSDT,2024-02-15,0.000041011227898375895,0.0,0.0001912001512489289
CRVUSDT,2024-02-15,3.4345242908627697e-6,-0.0,0.00005533120666014248
CRVUSDT,2024-02-15,0.0009140288025773471,0.0018639334380627533,0.0009026445948581284
CRVUSDT,2024-02-15,0.00021114694794278303,0.0,0.0004338396582863469
CRVUSDT,2024-02-15,0.0017812920580225582,0.0018674141747954732,0.001260098257566603
CRVUSDT,2024-02-15,0.00032479026969273373,0.0,0.0005380694690580157
CRVUSDT,2024-02-15,0.00004233564738708145,-0.0018709079358116025,0.00019426293587133575
CRVUSDT,2024-02-15,0.0007234804368847763,0.0,0.0008030641547157545
CRVUSDT,2024-02-15,0.0003559341293877665,0.0018709079358116025,0.0005632765376530866
CRVUSDT,2024-02-15,0.0009913759131924206,0.0018639334380627327,0.000940060980696351
CRVUSDT,2024-02-15,0.000864177818561932,0.0018570107472126892,0.0008776844472476852
CRVUSDT,2024-02-15,0.00016371082272779812,0.0018535686493228347,0.00038201071164064264
CRVUSDT,2024-02-15,0.0017836468875711664,-0.0,0.001260930893787965
CRVUSDT,2024-02-15,0.0002952361501837888,-0.0,0.000513005016600556
CRVUSDT,2024-02-15,0.00002529746169365367,-0.0018570107472127711,0.00015016728149287048
CRVUSDT,2024-02-15,0.0005894447262892736,-0.0,0.0007248670997804047
CRVUSDT,2024-02-15,0.001774745337753966,0.005602255548669898,0.0012577805285587584
CRVUSDT,2024-02-15,0.0006004908760931074,0.0,0.0007316275516468036
CRVUSDT,2024-02-15,0.0014095847646958045,0.0,0.0011209401983048168
CRVUSDT,2024-02-15,0.0014403459510671105,0.003731347612858184,0.0011331052540164994
CRVUSDT,2024-02-15,0.0004414983373550349,0.003724399090982494,0.0006273376914720821
CRVUSDT,2024-02-15,0.00025814560106787943,-0.0018604656529196783,0.00047969943800514755
CRVUSDT,2024-02-15,0.000015594391845100865,-0.0037243990909824397,0.00011790197132613099
CRVUSDT,2024-02-15,0.0000959628271552355,0.0018674141747954624,0.0002924747391740634
CRVUSDT,2024-02-15,0.0008231598427815576,0.0018674141747954732,0.0008566017020915593
CRVUSDT,2024-02-15,0.001436821938400071,0.0055918132657779345,0.0011317182529746402
CRVUSDT,2024-02-15,0.00016331869272108855,-0.0037174764001325733,0.0003815529298360452
CRVUSDT,2024-02-15,0.00029209002621790643,0.0018570107472126892,0.0005102643288575614
CRVUSDT,2024-02-15,0.0005557798426763347,0.0,0.0007038631697971031
CRVUSDT,2024-02-15,0.001968041591274186,0.0037105793965355534,0.0013245061567433499
CRVUSDT,2024-02-15,0.0005758229730782995,0.00557104504945536,0.0007164424972562178
CRVUSDT,2024-02-15,0.00023757335543856965,0.0037174764001325733,0.0004601884464856953
CRVUSDT,2024-02-15,0.000017900191072604504,0.0018570107472126892,0.00012631812733782276
CRVUSDT,2024-02-15,0.0008504114127470723,0.0018604656529196783,0.0008706655987376017
CRVUSDT,2024-02-15,0.00009567094471263825,0.0037174764001325733,0.0002920296019415213
CRVUSDT,2024-02-15,0.0010010968234118378,-0.0,0.0009446586092137131
CRVUSDT,2024-02-15,0.0005794184071644916,-0.0018639334380627533,0.0007186757472233775
CRVUSDT,2024-02-15,0.00261078963261814,0.003724399090982494,0.0015255371390713425
CRVUSDT,2024-02-15,0.0008287675066821555,0.0018604656529196783,0.0008595144907656108
CRVUSDT,2024-02-15,0.0005409216906592596,-0.0037174764001325733,0.000694390936533499
CRVUSDT,2024-02-15,0.000828215962348766,-0.0018570107472126892,0.0008592284399485798
CRVUSDT,2024-02-15,0.0019121329344753855,-0.0,0.00130555714576465
CRVUSDT,2024-02-15,0.0003054018665754141,0.0018604656529196783,0.0005217622914522182
CRVUSDT,2024-02-15,0.001022432712637793,0.005560718684697179,0.0009546720620557438
CRVUSDT,2024-02-15,0.000053053245798565646,-0.0018501392881613734,0.00021746673035555252
CRVUSDT,2024-02-15,0.0006989988344717172,0.0036968618813260916,0.000789359919743439
CRVUSDT,2024-02-15,0.0028986568939245974,0.007421184337616816,0.0016074417769097054
CRVUSDT,2024-02-15,0.00019181088038079983,-0.0,0.00041349804882136984
CRVUSDT,2024-02-15,0.00029716771532560223,0.003724399090982494,0.0005146804333080114
CRVUSDT,2024-02-15,0.0008293811268520256,0.0,0.0008598326245214552
CRVUSDT,2024-02-15,0.00018451945911845087,0.0,0.00040556263091050964
CRVUSDT,2024-02-15,0.00010905036183382697,-0.0,0.0003117815420473248
CRVUSDT,2024-02-15,0.00006144843402432536,-0.0,0.00023404116704940755
CRVUSDT,2024-02-15,0.0002729488212907894,-0.0,0.0004932617698124341
CRVUSDT,2024-02-15,0.00005378531936495936,-0.0,0.00021896198478840343
CRVUSDT,2024-02-15,0.0015213027926240829,0.0036968618813262026,0.001164513899230767
CRVUSDT,2024-02-15,0.000054929263708970177,0.0,0.00022127825302389274
CRVUSDT,2024-02-15,0.0008178365532815411,0.0018467225931646629,0.0008538274323164251
CRVUSDT,2024-02-15,0.00050446853864145,-0.0,0.000670585083092343
CRVUSDT,2024-02-15,0.0007087589119360204,0.0,0.0007948517076779388
CRVUSDT,2024-02-15,0.00028690900505064416,0.001843318494289224,0.0005057186092640077
CRVUSDT,2025-03-14,0.0011806578680870082,0.0025348556031881157,0.00129588584429436
CRVUSDT,2025-03-14,0.0012939535540927066,-0.0,0.0013566382475221877
CRVUSDT,2025-03-14,0.0006315443654424192,-0.0,0.0009477780476616205
CRVUSDT,2025-03-14,0.00005645190450994577,-0.005089069507471293,0.00028336356786120583
CRVUSDT,2025-03-14,0.000361606660573958,0.002547772078798783,0.0007171713366113566
CRVUSDT,2025-03-14,0.0006807149747492418,0.0025412974286725325,0.0009839824788407294
CRVUSDT,2025-03-14,0.0012591810223742369,-0.0025412974286725325,0.0013382855780131252
CRVUSDT,2025-03-14,0.0000824002292196273,-0.0,0.00034234888907403225
CRVUSDT,2025-03-14,0.001656294940909231,-0.0025348556031881157,0.0015348769024466026
CRVUSDT,2025-03-14,0.0007588624248294652,0.002522069432709939,0.0010389298816732473
CRVUSDT,2025-03-14,0.00025050145571027874,0.0025157245972473705,0.0005969113542791133
CRVUSDT,2025-03-14,0.00004980523726925346,0.005025136202673043,0.00026615965180293684
CRVUSDT,2025-03-14,0.0001866262684869929,-0.002522069432709835,0.0005152180852950183
CRVUSDT,2025-03-14,0.001929951278592154,0.0025284463533586906,0.0016568297560505601
CRVUSDT,2025-03-14,0.00023724598958302321,0.0025157245972473705,0.0005809037137083986
CRVUSDT,2025-03-14,0.0003098551250402794,0.002515724597247247,0.0006638715460654616
CRVUSDT,2025-03-14,0.00012252526102813412,-0.0,0.00041746255924306576
CRVUSDT,2025-03-14,0.0002246587730831435,0.0025284463533586906,0.0005652836240724934
CRVUSDT,2025-03-14,0.0009067842350557041,0.007547205635382904,0.0011356818720198987
CRVUSDT,2025-03-14,0.0008113459558410254,0.0,0.0010742559081767821
CRVUSDT,2025-03-14,0.0011988660258474742,-0.0,0.0013058402162926025
CRVUSDT,2025-03-14,0.0021805863002043774,0.005012541823544286,0.0017611297465412624
CRVUSDT,2025-03-14,0.00011759240069820692,0.0,0.00040897272138620263
CRVUSDT,2025-03-14,0.0014356233818503125,0.005037794029957181,0.0014289761307997176
CRVUSDT,2025-03-14,0.0002509224993635153,-0.0025157245972473705,0.0005974127889273354
CRVUSDT,2025-03-14,3.0091818996468515e-6,-0.002515724597247247,0.00006542277078799423
CRVUSDT,2025-03-14,0.00009390600163687493,-0.002515724597247247,0.0003654697092378589
CRVUSDT,2025-03-14,0.0005473211792471538,0.0,0.0008823194236322068
CRVUSDT,2025-03-14,0.0007897695136228027,0.0,0.0010598756036813031
CRVUSDT,2025-03-14,0.00017228620039281555,-0.002509411605425707,0.000495028222493662
CRVUSDT,2025-03-14,0.00023809829450069476,0.0,0.0005819462249481496
CRVUSDT,2025-03-14,0.00019903432581761858,-0.002496880198587146,0.0005320699160787405
CRVUSDT,2025-03-14,0.0001274693490020957,-0.0,0.000425801901885645
CRVUSDT,2025-03-14,0.00014270850736506773,-0.0,0.00045053615140904933
CRVUSDT,2025-03-14,0.0006332003816702813,0.002496880198587146,0.0009490198513754823
CRVUSDT,2025-03-14,0.0008014275226702891,0.007453450654580972,0.001067669507404003
CRVUSDT,2025-03-14,0.0010875071066871556,-0.0,0.0012437146924907353
CRVUSDT,2025-03-14,0.00013129966309023463,0.0,0.00043215199164852873
CRVUSDT,2025-03-14,0.000933696815532224,0.002490661312451919,0.001152411681299933
CRVUSDT,2025-03-14,0.00010069257155397657,-0.0,0.0003784455728853816
CRVUSDT,2025-03-14,0.00020803686226331398,-0.0,0.0005439698891077346
CRVUSDT,2025-03-14,0.0009285690381204149,0.0050000104167057515,0.0011492428548704947
CRVUSDT,2025-03-14,0.0006637324419458248,0.0,0.0009716307164327712
CRVUSDT,2025-03-14,0.0001615837016632126,-0.0,0.00047940602690483067
CRVUSDT,2025-03-14,0.00010947084570036173,-0.0,0.0003945971548922311
CRVUSDT,2025-03-14,0.00012806870808831802,0.002503130218118477,0.0004268017851817378
CRVUSDT,2025-03-14,0.0011139222661227714,0.0,0.001258728760876476
CRVUSDT,2025-03-14,0.0011285512351167583,0.0,0.0012669671459009906
CRVUSDT,2025-03-14,0.0022113233533832964,0.0,0.0017734985561311692
CRVUSDT,2025-03-14,0.00009467079079784551,0.0,0.0003669549204191563
CRVUSDT,2025-03-14,0.00020607056289805668,-0.0,0.000541393069186547
CRVUSDT,2025-03-14,0.00016619150646909038,-0.0,0.00048619347414419065
CRVUSDT,2025-03-14,0.000043385100963147936,-0.0,0.0002484134001364046
CRVUSDT,2025-03-14,0.0008487055842642466,0.004987541511039051,0.0010987104188816088
CRVUSDT,2025-03-14,0.00003539902165203903,0.002496880198587146,0.00022438836941737213
CRVUSDT,2025-03-14,0.00045561242089587467,0.0024968801985871545,0.0008050122527989629
CRVUSDT,2025-03-14,0.000051724091348589454,-0.0,0.0002712383838616073
CRVUSDT,2025-03-14,0.0003809310691638559,-0.0025031302181184748,0.0007360849035603803
CRVUSDT,2025-03-14,0.0000637138392916444,-0.0,0.00030103819469196134
CRVUSDT,2025-03-14,0.00004764073165106044,-0.0025031302181184748,0.00026031184140771205
CRVUSDT,2025-03-14,0.0008067948406597252,0.002509411605425807,0.001071238737919809
CRVUSDT,2025-03-14,0.00123409458651598,0.0025031302181184748,0.0013248872985996433
CRVUSDT,2025-03-14,0.0006878847234664314,0.002509411605425807,0.0009891508883879767
CRVUSDT,2025-03-14,0.000700726746568825,0.0,0.0009983413522370009
CRVUSDT,2025-03-14,0.00010035871981675732,-0.0050125418235441935,0.00037781767347991785
CRVUSDT,2025-03-14,0.0008261976169446285,0.0,0.0010840434307999216
CRVUSDT,2025-03-14,0.0022294444820233333,0.004987541511038968,0.0017807503729984108
CRVUSDT,2025-03-14,0.0013036188961413082,0.0024906613124518304,0.001361695607413996
CRVUSDT,2025-03-14,0.00004747611205326723,-0.0,0.0002598617064945507
CRVUSDT,2025-03-14,0.0003180137221608874,-0.002490661312451919,0.0006725547480208605
CRVUSDT,2025-03-14,0.004034810689036517,0.004975134640113708,0.0023956109766963786
CRVUSDT,2025-03-14,0.0008588739174135144,0.0024844733276619658,0.0011052726412154646
CRVUSDT,2025-03-14,0.0012495445091484584,-0.0,0.0013331547924610992
CRVUSDT,2025-03-14,0.0020542678109731235,0.004987541511039051,0.0017093588450097584
CRVUSDT,2025-03-14,0.0011002105732400896,-0.0,0.0012509576869977272
CRVUSDT,2025-03-14,0.00004017009817826978,-0.0,0.0002390320629242623
CRVUSDT,2025-03-14,0.0000558708117887835,-0.0,0.000281901381243345
CRVUSDT,2025-03-14,0.00006779511590585521,0.0,0.0003105302527492321
CRVUSDT,2025-03-14,0.000840143121050568,0.004987541511038968,0.0010931540066756074
CRVUSDT,2025-03-14,0.0007790192457665945,0.002490661312451919,0.0010526374247420939
CRVUSDT,2025-03-14,0.002298188953523588,-0.0,0.00180799647508092
CRVUSDT,2025-03-14,0.0016505944678776685,0.004987541511038968,0.00153223333170656
CRVUSDT,2025-03-14,0.00002750747581277501,0.0,0.00019780172873088228
CRVUSDT,2025-03-14,0.0000372781273507888,-0.0,0.00023026702861844394
CRVUSDT,2025-03-14,0.0014439789756351413,0.002490661312451919,0.0014331285503796692
CRVUSDT,2025-03-14,0.0003494419441351476,0.002496880198587146,0.0007050050525660091
CRVUSDT,2025-03-14,0.0006478097784335315,-0.002496880198587146,0.0009599054614326347
CRVUSDT,2025-03-14,0.000013936842680513963,-0.0,0.00014079489617299204
CRVUSDT,2025-03-14,0.00006330574226380115,0.002496880198587146,0.0003000725477521225
CRVUSDT,2025-03-14,0.0006309577989384547,0.0,0.0009473378062218946
CRVUSDT,2025-03-14,0.00043280780325640665,-0.002496880198587146,0.0007846071367317817
CRVUSDT,2025-03-14,0.0001246105062013291,0.0024968801985871545,0.00042099994890868836
CRVUSDT,2025-03-14,0.0012857784796080057,0.004987541511038968,0.0013523459019393154
CRVUSDT,2025-03-14,0.0001790126112137966,0.0,0.000504599164149121
CRVUSDT,2025-03-14,4.824128632207791e-6,0.0024906613124518304,0.00008283505267309241
CRVUSDT,2025-03-14,0.00007752317801771564,-0.0,0.0003320630075312917
CRVUSDT,2025-03-14,0.00017166574089792666,0.0024968801985871545,0.0004941360384654154
CRVUSDT,2025-03-14,0.0012851401511093272,0.0024968801985871545,0.0013520101722202396
CRVUSDT,2025-03-14,0.00013040535866160134,0.0025031302181184748,0.00043067774651652256
CRVUSDT,2025-03-14,0.0012295358024371871,0.0024906613124518304,0.001322437946910005
CRVUSDT,2025-03-14,0.00133477256773428,0.0,0.0013778703324051735
CRVUSDT,2025-03-14,0.0009293665649487888,0.0024783160144670005,0.0011497362782211058
CRVUSDT,2025-03-14,0.00037377559919509005,0.004950505159856203,0.0007291387614384802
CRVUSDT,2025-03-14,0.00003136432908257891,-0.0024844733276619658,0.00021121400613273537
CRVUSDT,2025-03-14,0.0006137078507517336,-0.0024844733276619658,0.000934298286787625
CRVUSDT,2025-03-14,0.000661896464824204,0.004950505159856205,0.0009702859523485302
CRVUSDT,2025-03-14,0.00004583987111300245,-0.0,0.0002553444407033247
CRVUSDT,2025-03-14,0.0021482562764520313,0.00247831601446709,0.0017480254753937797
CRVUSDT,2025-03-14,0.0015101810316925674,0.0074349784875179905,0.0014656126963576298
CRVUSDT,2025-03-14,0.00019738772022498006,-0.002472189145389073,0.0005298644451446673
CRVUSDT,2025-03-14,0.002466188264725292,-0.0,0.001872913958708889
CRVUSDT,2025-03-14,0.0010785043041669521,0.0,0.0012385560194047884
CRVUSDT,2025-03-14,0.0006292162450077982,0.0024783160144670005,0.0009460294937496141
CRVUSDT,2025-03-14,0.00034810335654560765,0.0,0.0007036534453532991
CRVUSDT,2025-03-14,0.00048355264413925,0.004962789342129014,0.0008293285076088769
CRVUSDT,2025-03-14,0.0006614108053268403,-0.002484473327661945,0.0009699299185241838
CRVUSDT,2025-03-14,0.00012061427190119052,0.0,0.0004141942473390583
CRVUSDT,2025-03-14,0.0009958944537479056,0.002484473327661945,0.0011901764972541257
CRVUSDT,2025-03-14,0.00004676059043849801,0.0,0.0002578960593398051
CRVUSDT,2025-03-14,0.0007621081662219588,0.002484473327661945,0.0010411493219757207
CRVUSDT,2025-03-14,0.001160042045867513,0.002484473327661945,0.0012845220930764205
CRVUSDT,2025-03-14,0.0003368833218924075,0.0,0.0006922205186974231
CRVUSDT,2025-03-14,0.000022379775422534275,-0.002496880198587146,0.00017841549740883975
CRVUSDT,2025-03-14,0.0010429218136388287,0.004987541511038968,0.0012179531658262606
CRVUSDT,2025-03-14,0.0003247644437895304,-0.0024968801985871545,0.0006796556798793279
CRVUSDT,2025-03-14,0.0005004998993140093,0.002496880198587146,0.0008437362535809523
CRVUSDT,2025-03-14,0.0010295627394986192,-0.0,0.0012101274751121162
CRVUSDT,2025-03-14,0.0005466796315970297,0.0074720148387010564,0.00088180216251859
CRVUSDT,2025-03-14,0.0006243911728613811,0.0024844733276619658,0.0009423952541668752
CRVUSDT,2025-03-14,0.0009289716928742787,0.0,0.0011494920005588878
CRVUSDT,2025-03-14,0.0008448767896015867,-0.00247831601446709,0.0010962292923892094
CRVUSDT,2025-03-14,0.00048070289163400416,0.004975134640113843,0.0008268811284181545
CRVUSDT,2025-03-14,0.0001835565651397576,0.0,0.0005109632601391161
CRVUSDT,2025-03-14,0.0010944135396690497,0.0024906613124518304,0.0012476576725894432
CRVUSDT,2025-03-14,0.00006862589504574618,-0.0,0.0003124271188705831
CRVUSDT,2025-03-14,3.3531042068893206e-6,-0.002490661312451919,0.00006906026464530232
CRVUSDT,2025-03-14,0.0000789022929559734,-0.0,0.00033500363941697825
CRVUSDT,2025-03-14,0.0004123905181324914,-0.0,0.0007658770373400236
CRVUSDT,2025-03-14,0.0008779985075490177,0.0024968801985871545,0.0011175104728384131
CRVUSDT,2025-03-14,0.0006245311875691624,0.0,0.0009425009105290674
CRVUSDT,2025-03-14,0.0002836693603411893,-0.0024906613124518304,0.0006352006410214246
CRVUSDT,2025-03-14,0.0024973872214993,0.0024968801985871545,0.0018847235431789415
CRVUSDT,2025-03-14,0.00036027664338435423,0.0024906613124518304,0.0007158512158696168
CRVUSDT,2025-03-14,0.00035639694271668074,0.0,0.0007119863998330836
CRVUSDT,2025-03-14,0.0008346824109088855,0.002490661312451919,0.0010895956077836802
CRVUSDT,2025-03-14,0.0010834235404317846,0.0024906613124518304,0.0012413774351159282
CRVUSDT,2025-03-14,0.0013500572966081864,0.004975134640113708,0.001385737000536442
CRVUSDT,2025-03-14,0.0002666676159080124,-0.002484473327661945,0.000615871138272454
CRVUSDT,2025-03-14,0.00032164479895737313,0.0,0.0006763834609419039
CRVUSDT,2025-03-14,0.0017722515820519757,0.004975134640113843,0.0015876961781462694
CRVUSDT,2025-03-14,0.00015012347174905678,-0.002490661312451919,0.0004620925988712818
CRVUSDT,2025-03-14,0.000014886677909224025,-0.0,0.00014551360795268632
CRVUSDT,2025-03-14,0.0007762002126135708,0.002490661312451919,0.0010507311116248065
CRVUSDT,2025-03-14,0.0001467608588794931,-0.0,0.0004568880880922009
CRVUSDT,2025-03-14,0.0002819313704085458,0.0024968801985871545,0.0006332517726685516
CRVUSDT,2025-03-14,0.00019380109887718336,0.0024906613124518304,0.0005250284418152161
CRVUSDT,2025-03-14,0.0000409906054417662,0.0,0.0002414609358395361
CRVUSDT,2025-03-14,0.00021932471090620436,-0.0,0.0005585325601886625
CRVUSDT,2025-03-14,0.0008944815484816468,0.004987541511039051,0.0011279514481425707
CRVUSDT,2025-03-14,0.00011530850639806026,0.0,0.0004049816881322162
CRVUSDT,2025-03-14,0.00013709897054802245,-0.004987541511038968,0.0004415926231924221
CRVUSDT,2025-03-14,0.00010875019164837623,-0.0,0.00039329618024860105
CRVUSDT,2025-03-14,0.003209706610311195,0.0024844733276619658,0.0021366696507544897
CRVUSDT,2025-03-14,0.0005044941450572997,0.0,0.0008470962870985399
CRVUSDT,2025-03-14,0.0019649564784637924,0.007472014838700954,0.0016717879125808602
CRVUSDT,2025-03-14,0.0023373237365365298,-0.004975134640113708,0.001823325256361685
CRVUSDT,2025-03-14,0.002233095495152513,0.0074349784875179905,0.0017822078848214302
CRVUSDT,2025-03-14,0.0011560843135989501,-0.004938281640582566,0.00128232900960929
CRVUSDT,2025-03-14,0.0004962626767808622,-0.0,0.0008401571348347837
CRVUSDT,2025-03-14,0.00037959523334488355,-0.0,0.0007347931316165827
CRVUSDT,2025-03-14,0.0011777841548721365,0.0024783160144670005,0.0012943077948065797
CRVUSDT,2025-03-14,0.0019094485152821104,-0.00247831601446709,0.0016480056241182125
CRVUSDT,2025-03-14,0.0004966838727267448,0.0024783160144670005,0.0008405135949735259
CRVUSDT,2025-03-14,0.00002705405159213218,-0.002484473327661945,0.00019616470520848693
CRVUSDT,2025-03-14,0.0016401743214640996,0.004950505159856205,0.0015273892060976763
CRVUSDT,2025-03-14,0.0003886339314167805,0.0049261183360557815,0.0007434898962117938
CRVUSDT,2025-03-14,0.0011252995333051916,0.002453988961566787,0.001265140568994589
CRVUSDT,2025-03-14,0.002139898965436335,0.002453988961566703,0.0017446220108057043
CRVUSDT,2025-03-14,0.0010891006461698945,0.002453988961566703,0.0012446255752598726
CRVUSDT,2025-03-14,0.000014323755276161798,0.0,0.00014273588075735212
CRVUSDT,2025-03-14,0.004150977705839947,0.012210163906931337,0.002429852511976221
CRVUSDT,2025-03-14,0.001762208284665991,-0.0024242436115064756,0.0015831910728226583
CRVUSDT,2025-03-14,0.008991328275864654,-0.0,0.003576157520473081
CRVUSDT,2025-03-14,0.003700795370260002,0.004819286435948922,0.0022943107978417947
CRVUSDT,2025-03-14,0.001384643226073145,0.004819286435948883,0.0014033747416354627
CRVUSDT,2025-03-14,0.0008698477893847236,-0.004819286435948922,0.0011123112892545343
CRVUSDT,2025-03-14,0.0012363046468906957,0.004807701568103078,0.0013260730955378572
CRVUSDT,2025-03-14,0.0005737905181044249,0.00480770156810312,0.000903402725855213
CRVUSDT,2025-03-14,0.001980421822914785,-0.0,0.0016783539873028311
CRVUSDT,2025-03-14,0.006421493069034351,0.009685305734463655,0.003022196665570676
CRVUSDT,2025-03-14,0.0000471488159017833,-0.0,0.00025896442547225957
CRVUSDT,2025-03-14,0.0003989903757420977,-0.0024242436115064756,0.0007533311452326002
CRVUSDT,2025-03-14,0.0006164709522424296,0.0024242436115064756,0.0009363991738492504
CRVUSDT,2025-03-14,0.003806950402445844,0.007290433262679232,0.002326983599505175
CRVUSDT,2025-03-14,0.001359146398294414,0.004866189651172906,0.001390393831337544
CRVUSDT,2025-03-14,0.0010269405664715798,0.0,0.0012085854677644126
CRVUSDT,2025-03-14,0.0007323292578486494,-0.0,0.0010206055029842104
CRVUSDT,2025-03-14,0.0010929948443972638,0.002430134853291782,0.0012468487370365952
CRVUSDT,2025-03-14,0.0003694495497880944,-0.004878058453432855,0.0007249069838793845
CRVUSDT,2025-03-14,0.001999287282737022,-0.002442003655551809,0.001686329023552547
CRVUSDT,2025-03-14,0.0009199388344376324,0.002436054797881121,0.0011438898049691468
CRVUSDT,2025-03-14,0.0015229873010329713,-0.002436054797881121,0.0014718137438560924
CRVUSDT,2025-03-14,0.0001437392870103308,0.0,0.00045216032898759043
CRVUSDT,2025-03-14,0.0014336056968457331,0.0,0.001427971606385193
CRVUSDT,2025-03-14,0.006193895103900548,0.007290433262679232,0.0029681554072423615
CRVUSDT,2025-03-14,0.0013093519703020412,0.002436054797881121,0.0013646865649858948
CRVUSDT,2025-03-14,0.0007659745001465935,0.0,0.001043786964877977
CRVUSDT,2025-03-14,0.00028983716698838984,0.0024360547978811158,0.0006420690723802399
CRVUSDT,2025-03-14,0.0005183819477553355,0.0,0.0008586766387364865
CRVUSDT,2025-03-14,0.0037642304684968597,0.0024420036555517443,0.002313890568226055
CRVUSDT,2025-03-14,0.000329179535380667,0.0,0.0006842599589028622
CRVUSDT,2025-03-14,0.0005416894952283131,0.0024479816386400372,0.0008777683550708498
CRVUSDT,2025-03-14,0.0013993288654363168,-0.0,0.0014107972662442347
CRVUSDT,2025-03-14,0.0006318190891222359,0.002453988961566787,0.000947984168384966
CRVUSDT,2025-03-14,0.0007755216420960755,0.0,0.001050271725605865
CRVUSDT,2025-03-14,0.00009487900110217751,-0.0,0.0003673582223893821
CRVUSDT,2025-03-14,0.0008062003514371924,0.0024479816386400372,0.0010708439924343748
CRVUSDT,2025-03-14,0.0009351394837670672,0.0024420036555517443,0.0011533016415030488
CRVUSDT,2025-03-14,0.00017703863769957676,-0.0,0.0005018093424473544
CRVUSDT,2025-03-14,0.00047318152195374773,0.004889985294191792,0.0008203866818324984
CRVUSDT,2025-03-14,0.00015185701193565551,0.0,0.00046475293173741126
CRVUSDT,2025-03-14,0.000447548672335344,-0.0024479816386400372,0.0007978566140052209
CRVUSDT,2025-03-14,0.0001918116142694516,0.00488998529419177,0.0005223266239324833
CRVUSDT,2025-03-14,0.0013309080648223762,0.004878058453432773,0.001375874245664301
CRVUSDT,2025-03-14,0.005099876557089828,0.004854378464798143,0.0026932988462993928
CRVUSDT,2025-03-14,0.001543291865092041,-0.0024242436115063915,0.0014815924167577799
CRVUSDT,2025-03-14,0.001532909009370841,0.002430134853291782,0.0014766001267376714
CRVUSDT,2025-03-14,0.0006554034188514848,0.0,0.0009655150867158395
CRVUSDT,2025-03-14,0.00018638724080298805,0.002430134853291782,0.0005148880383930046
CRVUSDT,2025-03-14,0.0005133316050272641,0.0,0.0008544835669317544
CRVUSDT,2025-03-14,0.00037035877539504797,0.0,0.0007257984438536905
CRVUSDT,2025-03-14,0.0014208426243515755,0.0,0.0014216009388062307
CRVUSDT,2025-03-14,0.00021220775172146552,-0.0,0.0005493958000922886
CRVUSDT,2025-03-14,0.0006271692322906914,-0.0,0.0009444893936598591
CRVUSDT,2025-03-14,0.000011229524060481882,0.002430134853291782,0.0001263820477834351
CRVUSDT,2025-03-14,0.0003506402124316152,-0.0024301348532918907,0.0007062127814107673
CRVUSDT,2025-03-14,0.0014942120992237555,0.004878058453432855,0.0014578432736066156
CRVUSDT,2025-03-14,0.000060053030419400034,0.002436054797881121,0.000292261882235681
CRVUSDT,2025-03-14,0.0018081640854923458,0.002436054797881121,0.001603701858267579
CRVUSDT,2025-03-14,0.0010951614593561268,-0.002436054797881121,0.0012480839229641624
CRVUSDT,2025-03-14,0.0005530576773666836,-0.0024360547978811158,0.0008869311860691118
CRVUSDT,2025-03-14,0.0016794280625384097,0.007326040092072898,0.0015455583860315807
CRVUSDT,2025-03-14,0.0022228259959240966,0.002453988961566703,0.0017781051777972894
CRVUSDT,2025-03-14,0.0004908881257659885,0.0024600258408622,0.0008355952768359131
CRVUSDT,2025-03-14,0.0026003287510703494,0.004938281640582566,0.0019231751644105384
CRVUSDT,2025-03-14,0.0005169680890879251,0.004938281640582577,0.0008575048421910993
CRVUSDT,2025-03-14,0.0015783744628871197,0.0024600258408622,0.0014983377994280808
CRVUSDT,2025-03-14,0.0005871594860151487,0.0024660924951934683,0.0009138664922775422
CRVUSDT,2025-03-14,0.000016889060128624228,0.0,0.0001549913474621648
CRVUSDT,2025-03-14,0.0004824241871417721,0.004914014802428941,0.0008283602488191899
CRVUSDT,2025-03-14,0.0008180525371092129,0.0024600258408622,0.001078686667615555
CRVUSDT,2025-03-14,0.0000740148508443354,0.0024600258408622,0.000324462228822276
CRVUSDT,2025-03-14,0.00013981500485867626,0.004926118336055666,0.00044594531334136186
CRVUSDT,2025-03-14,0.00028572959100966886,0.0024660924951934683,0.0006375031320260358
CRVUSDT,2025-03-14,0.001930866786708374,0.002453988961566787,0.0016572226833909865
CRVUSDT,2025-03-14,0.001566800374089501,0.0024479816386400372,0.001492834098020066
CRVUSDT,2025-03-14,0.0007808597356519064,-0.0,0.001053880157575544
CRVUSDT,2025-03-14,0.0003043002507801807,0.002453988961566703,0.0006578939128937398
CRVUSDT,2025-03-14,0.0013177057715849205,0.0,0.0013690330640961678
CRVUSDT,2025-03-14,0.00023845379805098826,0.0024479816386400017,0.0005823805136159761
CRVUSDT,2025-03-14,0.0000496910755509858,-0.0,0.00026585443615879554
CRVUSDT,2025-03-14,0.0006947802053817411,0.00488998529419177,0.0009940962404603412
CRVUSDT,2025-03-14,0.0008601549663907381,0.0,0.001106096615944786
CRVUSDT,2025-03-14,0.001480226687442624,0.0024420036555517443,0.0014510047294486487
CRVUSDT,2025-03-14,0.000034396442403623786,-0.0024420036555517443,0.00022118795639210169
CRVUSDT,2025-03-14,0.0003149038713213042,-0.002442003655551809,0.0006692582182602226
CRVUSDT,2025-03-14,0.000028810671991794502,-0.0,0.0002024330446354925
CRVUSDT,2025-03-14,0.0001369408190114553,-0.002442003655551809,0.00044133784847042514
CRVUSDT,2025-03-14,0.00026063352045344377,0.0,0.0006088633713814905
CRVUSDT,2025-03-14,0.0011623255323034462,0.002436054797881121,0.0012857857312116362
CRVUSDT,2025-03-14,0.0016590272425251558,0.0,0.0015361423831325013
CRVUSDT,2025-03-14,0.000456804895069836,0.002430134853291782,0.0008060650434764467
CRVUSDT,2025-03-14,0.0004473287284953158,0.0024301348532918907,0.0007976605401214221
CRVUSDT,2025-03-14,0.0009222382660886439,0.0,0.0011453185167144692
CRVUSDT,2025-03-14,0.0005703226465096652,-0.0,0.0009006685985573115
CRVUSDT,2025-03-14,0.000060461843397726965,-0.002430134853291782,0.0002932549861400033
CRVUSDT,2025-03-14,0.0009248142016679881,0.0024242436115064756,0.0011469169157260885
CRVUSDT,2025-03-14,0.0006209276599871776,0.004854378464798199,0.0009397778748667639
CRVUSDT,2025-03-14,0.00043940553904501243,0.004866189651172899,0.0007905648058383083
CRVUSDT,2025-03-14,0.00032124723637945196,-0.0024360547978811158,0.0006759653166127615
CRVUSDT,2025-03-14,0.000101985697162973,0.0,0.0003808678791070216
CRVUSDT,2025-03-14,0.0010845954375936447,0.0024301348532918907,0.0012420486285413025
CRVUSDT,2025-03-14,0.0006619700221721853,0.0,0.0009703398653715155
CRVUSDT,2025-03-14,0.00012771758951593301,0.0,0.00042621631472972816
CRVUSDT,2025-03-14,0.0013942110255572766,0.0024420036555517443,0.0014082150110910844
CRVUSDT,2025-03-14,0.0008042112694422032,0.00488998529419177,0.0010695221672067888
CRVUSDT,2025-03-14,0.00022014678660890516,0.002442003655551809,0.0005595783306260423
CRVUSDT,2025-03-14,0.00015058721510932864,0.002442003655551809,0.0004628057689559646
DOGEUSDT,2021-06-15,0.0004847914580613493,0.0036992353286888807,0.0007368580941394821
DOGEUSDT,2021-06-15,0.00107969340600053,0.006927835072490998,0.0010996553803189403
DOGEUSDT,2021-06-15,0.001092496276283626,-0.0006688760092494126,0.0011061559548064738
DOGEUSDT,2021-06-15,0.0019319569446504896,0.0033984739591115514,0.0014709743530619348
DOGEUSDT,2021-06-15,0.0003651818787092017,-0.00027259097892646405,0.0006395300978002493
DOGEUSDT,2021-06-15,0.0009951611242408043,0.0005149564672676537,0.0010557305279324618
DOGEUSDT,2021-06-15,0.0007219470497516361,0.003217095857913324,0.0008992057015353445
DOGEUSDT,2021-06-15,0.000629305958461898,0.0024958162400091698,0.000839532089463809
DOGEUSDT,2021-06-15,0.0003114394230878698,0.0011574427901159573,0.0005905996320441691
DOGEUSDT,2021-06-15,0.0010078755171811676,0.004393197620420653,0.0010624532437125884
DOGEUSDT,2021-06-15,0.00003333151332714673,-0.0004584282105315039,0.000193211910545022
DOGEUSDT,2021-06-15,0.00010159682054001989,0.00012222697564583096,0.0003373233754136152
DOGEUSDT,2021-06-15,0.00002806029199599429,0.00271577604629544,0.00017727703194210607
DOGEUSDT,2021-06-15,0.0006153346123558397,0.002318983128143884,0.000830160473217678
DOGEUSDT,2021-06-15,0.00007049034514617478,0.0014062980000331651,0.0002809772757704822
DOGEUSDT,2021-06-15,0.0002901040165993838,0.0020518481481704817,0.0005700110172439934
DOGEUSDT,2021-06-15,0.0006885975841773042,0.0014725284128403143,0.0008781912918175105
DOGEUSDT,2021-06-15,0.00034783494945305024,0.0010432969125776675,0.000624155766414862
DOGEUSDT,2021-06-15,0.0027337346440568077,0.005381399539515473,0.0017497844680911488
DOGEUSDT,2021-06-15,0.00002829785685136582,0.0024937284908671557,0.00017802588426052998
DOGEUSDT,2021-06-15,0.00009268622591533569,0.0017850003200718131,0.00032219142540121663
DOGEUSDT,2021-06-15,0.000050282474453062684,0.0004619293330271088,0.00023730926802428243
DOGEUSDT,2021-06-15,0.000042030089296194824,-0.0009240721433781093,0.0002169634286213699
DOGEUSDT,2021-06-15,0.0013413664226036735,0.0028390699520373015,0.0012256884519577717
DOGEUSDT,2021-06-15,0.000017047804217195552,0.0032392938905105584,0.00013817854124694768
DOGEUSDT,2021-06-15,0.00010429678854579095,0.0004313000683002915,0.0003417762237324087
DOGEUSDT,2021-06-15,0.001415008276165864,0.003476017465546388,0.0012588844495819275
DOGEUSDT,2021-06-15,0.000047763271015249484,-0.0010434890306334588,0.00023128816451279758
DOGEUSDT,2021-06-15,0.00008851617733180055,0.0008279034585575052,0.0003148601543642156
DOGEUSDT,2021-06-15,0.0002180342419760146,-0.0001225978485615379,0.0004941613002957286
DOGEUSDT,2021-06-15,0.0002828507220923714,0.00101188203344547,0.0005628400913326949
DOGEUSDT,2021-06-15,0.00023558923064120928,0.0010119130618314166,0.0005136698742058891
DOGEUSDT,2021-06-15,0.0006467987275356057,0.003500587005282181,0.0008511203164644247
DOGEUSDT,2021-06-15,0.00006476424683204834,0.0011681885185969396,0.0002693233690792343
DOGEUSDT,2021-06-15,0.00007142482273621066,0.0013219991779786834,0.00028283357599941263
DOGEUSDT,2021-06-15,0.00010486641719739333,0.0017520406528907689,0.00034270827749646694
DOGEUSDT,2021-06-15,0.0003355954663826781,0.0021780151868089613,0.0006130761501546955
DOGEUSDT,2021-06-15,0.000348995384190741,0.0005208094108499544,0.0006251960427734942
DOGEUSDT,2021-06-15,0.0002268754637756353,0.0011952009513382796,0.0005040807862695747
DOGEUSDT,2021-06-15,0.000010936217887253784,-0.0012259034910497475,0.00011067256005926818
DOGEUSDT,2021-06-15,0.0003203586692126464,0.001560898292338197,0.0005989969615379655
DOGEUSDT,2021-06-15,0.0003621522793916728,0.0020206356567469518,0.0006368717578055729
DOGEUSDT,2021-06-15,0.0001256049566507496,0.001623053840507091,0.00037506778864657625
DOGEUSDT,2021-06-15,0.0002745686034696512,0.000489446323628311,0.0005545386442821274
DOGEUSDT,2021-06-15,0.0005570435530655955,0.0007031381650420512,0.0007898615171785565
DOGEUSDT,2021-06-15,0.00032178894298596453,0.0009784437411080543,0.0006003326137556257
DOGEUSDT,2021-06-15,0.00034046689306181676,0.0014388271451034865,0.0006175097550878124
DOGEUSDT,2021-06-15,0.0002719029589775842,-0.0007961783860071988,0.0005518402145215941
DOGEUSDT,2021-06-15,0.0000744600279680562,-0.0006120513090046122,0.000288780574766679
DOGEUSDT,2021-06-15,0.00021743448789898935,0.001255031770103022,0.0004934811792628995
DOGEUSDT,2021-06-15,0.00002363468723078488,0.0019889543130612495,0.0001626976607227798
DOGEUSDT,2021-06-15,0.00018649630957508193,0.0017133769948522548,0.0004570266235341102
DOGEUSDT,2021-06-15,0.00010087470671333948,-0.0007040852540113477,0.00033612245078076125
DOGEUSDT,2021-06-15,0.0007292856142035306,0.0022617529049987063,0.000903764342194548
DOGEUSDT,2021-06-15,0.00019372446302243093,-0.00042725913916365194,0.0004657990643417482
DOGEUSDT,2021-06-15,0.0004138294186201483,0.0019506254280100318,0.0006807961003070929
DOGEUSDT,2021-06-15,0.0001228278583333564,0.0011868353974490995,0.0003708982794110563
DOGEUSDT,2021-06-15,0.00026419955922682913,0.0010638783926681394,0.0005439668365197444
DOGEUSDT,2021-06-15,0.00008923023401563601,-0.0011235103284603619,0.0003161275859478806
DOGEUSDT,2021-06-15,0.000619260491696578,0.0014881181092558737,0.0008328045045819703
DOGEUSDT,2021-06-15,0.000955608058234229,0.003013288131282059,0.0010345376023628379
DOGEUSDT,2021-06-15,0.0020569157410390434,0.001097996267325199,0.001517800284202643
DOGEUSDT,2021-06-15,0.000043561842414148935,-0.0022300640075010748,0.00022088157925519636
DOGEUSDT,2021-06-15,0.0006789176704391095,0.0023270065613821118,0.0008719968882191263
DOGEUSDT,2021-06-15,0.00004937976016420092,0.001654158747529029,0.00023516943029029908
DOGEUSDT,2021-06-15,2.4230672841226263e-6,-0.00033673641510234217,0.00005209416915214179
DOGEUSDT,2021-06-15,0.00028514784482216337,0.002202105122816324,0.0005651209734916742
DOGEUSDT,2021-06-15,0.00022427453909169303,0.0013451134674638664,0.0005011830391718332
DOGEUSDT,2021-06-15,0.000021832169019787258,-0.0004894163807466566,0.0001563704987571802
DOGEUSDT,2021-06-15,0.0008454166885376957,0.0025107946684816843,0.0009730648553602034
DOGEUSDT,2021-06-15,0.00047584136101180857,0.003519137006995208,0.0007300245637791904
DOGEUSDT,2021-06-15,0.00042656251569124287,-0.00042753314033008643,0.0006911904412191042
DOGEUSDT,2021-06-15,0.00012183682823872503,0.00021373719566577414,0.00036939896239641495
DOGEUSDT,2021-06-15,0.00023751239329708752,0.0024704549354555377,0.0005157622085128352
DOGEUSDT,2021-06-15,0.00033820691014414686,0.0004568365670520166,0.000615456860750735
DOGEUSDT,2021-06-15,0.00014418304343937185,0.0020987643249028493,0.00040184953781776555
DOGEUSDT,2021-06-15,0.0011106517434645155,0.0021245607117354862,0.0011153093172278656
DOGEUSDT,2021-06-15,0.00112045756349,0.0018207755462664181,0.00112022196835621
DOGEUSDT,2021-06-15,0.0009099258968289327,0.002889779802299861,0.0010095071323008935
DOGEUSDT,2021-06-15,3.2380976457184743e-6,-0.000761742293723587,0.0000602214695833364
DOGEUSDT,2021-06-15,0.0004531345236488601,0.0008530863962617035,0.0007123935107583934
DOGEUSDT,2021-06-15,0.0011059992846709896,0.0014935156775907922,0.001112970881206731
DOGEUSDT,2021-06-15,0.0008261226314314565,-0.0007934086470526473,0.0009618971518505626
DOGEUSDT,2021-06-15,0.0001386125245775526,0.001708098630943069,0.0003940103368585451
DOGEUSDT,2021-06-15,0.00091743139189092,0.003816740255715679,0.0010136620258902342
DOGEUSDT,2021-06-15,0.0007671473063237903,-0.0006728652076718628,0.0009269274876384692
DOGEUSDT,2021-06-15,0.0006071611949831861,0.0007640937456279873,0.0008246285799122379
DOGEUSDT,2021-06-15,0.000613067373500098,0.0004889527341248405,0.0008286296727473701
DOGEUSDT,2021-06-15,0.0003524611968483345,0.0019238703199335105,0.0006282927303574124
DOGEUSDT,2021-06-15,0.00009349167451816962,0.0014349175858088257,0.00032358832812923427
DOGEUSDT,2021-06-15,0.00013827587758640257,-0.0015873988314087841,0.0003935315813146806
DOGEUSDT,2021-06-15,0.00010982774505481106,-0.0009460305571514574,0.0003507215181647194
DOGEUSDT,2021-06-15,0.000025739813659820776,-0.0010070033349706023,0.00016978881536596808
DOGEUSDT,2021-06-15,0.000014443959322169438,0.003014939929388221,0.00012718898667625085
DOGEUSDT,2021-06-15,0.0005644598696312362,0.0011866909454506956,0.0007951021256291677
DOGEUSDT,2021-06-15,0.0000854936854914723,0.0017339198527922888,0.0003094378240974854
DOGEUSDT,2021-06-15,0.0010956891961493302,0.003745037640914094,0.0011077711962550628
DOGEUSDT,2021-06-15,0.00006783026679324137,0.0019202346757191803,0.00027562470473569247
DOGEUSDT,2021-06-15,0.00011077906211499088,0.00033500327702865295,0.00035223720061189904
DOGEUSDT,2021-06-15,0.00018741131103122718,-0.0017649569428574692,0.00045814639999314395
DOGEUSDT,2021-06-15,0.0004494105632243869,0.0008205315681227539,0.0007094601673500512
DOGEUSDT,2021-06-15,0.0002258974604180997,-0.0006377067069030618,0.0005029931297784283
DOGEUSDT,2021-06-15,0.0005036656166132828,0.004655487724987876,0.000751065011978364
DOGEUSDT,2021-06-15,0.00021092222614532143,0.0016177528977295763,0.00048603500855507603
DOGEUSDT,2021-06-15,0.0004923113038105503,0.0018651302589303021,0.0007425509922148287
DOGEUSDT,2021-06-15,0.001920054646068233,0.004202009035307725,0.0014664362020061464
DOGEUSDT,2021-06-15,0.0013301437187241921,-0.0013513515569989558,0.0012205502469341278
DOGEUSDT,2021-06-15,0.00029171409676312653,0.0,0.0005715906119789578
DOGEUSDT,2021-06-15,0.001086309246043537,0.0015665077766121999,0.0011030193137419287
DOGEUSDT,2021-06-15,0.0011515228109701102,0.0031709408544371674,0.0011356451531113374
DOGEUSDT,2021-06-15,0.00001065940387550454,0.0013250136750979954,0.00010926292882438841
DOGEUSDT,2021-06-15,0.00013023828900053682,0.0020305824901688213,0.00038192291814465707
DOGEUSDT,2021-06-15,0.00017539012455738693,0.001167255546445636,0.00044320938414084524
DOGEUSDT,2021-06-15,0.00004407568811151223,0.002851057281567189,0.00022218049477555466
DOGEUSDT,2021-06-15,0.0009728586698789897,0.002881758026062634,0.0010438335602619277
DOGEUSDT,2021-06-15,0.0003970626910382179,0.001962949961668855,0.0006668619219504612
DOGEUSDT,2021-06-15,0.0001290491608600284,0.000582330872329213,0.00038017536484080455
DOGEUSDT,2021-06-15,0.00034422915824723556,0.0020870426825415076,0.0006209122188804974
DOGEUSDT,2021-06-15,0.00007095107577656457,0.0006450523176778039,0.00028189402538895345
DOGEUSDT,2021-06-15,0.00010305446272193932,0.002851669237964707,0.0003397346009069833
DOGEUSDT,2021-06-15,0.0005004677850096458,0.001164180150480367,0.0007486769157919274
DOGEUSDT,2021-06-15,0.00020406409655180987,0.0009508765650588646,0.00047806800511106094
DOGEUSDT,2021-06-15,0.00023118146749845684,0.0009816252820506644,0.0005088419251516801
DOGEUSDT,2021-06-15,0.00032078982372946586,0.001810732920666481,0.0005993999058530661
DOGEUSDT,2021-06-15,0.0005135468859682836,0.001106466795943022,0.0007583966902191083
DOGEUSDT,2021-06-15,0.0005595858687519615,0.0032543317435511174,0.0007916619072373709
DOGEUSDT,2021-06-15,0.00004188971509262523,0.0014416074883748361,0.00021660081291868815
DOGEUSDT,2021-06-15,0.00016010772240530104,0.00027620494582451306,0.00042346012241179057
DOGEUSDT,2021-06-15,0.00003396272292829336,0.0007668359193619042,0.00019503278842199264
DOGEUSDT,2021-06-15,0.00043893656954222416,0.0019336132353946873,0.0007011440638986138
DOGEUSDT,2021-06-15,0.0011661061202351633,0.0011373243368420982,0.0011428136427961678
DOGEUSDT,2021-06-15,9.386249500429156e-6,-0.00021532167603444894,0.00010253034673266784
DOGEUSDT,2021-06-15,0.0005243841134015561,0.0019669920593468277,0.0007663570234041889
DOGEUSDT,2021-06-15,2.846044885077026e-6,0.00033779115615454556,0.0000564582290711691
DOGEUSDT,2021-06-15,0.0003089014515972914,0.001260084684595533,0.0005881882621745416
DOGEUSDT,2021-06-15,0.00003458882544563933,0.0009221690067006233,0.00019682229263561906
DOGEUSDT,2021-06-15,0.00021340891436526848,0.0012912351534265416,0.000488891692080272
DOGEUSDT,2021-06-15,0.00003522081558503677,0.0006462433484898284,0.00019861227367356921
DOGEUSDT,2021-06-15,0.00022137295205796524,0.002033836330180683,0.0004979304174995568
DOGEUSDT,2021-06-15,0.002607029889900316,0.0023780489595886635,0.0017087533702727772
DOGEUSDT,2021-06-15,0.0005346789450081719,0.0026247949974822294,0.0007738431100326096
DOGEUSDT,2021-06-15,0.000817559294656684,0.0021611616932780938,0.0009568987981061296
DOGEUSDT,2021-06-15,0.00037850394372258617,0.0015750223295797267,0.0006510908369271654
DOGEUSDT,2021-06-15,0.0005500764675945531,-0.00169577792036384,0.000784906475438847
DOGEUSDT,2021-06-15,0.00008477892193633974,0.0019079864227971287,0.0003081415932732126
DOGEUSDT,2021-06-15,0.000374083416226363,0.0010447395247212873,0.0006472776430198313
DOGEUSDT,2021-06-15,0.0002083250524931744,-0.0006754267725766476,0.0004830333635611286
DOGEUSDT,2021-06-15,0.0002805265701202797,0.001382042879030145,0.000560522925274446
DOGEUSDT,2021-06-15,0.0003577773353491862,0.0003381234182679394,0.000633013236798757
DOGEUSDT,2021-06-15,0.00038692621403158537,0.0013845517034192898,0.0006582948475610399
DOGEUSDT,2021-06-15,0.00015344150603213152,0.0016332068403884109,0.0004145508454265611
DOGEUSDT,2021-06-15,0.0003121674295084997,0.00018504240607919898,0.0005912895083438363
DOGEUSDT,2021-06-15,0.0011882233015766415,0.0025627976295119394,0.001153600435581241
DOGEUSDT,2021-06-15,0.00011140473930304483,-0.001698973302334834,0.00035323051319295515
DOGEUSDT,2021-06-15,0.0008703535781918507,0.002312424913150781,0.0009873115975089618
DOGEUSDT,2021-06-15,0.0009546740461298474,0.0028907975969767468,0.001034031899811146
DOGEUSDT,2021-06-15,0.0003142690085215322,0.00184416834193279,0.00059327651448414
DOGEUSDT,2021-06-15,0.00039444926948891166,0.0011389347575027212,0.0006646636941305662
DOGEUSDT,2021-06-15,0.00025298174268817707,0.0015720608018539822,0.0005322932622314437
DOGEUSDT,2021-06-15,0.00027851455845572854,0.0023725534554369316,0.0005585091977859359
DOGEUSDT,2021-06-15,0.0005084062334708309,0.002372553455436896,0.000754591332268018
DOGEUSDT,2021-06-15,0.00010514327948627109,-0.0000925454630247543,0.00034316037864111414
DOGEUSDT,2021-06-15,0.000011192586858223223,0.0008640642413850866,0.0001119622495164112
DOGEUSDT,2021-06-15,0.00037464929510571743,0.0012355977230719514,0.0006477670289657478
DOGEUSDT,2021-06-15,5.3910091843173655e-6,-0.0011738540826470806,0.00007770364915119113
DOGEUSDT,2021-06-15,0.00004759446545274082,0.0014830380274859147,0.00023087909196287741
DOGEUSDT,2021-06-15,0.00027848583953050157,-0.00037096575175015405,0.0005584804018093733
DOGEUSDT,2021-06-15,0.000653682583817033,0.0012972574095029455,0.0008556375509933713
DOGEUSDT,2021-06-15,0.0062144373130040825,0.005602428953757013,0.0026381973799659937
DOGEUSDT,2021-06-15,0.0004728996036284608,0.0008695112652666349,0.000727764477968383
DOGEUSDT,2021-06-15,0.0001222267228310734,-0.0005280077149676328,0.00036998955400022556
DOGEUSDT,2021-06-15,0.005669223040686291,0.011869946326117875,0.0025198120630650976
DOGEUSDT,2021-06-15,0.0007822750024368727,0.0032624409386983826,0.000936022105291355
DOGEUSDT,2021-06-15,0.0018711022489028917,0.002665372142847309,0.0014476218823876144
DOGEUSDT,2021-06-15,0.0007432700718987513,0.0036173230391185426,0.0009123882884883259
DOGEUSDT,2021-06-15,0.0009311941107955377,0.001605465221363625,0.0010212368780284679
DOGEUSDT,2021-06-15,0.0004073150040512642,0.001760342463884555,0.0006754163710808048
DOGEUSDT,2021-06-15,0.0003007056975871853,0.002540580053891405,0.0005803329204381787
DOGEUSDT,2021-06-15,0.00035769060784934564,-0.0004071342503113353,0.000632936508932877
DOGEUSDT,2021-06-15,0.000015417484922167215,-0.0013786622894961153,0.00013140537959284077
DOGEUSDT,2021-06-15,0.0012590068641808653,0.005502552912580042,0.001187463933786859
DOGEUSDT,2021-06-15,2.5015318708370467e-6,0.0036822021494104704,0.0000529309147043541
DOGEUSDT,2021-06-15,0.0001843034822314623,0.0000628259094258152,0.00045433181460984864
DOGEUSDT,2021-06-15,0.0006280961588636941,0.0010056253007997807,0.0008387247284510096
DOGEUSDT,2021-06-15,0.00043222797039116237,-0.0023239756706652393,0.0006957653759532254
DOGEUSDT,2021-06-15,0.00009070194433181157,-0.00003136418523943543,0.00031872393410220615
DOGEUSDT,2021-06-15,0.0005939133351978799,0.0007530593390084095,0.000815582535196714
DOGEUSDT,2021-06-15,0.0003622588267824245,0.002829478748887442,0.0006369654366772052
DOGEUSDT,2021-06-15,0.00017412738813143478,0.002672327299675923,0.0004416110398732306
DOGEUSDT,2021-06-15,0.00018482386698551257,-0.0013491679564055135,0.0004549727702025975
DOGEUSDT,2021-06-15,0.00013789838446527037,0.0005018033663396679,0.00039299404362112106
DOGEUSDT,2021-06-15,0.00028319623054686203,0.0021625695983911665,0.0005631837472702625
DOGEUSDT,2021-06-15,0.0005046374188208854,0.00331322779882181,0.0007517892374170991
DOGEUSDT,2021-06-15,0.00018920919410754544,0.0015614755991128382,0.0004603387105837014
DOGEUSDT,2021-06-15,0.0008149170453473057,0.0011245432728513808,0.0009553512581584345
DOGEUSDT,2021-06-15,0.00003736809073158493,0.0016246449663420601,0.00020457701303873142
DOGEUSDT,2021-06-15,3.912386968831488e-6,-0.0010313306641148877,0.00006619531921273213
DOGEUSDT,2021-06-15,0.00021079326741103662,0.00021867824707179259,0.00048588640391519235
DOGEUSDT,2021-06-15,0.00015301654845570472,0.00043751367928139865,0.0004139763963416627
DOGEUSDT,2021-06-15,0.0007825989559075239,0.0029963504424267177,0.000936215896619362
DOGEUSDT,2021-06-15,0.00011801145404066222,-0.0008410560421024706,0.000363553608503258
DOGEUSDT,2021-06-15,0.0001551025476786444,0.000467180573785542,0.00041678861253111315
DOGEUSDT,2021-06-15,0.0002502007367739238,0.00006230723700577102,0.0005293594508001276
DOGEUSDT,2021-06-15,0.0002846501493573115,0.0016214028683888865,0.0005646275786010404
DOGEUSDT,2021-06-15,0.00008850046467602289,0.0017770023225493936,0.0003148322074456824
DOGEUSDT,2021-06-15,0.0002923324822336737,0.0008095149579627599,0.0005721961298659093
DOGEUSDT,2021-06-15,0.00024762237893790766,0.002238041405395302,0.0005266248212741754
DOGEUSDT,2021-06-15,0.001863907742496133,0.007947962854813917,0.0014448361031180765
DOGEUSDT,2021-06-15,0.0006313021014342853,0.0013255038083808258,0.0008408625228100197
DOGEUSDT,2021-06-15,0.0004413306994359263,0.0020997383042695023,0.0007030536190899911
DOGEUSDT,2021-06-15,0.0009564750835770675,0.0013610494553432315,0.0010350068151054935
DOGEUSDT,2021-06-15,0.00062689150341479,-0.00021664783978510982,0.0008379200274300305
DOGEUSDT,2021-06-15,0.00020579859825491724,0.00012377769541738044,0.00048009544454056657
DOGEUSDT,2021-06-15,0.00010717442546673266,0.0010206133844012733,0.0003464590904996922
DOGEUSDT,2021-06-15,0.0005329924195343827,-0.0018220847832274493,0.0007726216883524941
DOGEUSDT,2021-06-15,0.0008097370744117356,0.0031114764555118884,0.000952310101462109
DOGEUSDT,2021-06-15,0.0014895480748382123,0.007325590989032646,0.0012916166690885914
DOGEUSDT,2021-06-15,0.0008039513574302099,0.001497532408040841,0.0009489017888493677
DOGEUSDT,2021-06-15,0.000774470088065866,-0.0004281083791151573,0.0009313409598357233
DOGEUSDT,2021-06-15,0.0008198691721773297,0.001836042010320088,0.000958249623677629
DOGEUSDT,2021-06-15,0.00012611570991048613,-0.00012252274343747853,0.0003758295927631541
DOGEUSDT,2021-06-15,0.0008753276761038487,0.0007966907116659331,0.0009901288364160578
DOGEUSDT,2021-06-15,0.00048391081707668294,0.0023323625733557823,0.0007361885254150034
DOGEUSDT,2021-06-15,0.00014095563704800404,-0.0007684387240907255,0.00039732656556702836
DOGEUSDT,2021-06-15,0.0004168949373974603,0.002216340253431746,0.0006833130099761392
DOGEUSDT,2021-06-15,0.0033139447278701163,0.0055312781044062715,0.0019265443418184107
DOGEUSDT,2021-06-15,0.0001485493595319893,-0.0004956783149290357,0.0004078887909535674
DOGEUSDT,2021-06-15,0.0009086883304703539,0.0004026949640108448,0.0010088203966254353
DOGEUSDT,2021-06-15,0.00006132378944502462,-0.00037171267038906,0.000262072149551679
DOGEUSDT,2021-06-15,0.00002817000293908581,0.000278762913948488,0.0001776232552930309
DOGEUSDT,2021-06-15,0.0005592131836218253,0.00043378571666131575,0.000791398239248101
DOGEUSDT,2021-06-15,0.0003726227903256507,0.00006198090989947669,0.0006460127444375834
DOGEUSDT,2021-06-15,0.0012499911532168572,0.005437920272305459,0.0011832045977654675
DOGEUSDT,2021-06-15,0.0010976949563980616,0.0010286623621795351,0.0011087846713849646
DOGEUSDT,2021-06-15,0.00022747403692747217,0.00040535695352450285,0.0005047453148759668
DOGEUSDT,2021-06-15,0.0001990861587270551,-0.000280535512959973,0.00047220101094110257
DOGEUSDT,2021-06-15,0.00010962151694492007,0.0011850190054216174,0.00035039208127567064
DOGEUSDT,2021-06-15,0.0008415975251847669,0.001561329320424989,0.0009708644610014262
DOGEUSDT,2021-06-15,0.001167198081492856,0.002002065297882513,0.001143348592487804
DOGEUSDT,2021-06-15,0.0003392736502283281,0.0010328801055983466,0.0006164267043664209
DOGEUSDT,2021-06-15,0.0019698962871230034,0.005898796559062962,0.0014853474663605298
DOGEUSDT,2021-06-15,0.00021412639362075126,0.003769677444935825,0.000489712827695849
DOGEUSDT,2021-06-15,0.00007156429990167512,-0.003360503154653124,0.0002831095975840819
DOGEUSDT,2021-06-15,0.0008330689442965126,0.0016031437618167417,0.0009659326616464172
DOGEUSDT,2021-06-15,0.000947130161315635,0.003668463204470867,0.0010299383094439505
DOGEUSDT,2021-06-15,0.001278253347771572,0.0019108784888893845,0.0011965059107050128
DOGEUSDT,2021-06-15,0.001232558015477287,0.0034433139887231276,0.0011749247816770713
DOGEUSDT,2021-06-15,0.00030934299587257315,0.0007497188905459742,0.0005886084907247521
DOGEUSDT,2021-06-15,0.00013239490601177323,0.0011248243648083731,0.00038507206750919894
DOGEUSDT,2021-06-15,0.0002936246122200215,0.002159388699579655,0.000573459308996441
DOGEUSDT,2021-06-15,3.6309982475353275e-6,-0.0013462533928532473,0.0000637704378086424
DOGEUSDT,2021-06-15,0.0001001986340698888,-0.0003442610158403559,0.0003349941935875917
DOGEUSDT,2021-06-15,0.000022410950620530875,0.000281712185915071,0.0001584296702519626
DOGEUSDT,2021-06-15,0.00006470418032260333,-0.001033300547530373,0.0002691984462383623
DOGEUSDT,2021-06-15,0.00035058644254599356,0.0007829014726987261,0.0006266195461804068
DOGEUSDT,2021-06-15,0.00018858612817684002,0.0014075918431607495,0.00045958013782037
DOGEUSDT,2021-06-15,0.0007056694141298528,0.002591038957182914,0.0008890107776526867
DOGEUSDT,2021-06-15,0.0002397250216384063,0.00043654506461903087,0.0005181590194437696
DOGEUSDT,2021-06-15,0.0005406970828731007,0.003518115678991067,0.0007781859621221403
DOGEUSDT,2021-06-15,0.0005653519679021635,0.0011506228626288926,0.0007957301855096533
DOGEUSDT,2021-06-15,0.00031684875461087894,0.0011831373196569818,0.0005957065579903307
DOGEUSDT,2021-06-15,0.0002499835360499802,0.0,0.0005291296308935857
DOGEUSDT,2021-06-15,0.00024096934162421256,0.0007167230483967588,0.0005195020605547211
DOGEUSDT,2021-06-15,0.0003217260004656081,0.002304148484850074,0.0006002738977920394
DOGEUSDT,2021-06-15,0.00020616482061385297,-0.0004666428245015957,0.00048052242397033203
DOGEUSDT,2021-06-15,0.0002485905157960888,0.00009335179631191015,0.0005276532976477962
DOGEUSDT,2021-06-15,0.00026675045993901255,-0.0007155190151122277,0.000546586583623083
DOGEUSDT,2021-06-15,9.057273965431141e-6,0.0003731111292584874,0.00010071754498846274
DOGEUSDT,2021-06-15,0.000014222595760700804,-0.000031086311145208394,0.0001262105944379979
DOGEUSDT,2021-06-15,0.00019199678934437352,0.0005594058013301215,0.00046371736788615485
DOGEUSDT,2021-06-15,0.00044719950084860246,0.0022083646865472778,0.0007077127731047448
DOGEUSDT,2021-06-15,0.0004117337734015258,0.0004049024396184308,0.0006790701259822623
DOGEUSDT,2021-06-15,0.00004838547619441801,-0.0019296613519628415,0.0002327897686680813
DOGEUSDT,2021-06-15,0.0001175962484607814,0.0004973732577897083,0.00036291349057815327
DOGEUSDT,2021-06-15,0.0004415765145095109,0.001648446013459369,0.0007032493873871907
DOGEUSDT,2021-06-15,1.519034298781575e-7,0.0009643352278585659,0.000013043380659716032
DOGEUSDT,2021-06-15,0.00042275005226904397,0.002085376668091483,0.0006880947018852324
DOGEUSDT,2021-06-15,0.00007107530070056978,0.0007792410586779815,0.0002821406950055986
DOGEUSDT,2021-06-15,0.00011428300323003018,0.00003118130369283565,0.0003577644643755201
DOGEUSDT,2021-06-15,0.0001420707527043424,0.00040528113035837,0.00039889511666626917
DOGEUSDT,2021-06-15,0.00018017038979814074,0.0007171476540150804,0.0004492086267619361
DOGEUSDT,2021-06-15,0.0003233466197535695,0.0009041169108961986,0.0006017838681532
DOGEUSDT,2021-06-15,0.0002243644128085225,-0.0002492755442440988,0.0005012834488551635
DOGEUSDT,2021-06-15,0.000262648161850257,0.00046744262992964126,0.0005423673803200481
DOGEUSDT,2021-06-15,0.00008739497101767342,0.0004985821673192579,0.00031285968253727135
DOGEUSDT,2021-06-15,0.00001993822375504615,-0.00024926001063782803,0.00014943406539209231
DOGEUSDT,2021-06-15,0.00018747623528379338,0.0015280271157414433,0.0004582257501582161
DOGEUSDT,2021-06-15,0.00013873401250491144,0.0006868132138113812,0.00039418296561439
DOGEUSDT,2023-09-15,0.0022332255220456725,0.0006446414405351252,0.0006925443127373509
DOGEUSDT,2023-09-15,0.010186188985892656,0.0011282135131767772,0.0014790645927152358
DOGEUSDT,2023-09-15,0.0013166670135736096,-0.0014526675139508029,0.0005317643930078166
DOGEUSDT,2023-09-15,0.0008274485090996608,0.0008071676925442563,0.00042155259278146086
DOGEUSDT,2023-09-15,0.0004841686970796741,0.000484144284450798,0.00032246280667512826
DOGEUSDT,2023-09-15,0.0008128798768837822,0.00080677696994011,0.00041782503881371345
DOGEUSDT,2023-09-15,0.0008188726582403755,0.0017726215261199957,0.000419362373036721
DOGEUSDT,2023-09-15,0.0012525094551526436,0.0012890752671302465,0.0005186468952193159
DOGEUSDT,2023-09-15,0.0003132090619277401,-0.0004835979783133717,0.0002593572754764018
DOGEUSDT,2023-09-15,0.0007635593727526691,0.0004835979783133555,0.0004049511924546609
DOGEUSDT,2023-09-15,0.0005796265857396643,0.0004838319584747847,0.00035282181067558207
DOGEUSDT,2023-09-15,0.003013793114108134,0.0019376721709306428,0.000804522128699436
DOGEUSDT,2023-09-15,0.0007204746788022736,0.0009700890008951182,0.00039336040002932264
DOGEUSDT,2023-09-15,0.00024068119516283307,-0.0,0.000227353872348177
DOGEUSDT,2023-09-15,0.0018615901806946695,0.0008084728389271808,0.0006323001948763018
DOGEUSDT,2023-09-15,0.00014350515569691976,-0.00016161616196796788,0.0001755557376598422
DOGEUSDT,2023-09-15,0.00018966199797505767,0.0014533712691507383,0.00020182336205204927
DOGEUSDT,2023-09-15,0.0006876227937008021,0.00048406616516013184,0.00038428763278865446
DOGEUSDT,2023-09-15,0.001010786239364912,0.0009682105000348279,0.00046591955269260573
DOGEUSDT,2023-09-15,0.00020359699840046496,0.00016143353009463108,0.00020910622482052691
DOGEUSDT,2023-09-15,0.00044704320052278213,0.00129073912724613,0.00030985322645553706
DOGEUSDT,2023-09-15,0.0008259119602075079,0.001128213513176822,0.0004211610051788244
DOGEUSDT,2023-09-15,0.0016658038156247051,0.0009671180637747107,0.0005981267174791062
DOGEUSDT,2023-09-15,0.00027193480723847657,0.00096711806377482,0.0002416649550858881
DOGEUSDT,2023-09-15,0.002913918923340199,0.0035386879455634583,0.0007910792767667896
DOGEUSDT,2023-09-15,0.0008012509205615615,0.0019289509276405284,0.00041482559678049325
DOGEUSDT,2023-09-15,0.0005556773465121857,0.0008043111508966096,0.00034545590605797414
DOGEUSDT,2023-09-15,0.00013420603080065567,-0.0011251307142091992,0.00016977247967901184
DOGEUSDT,2023-09-15,0.0004317966261075892,0.000803019395918051,0.000304523559987376
DOGEUSDT,2023-09-15,0.0004322183398196654,0.00016055230025649025,0.0003046722300008647
DOGEUSDT,2023-09-15,0.0006917120713057018,0.0014458995209203985,0.0003854286139986036
DOGEUSDT,2023-09-15,0.00024385383094934428,0.000803535599683173,0.000228847444597573
DOGEUSDT,2023-09-15,0.000706489743385136,0.0004821213432076543,0.00038952398675511644
DOGEUSDT,2023-09-15,0.0001966675163359158,0.0008041817884136879,0.00020551692464122157
DOGEUSDT,2023-09-15,0.000039768674686255855,0.00016091399181873066,0.00009241699328155327
DOGEUSDT,2023-09-15,0.00017783408263404867,0.0003218538811176582,0.0001954288945239349
DOGEUSDT,2023-09-15,0.00027948739926512067,0.0016105656565633569,0.00024499791708963085
DOGEUSDT,2023-09-15,0.0011903489588313595,0.0008056070684633631,0.0005056132239859596
DOGEUSDT,2023-09-15,0.00014320847830902807,0.0006439150254681775,0.0001753741749691778
DOGEUSDT,2023-09-15,0.0014586500159968975,0.000321957504390852,0.0005597019583376006
DOGEUSDT,2023-09-15,0.00035428085460030453,0.0011278499544068786,0.0002758386494111562
DOGEUSDT,2023-09-15,0.0000384818574339807,0.00016119932331194926,0.0000909095041644554
DOGEUSDT,2023-09-15,0.0010547068338045,0.0012886599721483498,0.0004759344653568354
DOGEUSDT,2023-09-15,0.0004034073340496233,0.0006441224055230209,0.0002943426331318638
DOGEUSDT,2023-09-15,0.00002837093231551834,-0.0004832085138718642,0.0000780581186486423
DOGEUSDT,2023-09-15,0.00006267727703534112,-0.0003220093410531963,0.00011602092835898644
DOGEUSDT,2023-09-15,0.0004399529942719979,0.00048313069624822,0.0003073862344774211
DOGEUSDT,2023-09-15,0.0003447967534458421,0.000322164951240165,0.00027212150227657727
DOGEUSDT,2023-09-15,0.00026263152219827744,-0.00016104356263163517,0.00023749512604764116
DOGEUSDT,2023-09-15,0.000025737639809240864,-0.0003220093410531963,0.00007434737429683423
DOGEUSDT,2023-09-15,0.002113220347675455,0.0011262168353114996,0.0006736800208382458
DOGEUSDT,2023-09-15,0.001416648601874063,0.0016090108057006626,0.0005515848695246757
DOGEUSDT,2023-09-15,0.0004108653469135558,0.0008054772888168686,0.0002970510095780793
DOGEUSDT,2023-09-15,0.0003404462237268947,0.00032237266559003217,0.00027039928354144797
DOGEUSDT,2023-09-15,0.0016854330317295793,0.00048367594655136006,0.0006016404486847786
DOGEUSDT,2023-09-15,0.0003426691861742828,-0.0003225286272112579,0.000271280640703403
DOGEUSDT,2023-09-15,0.0003941974688783656,0.0006447453479313111,0.00029096328519725013
DOGEUSDT,2023-09-15,0.0011416438552789335,-0.0006446414405351522,0.0004951611896090448
DOGEUSDT,2023-09-15,0.000779088276038532,0.0009668063917752767,0.0004090483172616854
DOGEUSDT,2023-09-15,0.00005417579421436209,0.0003220611944101462,0.0001078658373728317
DOGEUSDT,2023-09-15,0.00029962334404046994,-0.00048289739368987636,0.00025366999438892075
DOGEUSDT,2023-09-15,0.00010904070247890454,-0.0004826643163449314,0.00015302965398246375
DOGEUSDT,2023-09-15,0.0001243959400821213,-0.0,0.0001634497945969899
DOGEUSDT,2023-09-15,0.0016161336701381278,0.0011263980593960983,0.0005891419054968287
DOGEUSDT,2023-09-15,0.0004463295573811345,0.0003220611944101297,0.0003096058085896443
DOGEUSDT,2023-09-15,0.0001500484530443499,-0.00016104356263163517,0.0001795134679947862
DOGEUSDT,2023-09-15,0.0002052522040007059,0.00016101763177839686,0.00020995450151909293
DOGEUSDT,2023-09-15,0.0014900219737401092,0.00032195750439082034,0.0005656888419116391
DOGEUSDT,2023-09-15,0.0002544708824925984,0.0008050882006391196,0.00023377621556098718
DOGEUSDT,2023-09-15,0.0006198261482674059,0.0003221649512400367,0.0003648515727792412
DOGEUSDT,2023-09-15,0.0008586676683252797,0.0004835200352079312,0.00042943143396315597
DOGEUSDT,2023-09-15,0.0002569337948621206,-0.00016122531272329174,0.0002349048002372503
DOGEUSDT,2023-09-15,0.0006194991015340225,0.0,0.0003647553044469196
DOGEUSDT,2023-09-15,0.00013665430406189103,-0.00016119932331194926,0.00017131403067952315
DOGEUSDT,2023-09-15,0.0003432593815398577,0.0003224766232395449,0.0002715141599429941
DOGEUSDT,2023-09-15,0.0005671570959904427,0.001128213513176822,0.0003490060544006508
DOGEUSDT,2023-09-15,0.00007439511074529642,0.00016109544940200233,0.00012640186249772726
DOGEUSDT,2023-09-15,0.00044551686917356057,0.0001610954494020115,0.0003093238110995606
DOGEUSDT,2023-09-15,0.00005416532519839426,-0.00032226877494511867,0.0001078554147869706
DOGEUSDT,2023-09-15,0.0028383715548493944,0.002259158617787724,0.0007807570218679769
DOGEUSDT,2023-09-15,0.00015964762236517042,-0.0,0.000185166536554685
DOGEUSDT,2023-09-15,0.0005787414936240924,0.0016144659625578729,0.000352552327602557
DOGEUSDT,2023-09-15,0.00006538008682163787,0.0,0.00011849609059054434
DOGEUSDT,2023-09-15,0.0005153832183932928,0.0003227368109342716,0.0003326951061027196
DOGEUSDT,2023-09-15,0.0001653515020398389,-0.0001614074735165631,0.00018844531643321993
DOGEUSDT,2023-09-15,0.001003907099193276,0.0009686794428753225,0.0004643313841314622
DOGEUSDT,2023-09-15,0.0010777122798632341,0.0012928250023051934,0.00048109704746357077
DOGEUSDT,2023-09-15,0.0009558557654166823,0.000808865206278349,0.00045308267708258157
DOGEUSDT,2023-09-15,0.00016533752087590314,-0.0003236245982938115,0.00018843734934333793
DOGEUSDT,2023-09-15,0.000244998753542626,0.0008086035857416378,0.0002293840483973413
DOGEUSDT,2023-09-15,0.0002255960032466849,0.0,0.00022011365053176653
DOGEUSDT,2023-09-15,0.0005959115378289635,0.0004852406079845777,0.000357743847098671
DOGEUSDT,2023-09-15,0.0008619241315893316,0.000485319106832289,0.00043024496426039184
DOGEUSDT,2023-09-15,0.000452571428092747,0.0003235198992955364,0.0003117631939942729
DOGEUSDT,2023-09-15,1.8767873667878892e-6,0.00016179920753680248,0.000020076537374220543
DOGEUSDT,2023-09-15,0.00005078862453859307,-0.0003236245982938115,0.0001044394320912983
DOGEUSDT,2023-09-15,0.0011576679263534677,0.00016179920753680248,0.0004986241126897211
DOGEUSDT,2023-09-15,0.0003227276427682997,0.0006470398155213156,0.00026326877874856535
DOGEUSDT,2023-09-15,0.0004955763897994032,-0.0006469351673150179,0.0003262395276955916
DOGEUSDT,2023-09-15,0.0001326489670513407,-0.0,0.00016878475285170513
DOGEUSDT,2023-09-15,0.0011097658664803141,0.001131679047299988,0.0004881990807835492
DOGEUSDT,2023-09-15,0.0005100386310504171,0.00032310177987052743,0.00033096556595329314
DOGEUSDT,2023-09-15,0.00038625079410035935,0.0009686794428753181,0.0002880155715844257
DOGEUSDT,2023-09-15,0.0006224370247312343,0.000484144284450798,0.00036561919234477045
DOGEUSDT,2023-09-15,0.00017903947082903532,-0.00048422242895940074,0.00019609010031506116
DOGEUSDT,2023-09-15,0.0006389599946068526,-0.000161355385586022,0.00037044019981223944
DOGEUSDT,2023-09-15,0.00020104516989363904,0.0004840661651601579,0.0002077916528976802
DOGEUSDT,2023-09-15,0.00038894517564039814,0.0006452653877705244,0.0002890183853230372
DOGEUSDT,2023-09-15,0.000042502199063811205,-0.00048391000218443107,0.00009554038266543472
DOGEUSDT,2023-09-15,0.0004304993184687437,0.0009683667638584924,0.0003040657542780663
DOGEUSDT,2023-09-15,0.00018329459450262285,0.0001614595950872583,0.00019840659532587596
DOGEUSDT,2023-09-15,0.0011193880588792299,0.001131130442974735,0.0004903109707997002
DOGEUSDT,2023-09-15,0.00045799924656281807,0.0,0.0003136271544384699
DOGEUSDT,2023-09-15,0.00037761467372078697,0.0004850052637310246,0.0002847775222138248
DOGEUSDT,2023-09-15,0.0009339191521670042,0.0012924072881333123,0.0004478534424143371
DOGEUSDT,2023-09-15,5.470582028040572e-6,0.0008069071687712541,0.000034276624206637843
DOGEUSDT,2023-09-15,0.0004604496921335062,-0.0008070374096326678,0.00031446503905440776
DOGEUSDT,2023-09-15,0.000243922659027436,-0.0009685230781305052,0.00022887973857146479
DOGEUSDT,2023-09-15,0.0009093646549838414,0.00032268473981199465,0.00044192677095323803
DOGEUSDT,2023-09-15,0.00011345541567027766,0.0003227368109342716,0.00015609676099357343
DOGEUSDT,2023-09-15,0.0015410348301841765,0.0011303997973976993,0.0005752908985011153
DOGEUSDT,2023-09-15,0.00039086091234249467,0.000646099198699452,0.0002897292863058317
DOGEUSDT,2023-09-15,0.0000978115527905425,0.00032294526358498613,0.00014493602714855242
DOGEUSDT,2023-09-15,0.0007895037369698227,0.0001614595950872583,0.00041177347826829713
DOGEUSDT,2023-09-15,0.0005773784479243156,0.0008070374096327262,0.00035213691915455153
DOGEUSDT,2023-09-15,0.00048452820981115653,-0.000161381425348192,0.00032258250459514873
DOGEUSDT,2023-09-15,0.000011612866039493105,0.0004843787936797384,0.000049940281270871726
DOGEUSDT,2023-09-15,0.0003935470975195938,-0.0001615117503308688,0.00029072316150403454
DOGEUSDT,2023-09-15,0.0003047905675425175,0.0,0.00025584800638198444
DOGEUSDT,2023-09-15,0.00028658695417190075,0.0006458905440107411,0.00024809012865619623
DOGEUSDT,2023-09-15,0.0007724070688511297,0.0001614335300945771,0.0004072906082230572
DOGEUSDT,2023-09-15,0.0002469707737177925,0.0001614335300945771,0.00023030536607129127
DOGEUSDT,2023-09-15,0.0007576061668654716,-0.0,0.0004033694718470241
DOGEUSDT,2023-09-15,0.0011087743258589165,0.0004843005986983084,0.00048798093684526196
DOGEUSDT,2023-09-15,0.00270623693121947,0.002910268828536017,0.0007623671668710943
DOGEUSDT,2023-09-15,0.001435261876489687,0.0004856333563673434,0.0005551966673400114
DOGEUSDT,2023-09-15,1.7970137328582483e-6,0.0003237293650803452,0.000019645223493325022
DOGEUSDT,2023-09-15,0.00010760390351409922,-0.0003237293650805082,0.0001520180961152999
DOGEUSDT,2023-09-15,0.00016137076897927393,0.0008089960800418163,0.0001861631462692547
DOGEUSDT,2023-09-15,0.0010150359396954513,0.0016186471646728305,0.0004668979700821188
DOGEUSDT,2023-09-15,0.0008389930701495427,-0.00048586931071627215,0.0004244831571279757
DOGEUSDT,2023-09-15,0.00013623848863607844,0.00048571198234919466,0.00017105319261567453
DOGEUSDT,2023-09-15,0.0009481937894968713,0.0003237293650803452,0.00045126310687950273
DOGEUSDT,2023-09-15,0.00007587352932674475,0.0017826761061674327,0.00012765164594195102
DOGEUSDT,2023-09-15,0.00127266791041868,0.0008105698749711832,0.0005228039049687372
DOGEUSDT,2023-09-15,0.0002668315687938652,-0.0004860267410378506,0.00023938662435683665
DOGEUSDT,2023-09-15,0.00012920931369386518,0.00016193020843419516,0.00016658204364664822
DOGEUSDT,2023-09-15,0.00009522042755329951,0.00016193020843415426,0.00014300339218740291
DOGEUSDT,2023-09-15,0.000744507852790173,0.000647458747124359,0.000399867324969785
DOGEUSDT,2023-09-15,0.00003756795946584003,-0.000809388955558584,0.0000898235218730689
DOGEUSDT,2023-09-15,0.00011184532181506007,0.0006479831751110294,0.00015498518556904985
DOGEUSDT,2023-09-15,0.00225099895329596,0.0017844112123902333,0.000695294705630513
DOGEUSDT,2023-09-15,0.0008449072352008647,0.0012980693044495892,0.00042597664672015736
DOGEUSDT,2023-09-15,0.0010234281637149791,0.0014602095561221501,0.00046882413173494084
DOGEUSDT,2023-09-15,0.00046417364193090737,0.0004869734695699828,0.00031573411774455626
DOGEUSDT,2023-09-15,0.0009752729019354488,0.00048697346956996237,0.00045766147361494885
DOGEUSDT,2023-09-15,0.0026924178219128432,0.001459972682073215,0.0007604182024621586
DOGEUSDT,2023-09-15,0.0006385402156098018,-0.00032420165626803924,0.00037031849535065927
DOGEUSDT,2023-09-15,0.00006144728470614002,0.0003243593930481487,0.00011487687798372124
DOGEUSDT,2023-09-15,0.0013046529224572275,0.0009727627226221415,0.0005293327583508391
DOGEUSDT,2023-09-15,0.00017996976999760453,-0.0,0.00019659888784879853
DOGEUSDT,2023-09-15,0.0010771232388786477,0.0009729204594271175,0.0004809655538280807
DOGEUSDT,2023-09-15,0.0006593122556902378,0.0006490345838740907,0.00037629361591945464
DOGEUSDT,2023-09-15,0.002032018602913799,0.0011353500530255074,0.0006606099576089508
DOGEUSDT,2023-09-15,0.000029819909453205927,0.0008100445967445674,0.00008002661293587404
DOGEUSDT,2023-09-15,0.008995034131634801,0.0006475635648015503,0.0013898972118122769
DOGEUSDT,2023-09-15,0.0003707800472857658,0.00016187778262796403,0.00028218859267879645
DOGEUSDT,2023-09-15,0.001236659782563625,0.0009716599954756439,0.0005153548820652523
DOGEUSDT,2023-09-15,0.0003978712957701178,0.00016203516198455055,0.00029231599516798076
DOGEUSDT,2023-09-15,0.0003543247356933962,0.00048626307790143364,0.00027585573151779104
DOGEUSDT,2023-09-15,0.00006684151939735075,0.0003243067970697491,0.00011981313518364089
DOGEUSDT,2023-09-15,0.0006113247439895325,-0.0009726050369557355,0.0003623408203371794
DOGEUSDT,2023-09-15,0.0006557096499541772,0.0008099133835451887,0.0003752641382564438
DOGEUSDT,2023-09-15,0.001010495355621024,0.0008100445967444326,0.0004658525067779779
DOGEUSDT,2023-09-15,0.002640101036075083,0.0014599726820732149,0.0007529940589540807
DOGEUSDT,2023-09-15,0.00022672848409632145,0.0006494561033605474,0.00022066543876541714
DOGEUSDT,2023-09-15,0.0006261856074640358,0.0013001789577403444,0.0003667184975045972
DOGEUSDT,2023-09-15,0.0015196959807480433,0.0006506181101335529,0.0005712939610844232
DOGEUSDT,2023-09-15,0.00046357472385919407,-0.0006506181101336204,0.0003155303578912271
DOGEUSDT,2023-09-15,0.0009757947928641005,-0.0004879238935541081,0.0004577839098202918
DOGEUSDT,2023-09-15,0.0007383052570699168,0.0011383040500602814,0.00039819816679187295
DOGEUSDT,2023-09-15,0.0008008158663123431,0.0009748172989658465,0.0004147129628114068
DOGEUSDT,2023-09-15,0.00014137732669689088,-0.0004872107282734328,0.00017424934672614318
DOGEUSDT,2023-09-15,0.0003472869018498025,-0.0001624035732355969,0.0002731023755807089
DOGEUSDT,2023-09-15,0.00006393144172661474,-0.00016237720259759087,0.00011717596129414051
DOGEUSDT,2023-09-15,0.0010351293278637803,0.0011359027590524388,0.0004714966187494897
DOGEUSDT,2023-09-15,0.0016219426738325498,0.0006485084533378676,0.0005901997566492843
DOGEUSDT,2023-09-15,0.00030468313592757186,-0.0008100445967445674,0.00025580291216005047
DOGEUSDT,2023-09-15,0.0015241618812607295,-0.0003237817739149177,0.0005721327704188275
DOGEUSDT,2023-09-15,0.0007457160474119696,0.0006472492135345129,0.00040019164774660683
DOGEUSDT,2023-09-15,0.0005361995683298839,-0.0,0.00033934738424364416
DOGEUSDT,2023-09-15,0.00009575903839912333,0.0006469351673149353,0.0001434072685785835
DOGEUSDT,2023-09-15,0.00012155241249379809,0.0001616684184266122,0.00016157087142646353
DOGEUSDT,2023-09-15,0.0003847914739595664,0.00048500526373098117,0.00028747097118474586
DOGEUSDT,2023-09-15,0.00015683853485363853,-0.00016172070868905835,0.0001835302533812931
DOGEUSDT,2023-09-15,0.000289104901737955,-0.0008082114721037463,0.0002491776028400999
DOGEUSDT,2023-09-15,0.0005373753937968,0.0004846135302015043,0.00033971925584868923
DOGEUSDT,2023-09-15,0.00023603252539792442,0.0006462035766063789,0.00022514753808100334
DOGEUSDT,2023-09-15,0.0021979067934278017,-0.0008076892451041829,0.0006870461520338644
DOGEUSDT,2023-09-15,0.003207535921279838,0.00226281008141167,0.0008299788781034972
DOGEUSDT,2023-09-15,0.0022194323097947046,0.0017783530674956836,0.0006904022974950949
DOGEUSDT,2023-09-15,0.00032838932674120696,0.00048445701391606534,0.0002655680303608637
DOGEUSDT,2023-09-15,0.010075943024547757,0.00129073912724613,0.001471038798799831
DOGEUSDT,2023-09-15,0.0000633403468306255,-0.0004835200352078741,0.00011663301286033939
DOGEUSDT,2023-09-15,0.009595472766907191,0.0017737648768934207,0.001435537244200245
DOGEUSDT,2023-09-15,0.00006638719881314684,0.000807428384601044,0.00011940525707320146
DOGEUSDT,2023-09-15,0.00021306278187817706,-0.0006459948545064759,0.00021391196268372024
DOGEUSDT,2023-09-15,0.0003431884207616199,0.00048414428445068636,0.0002714860939192039
DOGEUSDT,2023-09-15,0.0005241400458919988,-0.00016135538558616184,0.0003355095968061447
DOGEUSDT,2023-09-15,0.00011877979225720676,-0.0003227888988646895,0.0001597175194433601
DOGEUSDT,2023-09-15,0.0013297753000440097,0.0019386112695014093,0.0005344048695767601
DOGEUSDT,2023-09-15,0.00029203973933951015,0.0012930339606632734,0.0002504391678019257
DOGEUSDT,2023-09-15,0.0013633464030052768,0.0011300348284613393,0.0005411085350541474
DOGEUSDT,2023-09-15,0.00008371286423601194,-0.0,0.00013408412946027353
DOGEUSDT,2023-09-15,0.00047365239085484314,0.0016147266547369,0.00031894158108716417
DOGEUSDT,2023-09-15,0.00023019223747515176,0.0009700890008951182,0.00022234461366302962
DOGEUSDT,2023-09-15,0.0009824882226850634,0.0009699321807927448,0.00045935130280253797
DOGEUSDT,2023-09-15,0.00017893376360062833,-0.00032315398568501436,0.00019603220469748925
DOGEUSDT,2023-09-15,0.0006097343177207831,0.00032331070440046124,0.0003618691793117125
DOGEUSDT,2023-09-15,0.00026345120092640935,-0.00048508368644611537,0.00023786545106745476
DOGEUSDT,2023-09-15,0.00038128249307828256,0.0009708738626696467,0.00028615722016272317
DOGEUSDT,2023-09-15,0.00007203764940259153,0.0006473539633741498,0.00012438300434708906
DOGEUSDT,2023-09-15,0.00043282529016739474,0.00016177303278834486,0.0003048860756719375
DOGEUSDT,2023-09-15,0.0014786322116927158,0.0017783530674956836,0.0005635226250945656
DOGEUSDT,2023-09-15,0.00017313731126630276,-0.0004847701476529417,0.00019283089205063785
DOGEUSDT,2023-09-15,0.00013078322042554488,0.001132045079252403,0.00016759354582381858
DOGEUSDT,2023-09-15,0.0005838317921075375,0.0009713453896317809,0.0003540993635253131
DOGEUSDT,2023-09-15,0.00032225244709718174,0.0011329611958837418,0.00026307488418653244
DOGEUSDT,2023-09-15,0.00013420416265382874,-0.00016177303278834486,0.00016977129805915078
DOGEUSDT,2023-09-15,0.0001999496569314457,0.00016177303278835042,0.00020722474198254796
DOGEUSDT,2023-09-15,0.00047959741216977835,0.0011318620336833308,0.0003209369281383589
DOGEUSDT,2023-09-15,0.0010542015775562485,0.0012921985322539998,0.00047582045373736756
DOGEUSDT,2023-09-15,0.00035775914969151534,0.0004843787936797384,0.00027718942063577014
DOGEUSDT,2023-09-15,0.00032189965241107655,0.0001615117503308688,0.000262930840537058
DOGEUSDT,2023-09-15,0.000026082043463412823,-0.0009693054070720995,0.0000748431543499793
DOGEUSDT,2023-09-15,0.00012002334552323945,-0.00016161616196796788,0.0001605514158994929
DOGEUSDT,2023-09-15,0.0003695838023310711,0.00032315398568504483,0.0002817330134276096
DOGEUSDT,2023-09-15,0.00873920971808905,0.0019370466105165596,0.001369989872219424
DOGEUSDT,2023-09-15,0.0004283622997412218,0.00048398807107544374,0.00030331011705249535
DOGEUSDT,2023-09-15,0.007121279614663271,0.0009686794428753225,0.001236688422774426
DOGEUSDT,2023-09-15,0.000028333384596960685,-0.00016151175033098558,0.00007800644825213445
DOGEUSDT,2023-09-15,0.0006246175053687098,0.00032315398568501436,0.00036625903907713906
DOGEUSDT,2023-09-15,0.001245311033820979,0.001130765002159257,0.0005171543641517227
DOGEUSDT,2023-09-15,0.00010085846440195728,-0.0003228410036110862,0.00014717615465697665
DOGEUSDT,2023-09-15,0.00006849905985872407,-0.00032268473981205206,0.00012128960490215328
DOGEUSDT,2023-09-15,0.0003422501903361181,0.0008070374096326678,0.000271114736923395
DOGEUSDT,2023-09-15,0.000010763555435881821,-0.0,0.000048079412460268954
DOGEUSDT,2023-09-15,0.00033050427626870026,0.00032294526358499925,0.0002664218363548915
DOGEUSDT,2023-09-15,0.0002143226244560247,0.0011298524323563183,0.00021454346244002901
DOGEUSDT,2023-09-15,0.0005398154067061078,0.0006454736386766267,0.0003404896489103724
DOGEUSDT,2023-09-15,0.0024965047087825687,0.000645473638676671,0.0007322299197452652
DOGEUSDT,2023-09-15,1.4790544796591982e-9,-0.0,5.636030847803897e-7
DOGEUSDT,2023-09-15,0.0006140337457236462,0.0008059966584475624,0.0003631427647101504
DOGEUSDT,2023-09-15,0.0008194936802086417,0.002092219319572335,0.0004195213622795233
DOGEUSDT,2023-09-15,0.0058547446915527225,0.0014461318499997134,0.0011213346869235997
DOGEUSDT,2023-09-15,0.000036145808145280344,-0.0003210788276099188,0.00008810696581208568
DOGEUSDT,2023-09-15,0.0002807949017866895,-0.00016050076272300186,0.0002455703250397512
DOGEUSDT,2023-09-15,0.005309358715972309,0.0022493582748843674,0.0010678304727287443
DOGEUSDT,2023-09-15,0.0006532483040252475,0.0006436042056437097,0.00037455915909872037
DOGEUSDT,2023-09-15,0.00006023871898506091,0.0,0.00011374154935058658
DOGEUSDT,2023-09-15,0.00030098066462955415,0.0004827419837895962,0.0002542439190401633
DOGEUSDT,2023-09-15,0.00034714560808547725,0.0009647854100989033,0.00027304681404335306
DOGEUSDT,2023-09-15,0.004248339247557703,0.00048219883599275704,0.0009551924273052399
DOGEUSDT,2023-09-15,0.0007016360899952642,0.0006427768178885084,0.00038818364684562373
DOGEUSDT,2023-09-15,0.00017732993317420894,-0.00032133676369052036,0.00019515168304187313
DOGEUSDT,2023-09-15,0.0006196767750643565,-0.0004818890142245633,0.0003648076069574768
DOGEUSDT,2023-09-15,0.00013595148906058737,0.0003211819523355104,0.00017087292756799
DOGEUSDT,2023-09-15,0.0010448410315221487,0.0009632365490307814,0.0004737032730984963
DOGEUSDT,2023-09-15,0.0009659164047707676,0.0009632365490306329,0.0004554608443481505
DOGEUSDT,2023-09-15,0.0004472690641474419,-0.0,0.00030993149152618103
DOGEUSDT,2023-09-15,0.0002918696746647792,-0.0003211303816934318,0.0002503662375595544
DOGEUSDT,2023-09-15,0.000052410671991138226,0.003526209776558229,0.00010609407726660588
DOGEUSDT,2023-09-15,0.000957797775493553,-0.0009595394946998982,0.00045354270708479217
DOGEUSDT,2023-09-15,0.0014244193476506807,-0.0014373555137734187,0.0005530956055125424
DOGEUSDT,2023-09-15,0.0017043063137444814,-0.0011177645874353495,0.0006049996206584758
DOGEUSDT,2023-09-15,0.000021368643801882877,0.0004792715164830005,0.00006774383145044822
DOGEUSDT,2023-09-15,0.009754395555549866,0.0033484843532813513,0.001447376301164773
DOGEUSDT,2023-09-15,0.00012676997211624025,0.0011149160986072425,0.0001650021006623986
DOGEUSDT,2023-09-15,0.001964989090441544,-0.0014350636282476094,0.0006496229325428498
DOGEUSDT,2023-09-15,0.002482928239453358,-0.0007981483383245791,0.0007302362024325394
DOGEUSDT,2023-09-15,0.00012636626909343863,-0.00047896544381777033,0.00016473916393459716
DOGEUSDT,2023-09-15,0.0001070968682860175,0.001597699652852523,0.00015165951458808862
DOGEUSDT,2023-09-15,0.000475480278660151,-0.00047950132781597376,0.00031955640755284366
DOGEUSDT,2023-09-15,0.0059688191791237985,-0.0014371259958480525,0.001132206091475969
DOGEUSDT,2023-09-15,0.004001112983129734,0.0023959759086135115,0.0009269828160210261
DOGEUSDT,2023-09-15,0.0009276711939041952,-0.0009600000737280871,0.00044635284929666296
DOGEUSDT,2023-09-15,0.00014614510637404223,-0.0001600640259519682,0.0001771631586598692
DOGEUSDT,2023-09-15,0.0003117582951249206,-0.0004801920860577322,0.0002587559141255175
DOGEUSDT,2025-03-14,0.0002959485885727087,0.0013937284486039143,0.0004514903165806371
DOGEUSDT,2025-03-14,0.00015933751019929938,-0.0016385984549391777,0.0003312831270456753
DOGEUSDT,2025-03-14,0.000263114454033808,-0.004000732741238932,0.000425708828495594
DOGEUSDT,2025-03-14,0.000020749449980698496,-0.00108833676623211,0.00011954835323365973
DOGEUSDT,2025-03-14,0.00008819476615346188,0.00006042843764109283,0.0002464686635170431
DOGEUSDT,2025-03-14,0.00038966176775428264,0.0017510495673653355,0.0005180649392496955
DOGEUSDT,2025-03-14,0.0013313173333029337,0.0024102204967385954,0.000957593295640772
DOGEUSDT,2025-03-14,0.0004884644093708415,0.0012629681426193507,0.0005800384273201023
DOGEUSDT,2025-03-14,0.0013068459548303873,0.003539614338438407,0.0009487515590088463
DOGEUSDT,2025-03-14,0.00012943217497622363,0.0021581448338088426,0.00029858049118849337
DOGEUSDT,2025-03-14,0.0003394895023068389,0.001678959439793985,0.000483563462216091
DOGEUSDT,2025-03-14,0.0009402003183776392,0.002039225801130535,0.0008047305718359053
DOGEUSDT,2025-03-14,0.000727046331716393,0.0033676139830317487,0.0007076546216715051
DOGEUSDT,2025-03-14,0.0010283449450729418,0.0005419564760960048,0.0008416077235154981
DOGEUSDT,2025-03-14,0.004144472552386489,0.0034853709941954562,0.0016895651288387733
DOGEUSDT,2025-03-14,0.00019339608963746672,0.0024623897610575427,0.0003649758661658146
DOGEUSDT,2025-03-14,0.0014041763950062463,0.0011418613578787096,0.000983447402516718
DOGEUSDT,2025-03-14,0.00005083417470138769,-0.0018602423678856284,0.00018711913111264412
DOGEUSDT,2025-03-14,0.0002876788320061693,0.0038893093155670756,0.00044513757648695514
DOGEUSDT,2025-03-14,0.00045308822788075483,0.0016138194232048141,0.0005586395675594669
DOGEUSDT,2025-03-14,0.0006858716787175048,0.004357305368955626,0.0006873243636848598
DOGEUSDT,2025-03-14,0.0006140490467861764,0.0012514527422148665,0.0006503420480658223
DOGEUSDT,2025-03-14,0.00021209078417345017,0.0016114115271077627,0.000382209258039848
DOGEUSDT,2025-03-14,0.00016023090364469065,0.0010756544601139462,0.0003322105686376647
DOGEUSDT,2025-03-14,0.000058870290614026446,0.0012548177679479221,0.000201367043368197
DOGEUSDT,2025-03-14,0.00019296378976543094,0.002451347973520195,0.0003645677211759024
DOGEUSDT,2025-03-14,0.00040277813871829777,-0.0014357504261044156,0.0005267120436423799
DOGEUSDT,2025-03-14,0.00010069649481713415,0.00047812575617995327,0.00026335858507608474
DOGEUSDT,2025-03-14,0.0006769712966237891,-0.0028042141224402756,0.0006828501846083576
DOGEUSDT,2025-03-14,0.0006390574019037436,0.0019642278866714904,0.0006634531162469676
DOGEUSDT,2025-03-14,0.000408492431434361,0.0007732802336372114,0.0005304351686792678
DOGEUSDT,2025-03-14,0.0008859198478500707,0.002911556173092499,0.000781155544016345
DOGEUSDT,2025-03-14,0.0009750952256891569,0.0008310578657109567,0.000819528042157923
DOGEUSDT,2025-03-14,0.00010567774806932725,0.001542843885441429,0.0002697938705257378
DOGEUSDT,2025-03-14,0.00031967783895841336,0.00023720571776987459,0.0004692416669731731
DOGEUSDT,2025-03-14,0.0007710220167384557,0.0005929088279942773,0.0007287418208251928
DOGEUSDT,2025-03-14,0.000025457995891793775,-0.0012455148254670082,0.00013241964206357962
DOGEUSDT,2025-03-14,0.0001889665003396499,-0.0014252630240957043,0.00036077190829000405
DOGEUSDT,2025-03-14,0.0003057646233657284,0.00023774145728626075,0.00045891676330497594
DOGEUSDT,2025-03-14,0.00009228099772727645,0.0016062349150765113,0.0002521136989374791
DOGEUSDT,2025-03-14,0.0008006056773878783,-0.00011908306057533602,0.0007425909229940933
DOGEUSDT,2025-03-14,0.0003213209741452546,-0.0,0.000470446065860794
DOGEUSDT,2025-03-14,0.0015724021882585206,0.0021460514942837137,0.001040691777856619
DOGEUSDT,2025-03-14,0.00016208487546186132,0.0017290211491822246,0.00033412698312974674
DOGEUSDT,2025-03-14,0.000560337116639565,0.0004766728327162613,0.0006212479935561162
DOGEUSDT,2025-03-14,0.00040468857762258507,-0.0024406953211928693,0.0005279597042067758
DOGEUSDT,2025-03-14,0.0015487463555165163,0.005336508365686896,0.0010328338245112478
DOGEUSDT,2025-03-14,0.00030288299788236754,0.002427401209670806,0.0004567491535628331
DOGEUSDT,2025-03-14,0.0002782535011574611,0.0018358952182140576,0.00043778474326571507
DOGEUSDT,2025-03-14,0.0004514139804157072,-0.0024229542332681398,0.0005576064724014649
DOGEUSDT,2025-03-14,0.0000597004007545695,-0.0016539669432974074,0.00020278177808076377
DOGEUSDT,2025-03-14,0.0005515977585299156,-0.00017736261833718435,0.0006163842740712304
DOGEUSDT,2025-03-14,0.00041718832191812283,0.0002956742873614142,0.0005360513265632067
DOGEUSDT,2025-03-14,0.00046012461992267484,0.0012427875545443635,0.0005629606499893487
DOGEUSDT,2025-03-14,0.0012015713841092269,0.0008293348025844759,0.0009097353948774939
DOGEUSDT,2025-03-14,2.2804273362016327e-6,-0.0008893369097709635,0.00003963222207655913
DOGEUSDT,2025-03-14,0.00013425888691376392,-0.0008300723825362605,0.00030409678224579793
DOGEUSDT,2025-03-14,0.00033253688964209494,0.0013030089500527518,0.0004785862519618935
DOGEUSDT,2025-03-14,3.3318627758873225e-6,-0.00005918385466189661,0.000047905332279224246
DOGEUSDT,2025-03-14,0.00003143720179050697,0.0,0.00014715067038005133
DOGEUSDT,2025-03-14,0.0008633264448738786,0.002488447782515785,0.0007711304020793227
DOGEUSDT,2025-03-14,0.0005705816251926554,0.0008902341903704757,0.0006269013346484025
DOGEUSDT,2025-03-14,0.0006779296484831252,0.001426025197094139,0.0006833333508131841
DOGEUSDT,2025-03-14,0.0003885310758655348,0.00178221398091337,0.0005173127518037857
DOGEUSDT,2025-03-14,0.00007007666247850028,0.0007713074042240486,0.00021969845783160414
DOGEUSDT,2025-03-14,0.0012779667877235242,0.00005930318756366847,0.0009382100641001154
DOGEUSDT,2025-03-14,0.0005621613159928269,-0.000059299670904260704,0.0006222584203985507
DOGEUSDT,2025-03-14,0.00013879738734722742,-0.0014222224619514835,0.0003091939227575442
DOGEUSDT,2025-03-14,0.0019473946058722535,0.0013019294062928397,0.0011581565960387106
DOGEUSDT,2025-03-14,0.000014923690030828647,-0.0020127877976985013,0.00010138609910497188
DOGEUSDT,2025-03-14,0.00011703194503504459,-0.0009476428096048219,0.00028391773066114537
DOGEUSDT,2025-03-14,0.00027263033093022815,0.0005918560778829695,0.0004333386130287094
DOGEUSDT,2025-03-14,0.0007702237173800431,0.00011833619326267943,0.0007283644614390364
DOGEUSDT,2025-03-14,0.0005842878457064458,0.0027849394351449107,0.0006343862038766174
DOGEUSDT,2025-03-14,0.00019226885501585873,0.0006529158860825655,0.00036391065672688864
DOGEUSDT,2025-03-14,0.00016655343888343784,0.001426025197094139,0.00033870148882092976
DOGEUSDT,2025-03-14,0.0001532777012420983,0.0007137759046797856,0.0003249225050552386
DOGEUSDT,2025-03-14,0.00009214533365947394,0.0010119952049800081,0.00025192831218085983
DOGEUSDT,2025-03-14,0.0003955476982533773,0.003211039210231861,0.0005219630190227957
DOGEUSDT,2025-03-14,0.0007217549768592376,0.0013070344066037354,0.0007050748070316293
DOGEUSDT,2025-03-14,0.00021889124773143565,0.00023782626903237278,0.00038828847661759113
DOGEUSDT,2025-03-14,0.0000668438837624695,0.0011885661350496965,0.00021457105733062206
DOGEUSDT,2025-03-14,0.0012737765677246471,0.0008311565427426546,0.0009366706913970467
DOGEUSDT,2025-03-14,0.00013294390160248557,0.0007717653029331145,0.00030260389492630654
DOGEUSDT,2025-03-14,0.0007829472530484465,0.0020212836083366684,0.0007343558450651316
DOGEUSDT,2025-03-14,0.0007907693416586441,0.0011908307450708086,0.0007380150448030142
DOGEUSDT,2025-03-14,0.000297924595295034,0.0014883169885260186,0.0004529950773730241
DOGEUSDT,2025-03-14,0.0005480268568480021,0.0007736023474862908,0.000614385878104187
DOGEUSDT,2025-03-14,0.0005545205531101063,0.0007735563147931341,0.000618015158503372
DOGEUSDT,2025-03-14,0.000537258414978587,0.0003569304023617475,0.0006083197501906832
DOGEUSDT,2025-03-14,0.00011303302041970926,-0.00023798191449783053,0.00027902490567246655
DOGEUSDT,2025-03-14,7.499385946904089e-6,0.0013672980164203827,0.00007187091201148698
DOGEUSDT,2025-03-14,0.0023014331238842343,0.004978083054942786,0.0012590398706161202
DOGEUSDT,2025-03-14,0.00034993055467990463,-0.0026637479864043976,0.0004909431854643076
DOGEUSDT,2025-03-14,0.00021973244950198863,-0.0004150238698292024,0.00038903385988248656
DOGEUSDT,2025-03-14,0.0000873676071531035,0.0014243325850116456,0.0002453101535115032
DOGEUSDT,2025-03-14,0.0009152282680286477,0.0033796836296423223,0.0007939716879555804
DOGEUSDT,2025-03-14,0.0010575679295509138,0.001125225904161032,0.0008534821446263066
DOGEUSDT,2025-03-14,0.0002797805223730971,-0.0010068406784989221,0.0004389843542778149
DOGEUSDT,2025-03-14,0.0018251071704448894,0.004842052566322283,0.001121203614796365
DOGEUSDT,2025-03-14,0.00003612091996273033,-0.000353377705544429,0.0001577319618326297
DOGEUSDT,2025-03-14,0.0006932183800047097,-0.00029438606000236305,0.0006909956893853226
DOGEUSDT,2025-03-14,0.0026910965705781277,0.0033611494921299786,0.0013614601843245668
DOGEUSDT,2025-03-14,0.0009887700559702546,0.0011819633785469883,0.000825254605076411
DOGEUSDT,2025-03-14,0.0011158210296916403,0.0025393464497202654,0.0008766728858697172
DOGEUSDT,2025-03-14,0.0000617963859973,0.0009431738496878952,0.00020631074257062123
DOGEUSDT,2025-03-14,0.00013449099288142746,-0.000058922310950116495,0.00030435952909310226
DOGEUSDT,2025-03-14,0.0002342078654892267,0.0014741003288436486,0.00040164377621818774
DOGEUSDT,2025-03-14,0.00010713882763215781,-0.0027695135701148346,0.0002716525264705786
DOGEUSDT,2025-03-14,0.00008746187886816845,0.0027105078170368453,0.00024544246555876755
DOGEUSDT,2025-03-14,0.00014181249705658814,0.001535282262003563,0.00031253420535051817
DOGEUSDT,2025-03-14,0.00007192970298156654,-0.0009451238224946652,0.00022258425335985692
DOGEUSDT,2025-03-14,0.00028016059759264366,-0.0001180916392490922,0.00043928242800971755
DOGEUSDT,2025-03-14,0.0003516931894700603,0.001416180091528347,0.0004921780969991866
DOGEUSDT,2025-03-14,0.0007375685256801765,0.0027750733718520226,0.0007127570004226575
DOGEUSDT,2025-03-14,0.000012708478457529317,-0.0006501374383082708,0.00009355932549110823
DOGEUSDT,2025-03-14,0.0002579679331154358,0.0021838580318809357,0.00042152483359259507
DOGEUSDT,2025-03-14,0.00011046217417553254,0.0023609974371990973,0.0002758335552229512
DOGEUSDT,2025-03-14,0.00019207630017077326,-0.0005911213744274452,0.0003637283851021803
DOGEUSDT,2025-03-14,0.0006898633046610285,0.0004731488141262305,0.0006893215022998753
DOGEUSDT,2025-03-14,0.0005663461906329717,0.0016577860516633536,0.0006245702524428796
DOGEUSDT,2025-03-14,0.0006534151692188627,0.0025514002032942054,0.0006708646526911444
DOGEUSDT,2025-03-14,0.0002820583327631899,0.0011293727238394576,0.0004407677096010626
DOGEUSDT,2025-03-14,0.0009501170746361912,0.0027913900827383773,0.0008089633847506574
DOGEUSDT,2025-03-14,0.0015390849620571484,-0.0005929439841674773,0.0010296072713687938
DOGEUSDT,2025-03-14,0.00034700890879920516,0.0025455097361927834,0.0004888893941758104
DOGEUSDT,2025-03-14,0.000049121849012767465,0.0022493202333114214,0.00018394062445723874
DOGEUSDT,2025-03-14,0.0007130486746104855,0.0039622749138769255,0.0007008093574971177
DOGEUSDT,2025-03-14,0.00020448314654118306,0.0,0.00037529178958322935
DOGEUSDT,2025-03-14,0.0003094096478583059,0.0011207787635389706,0.0004616440361031523
DOGEUSDT,2025-03-14,0.0004944643411727735,0.000943730163235877,0.0005835899338981517
DOGEUSDT,2025-03-14,0.00017285627525191277,0.0012990082128960735,0.00034505067302373246
DOGEUSDT,2025-03-14,0.0011365120231684397,0.0007087172514931726,0.0008847637503322166
DOGEUSDT,2025-03-14,0.001184197580364325,0.0010632015177552648,0.0009031344074775483
DOGEUSDT,2025-03-14,0.00030607491021497624,0.0001772787713315632,0.00045914955630738455
DOGEUSDT,2025-03-14,0.0001126444244326728,-0.0,0.00027854486316000444
DOGEUSDT,2025-03-14,0.00001972737468888969,-0.001771061328392838,0.00011656682037853132
DOGEUSDT,2025-03-14,0.00033103221607573905,-0.0007075471993292084,0.00047750226315602506
DOGEUSDT,2025-03-14,0.00027080721788749735,-0.0014155953761839475,0.0004318872879714686
DOGEUSDT,2025-03-14,0.000491592201541178,0.0015924039813300687,0.0005818925487162275
DOGEUSDT,2025-03-14,0.00011024279298742757,-0.0003536276337904766,0.0002755595122376778
DOGEUSDT,2025-03-14,0.00010215647716494126,0.0007666224759952009,0.0002652609114776727
DOGEUSDT,2025-03-14,0.00022766942370625612,0.0012969405814871214,0.0003959976947195963
DOGEUSDT,2025-03-14,0.0003481692741895567,-0.0002946115567961026,0.00048970611223134
DOGEUSDT,2025-03-14,0.0005768399720243256,-0.0008253257557442853,0.0006303299995239182
DOGEUSDT,2025-03-14,0.00039701941142818105,-0.00011794539142072523,0.0005229331506154206
DOGEUSDT,2025-03-14,0.000024771568979889317,0.003179278509575801,0.00013062222012256405
DOGEUSDT,2025-03-14,0.00003520328249903168,-0.0007638297618646315,0.00015571551411532275
DOGEUSDT,2025-03-14,0.00008044647838521216,0.00023497620974011177,0.0002353931508663357
DOGEUSDT,2025-03-14,0.0007582090054971417,0.0017051305028009688,0.0007226612580797014
DOGEUSDT,2025-03-14,0.00019693865647264633,0.002061917134537846,0.00036830345167085144
DOGEUSDT,2025-03-14,0.00028410057375443255,-0.0003538987886411908,0.0004423605190714122
DOGEUSDT,2025-03-14,0.0007574510434708116,0.0020079142162171167,0.0007222999548316122
DOGEUSDT,2025-03-14,0.0017013095765354798,0.00029562184269442036,0.0010825101494065423
DOGEUSDT,2025-03-14,0.0003389662813782195,0.0016543578366972674,0.00048319068473383917
DOGEUSDT,2025-03-14,0.0008527370393021899,0.002476270353263284,0.0007663865375336585
DOGEUSDT,2025-03-14,0.0007537635813939349,0.0012357667739111135,0.0007205396409343612
DOGEUSDT,2025-03-14,0.00009154183017345245,-0.00047058824397848653,0.00025110195792044484
DOGEUSDT,2025-03-14,0.00022935329217713547,-0.0010006770120132276,0.0003974594185069223
DOGEUSDT,2025-03-14,0.00005084182958172835,-0.0020003536704914808,0.00018713321927918704
DOGEUSDT,2025-03-14,0.00018845574716450962,-0.00035271295410047135,0.0003602840173740158
DOGEUSDT,2025-03-14,0.0003541992440817898,0.0008227551004787977,0.0004939285371140355
DOGEUSDT,2025-03-14,0.0022343606148152667,0.004045146949345131,0.0012405576103469694
DOGEUSDT,2025-03-14,0.0006446035361623975,-0.00040963221452329225,0.0006663258245845587
DOGEUSDT,2025-03-14,0.0010271379406252233,0.005399074148077386,0.0008411136662818003
DOGEUSDT,2025-03-14,0.0007477046576232204,0.00487190233733513,0.0007176378668122856
DOGEUSDT,2025-03-14,0.00019331365650280868,0.006536352422302085,0.000364898074232593
DOGEUSDT,2025-03-14,0.0008287630713822583,-0.0032044773539635224,0.0007555365856669186
DOGEUSDT,2025-03-14,0.0017781064734950095,0.003917102848311319,0.001106672670617065
DOGEUSDT,2025-03-14,0.000803411239780052,0.003579710990845332,0.0007438909157461728
DOGEUSDT,2025-03-14,7.063514361924554e-6,0.00393089185796856,0.00006975104521351155
DOGEUSDT,2025-03-14,0.0009836979724784352,0.0020514029993888797,0.0008231352336621223
DOGEUSDT,2025-03-14,0.0014841715735493346,0.0012312745245266984,0.0010110726396405868
DOGEUSDT,2025-03-14,0.0010754972901980365,0.0028751670092544038,0.0008606864460834839
DOGEUSDT,2025-03-14,0.0009542961398235777,-0.004514415663898962,0.0008107405348885076
DOGEUSDT,2025-03-14,0.00010698571151852846,0.003328761797126917,0.000271458342664014
DOGEUSDT,2025-03-14,0.0002491771980858606,-0.0015754007401024544,0.00041428046268045325
DOGEUSDT,2025-03-14,0.00021879854026068051,0.00023353573202832903,0.0003882062415915953
DOGEUSDT,2025-03-14,0.0006384018413832797,0.0014583639743844256,0.000663112735815172
DOGEUSDT,2025-03-14,0.00044414564196688065,-0.0004662004746442691,0.000553099169223165
DOGEUSDT,2025-03-14,0.00024426693491426063,0.005693055924756486,0.00041017826621527175
DOGEUSDT,2025-03-14,0.0019305667528027775,0.004796449427852099,0.0011531417996931681
DOGEUSDT,2025-03-14,0.0008275228714579801,0.0004036559752643579,0.0007549710638307856
DOGEUSDT,2025-03-14,0.002649760468408025,0.00758493551934206,0.001350963488722932
DOGEUSDT,2025-03-14,0.00013806525385148742,0.002292264614035548,0.0003083773708772269
DOGEUSDT,2025-03-14,0.003280021484304145,0.0025782808564610996,0.0015030680654788539
DOGEUSDT,2025-03-14,0.0018360281760559508,0.003027968148919105,0.001124553118997651
DOGEUSDT,2025-03-14,0.0007706964656103877,-0.0012557796044942165,0.0007285879550697939
DOGEUSDT,2025-03-14,0.0011760928980009504,0.00022844089191292286,0.0009000385624154022
DOGEUSDT,2025-03-14,0.003926543519742722,0.006530728985948222,0.0016445440517489256
DOGEUSDT,2025-03-14,0.0034288691481955988,0.002474465368474901,0.0015367943655777623
DOGEUSDT,2025-03-14,0.0011332378285735588,-0.0012683772239510953,0.0008834883664984471
DOGEUSDT,2025-03-14,0.0016738922796478717,0.003004219718630936,0.001073752175494058
DOGEUSDT,2025-03-14,0.0014063266401963695,0.002085023343100044,0.0009842001014370486
DOGEUSDT,2025-03-14,0.00033275906729683663,-0.0007534266779655505,0.0004787461040257559
DOGEUSDT,2025-03-14,0.0011869686148771744,0.002834583797126723,0.0009041904619432952
DOGEUSDT,2025-03-14,0.00007903327625144632,-0.0005774672447820197,0.0002333164159072169
DOGEUSDT,2025-03-14,0.001083481625739204,0.00457084141191557,0.0008638753440789696
DOGEUSDT,2025-03-14,0.0017549264751455123,0.0013346875621258517,0.0010994355268588675
DOGEUSDT,2025-03-14,0.0005945163501189723,0.001218627744021004,0.000639914874199286
DOGEUSDT,2025-03-14,0.0012640390787981694,0.0009854216372874513,0.0009330835950105441
DOGEUSDT,2025-03-14,0.0002948915480918008,0.001043417867548727,0.0004506833006569364
DOGEUSDT,2025-03-14,0.00030372015574463214,0.003936101400384679,0.0004573799372269873
DOGEUSDT,2025-03-14,0.00011673748695922654,0.0001155334759531456,0.0002835603302885838
DOGEUSDT,2025-03-14,0.000767625155276851,0.0012716029688719134,0.0007271347541934243
DOGEUSDT,2025-03-14,0.00043044693969705825,-0.0005785363192894808,0.0005445027980895433
DOGEUSDT,2025-03-14,0.00022855322433899217,0.00138977380641268,0.00039676557125578566
DOGEUSDT,2025-03-14,0.0008723737720043806,0.002611043289088737,0.00077516044540922
DOGEUSDT,2025-03-14,0.0004727895387632548,-0.0006393304684365001,0.0005706557962768397
DOGEUSDT,2025-03-14,0.0007182458042177483,0.0012798884753743522,0.0007033586817111398
DOGEUSDT,2025-03-14,0.001010065601628244,0.0021562408191129643,0.0008340941864141121
DOGEUSDT,2025-03-14,0.001847979269295176,-0.000058334548652972264,0.0011282071587026972
DOGEUSDT,2025-03-14,0.00019541803334689422,0.0015762284707735896,0.00036687880495517056
DOGEUSDT,2025-03-14,0.0005758078194991572,-0.0005844535525806066,0.0006297658153266546
DOGEUSDT,2025-03-14,0.0002077756358804825,-0.000058460729021935965,0.00037830110831026266
DOGEUSDT,2025-03-14,0.0009012999241624338,0.0023356310979744297,0.0007879070216970066
DOGEUSDT,2025-03-14,0.0010938303822237315,0.0012822756317785414,0.0008679911450569643
DOGEUSDT,2025-03-14,0.0008121277936753382,-0.0012822756317784605,0.0007479154254427648
DOGEUSDT,2025-03-14,0.0009989457931327264,0.001985054365050172,0.0008294902101406702
DOGEUSDT,2025-03-14,0.0002466273808985996,0.0016963532481785132,0.00041215535706405057
DOGEUSDT,2025-03-14,0.00022030689200187577,0.0005856172573078638,0.00038954204999230385
DOGEUSDT,2025-03-14,2.6340020413122407e-6,0.0003514115064861334,0.000042593993197050546
DOGEUSDT,2025-03-14,0.0012036745175182909,0.0012873780231998817,0.000910531210440509
DOGEUSDT,2025-03-14,0.0012584548478238023,0.0030363213797772156,0.0009310202403635985
DOGEUSDT,2025-03-14,0.0006495955801070254,-0.0006998717187578202,0.0006689009830780355
DOGEUSDT,2025-03-14,4.601945955479159e-6,0.0009339248869340664,0.000056300345581209583
DOGEUSDT,2025-03-14,0.00025223596801822196,-0.0008178525984556596,0.0004168154528043411
DOGEUSDT,2025-03-14,0.0000365641145968595,0.00011689070732193784,0.00015869667746763868
DOGEUSDT,2025-03-14,0.0002838634220887735,-0.00005844364573120429,0.00044217585130703843
DOGEUSDT,2025-03-14,0.00022678732913493724,-0.002743005600940215,0.00039522981291109123
DOGEUSDT,2025-03-14,0.0010094369482291667,0.0023285608379312772,0.0008338345806229995
DOGEUSDT,2025-03-14,0.0004702120664768694,0.0010461467884245455,0.0005690981691585153
DOGEUSDT,2025-03-14,0.00004217344652413886,-0.0019187725746222524,0.00017043541823186882
DOGEUSDT,2025-03-14,0.00041189951028801076,0.001805843265920846,0.000532642653541813
DOGEUSDT,2025-03-14,0.00020720600601891319,-0.0007582607030168131,0.00037778218436191116
DOGEUSDT,2025-03-14,0.0004307244813680482,-0.0005837030284802355,0.0005446783108535772
DOGEUSDT,2025-03-14,0.00010093806899564778,0.0026895882435764447,0.0002636742987593999
DOGEUSDT,2025-03-14,0.0008907049005756717,0.0008200562783841189,0.000783262301636005
DOGEUSDT,2025-03-14,0.00033254362703340814,-0.0007614585226613339,0.0004785911001556203
DOGEUSDT,2025-03-14,0.000053114616801949204,-0.00040977609237242074,0.0001912702078852696
DOGEUSDT,2025-03-14,0.0006599189736519713,0.002226650398467232,0.0006741951301098202
DOGEUSDT,2025-03-14,0.00015252586202225326,-0.0008802559178757839,0.00032412464019139736
DOGEUSDT,2025-03-14,0.000960828471612475,0.001233661487053178,0.000813510636206061
DOGEUSDT,2025-03-14,0.0012890927387945064,0.0009408998047862004,0.0009422852319511583
DOGEUSDT,2025-03-14,0.0029883553635833148,0.0029458573121217096,0.0014346845584450071
DOGEUSDT,2025-03-14,0.0004492656691365922,0.0031811514308544837,0.0005562780455416653
DOGEUSDT,2025-03-14,0.0002797994462612354,-0.0007060485113265397,0.0004389992001117498
DOGEUSDT,2025-03-14,0.00086496652674412,0.0007060485113265913,0.0007718625219605907
DOGEUSDT,2025-03-14,0.0003103093367328482,-0.0009406785337076225,0.00046231472384674114
DOGEUSDT,2025-03-14,0.0002726967578989926,-0.00023510050654907522,0.00043339140175772397
DOGEUSDT,2025-03-14,0.00047614072623709163,0.00011756407255490694,0.0005726746625729262
DOGEUSDT,2025-03-14,0.000982659545878136,0.0015858568417151456,0.000822700653513758
DOGEUSDT,2025-03-14,0.0008473982248649678,-0.00046962137640337373,0.0007639836749793582
DOGEUSDT,2025-03-14,0.00045376913023627795,0.0004698420242654221,0.0005590591725863101
DOGEUSDT,2025-03-14,0.0003118254621003446,0.0,0.000463442748250873
DOGEUSDT,2025-03-14,0.00047747305443186127,0.0013502012676724733,0.0005734753267004248
DOGEUSDT,2025-03-14,0.00023639618410377112,0.00046923574091079417,0.00040351579070052834
DOGEUSDT,2025-03-14,0.0001017472116023335,-0.0007039775017942694,0.0002647290259348364
DOGEUSDT,2025-03-14,0.0005807290000783842,0.001583345881290954,0.0006324512578300442
DOGEUSDT,2025-03-14,0.0009153016157397678,0.0005272253424607233,0.0007940035023352862
DOGEUSDT,2025-03-14,0.00023359009456817753,0.0015216249204994781,0.0004011137178435829
DOGEUSDT,2025-03-14,0.000353057996027915,0.001519224319315224,0.0004931321636213613
DOGEUSDT,2025-03-14,0.0003186091549891825,0.0008753757379623639,0.0004684566722177847
DOGEUSDT,2025-03-14,0.0004622328397711489,0.0005248578630476378,0.0005642488753804956
DOGEUSDT,2025-03-14,0.00005788389151944967,0.0003498746318272645,0.00019967291769976107
DOGEUSDT,2025-03-14,0.0001777572446258369,0.0005833965511711993,0.00034990806971884144
DOGEUSDT,2025-03-14,0.00008212754714599237,-0.0005250722094904922,0.000237839908818378
DOGEUSDT,2025-03-14,0.0025506617437114475,0.00273757342532559,0.0013254603411016292
DOGEUSDT,2025-03-14,0.00011012832786941396,-0.00023269342746061241,0.00027541641833108094
DOGEUSDT,2025-03-14,0.0011144233917175766,0.0007560557515051988,0.0008761236691015821
DOGEUSDT,2025-03-14,0.0012613324488302987,0.0020907145080004998,0.0009320840747212475
DOGEUSDT,2025-03-14,0.0001550567378125477,-0.00017404925637883934,0.0003268026917324262
DOGEUSDT,2025-03-14,0.0006540878161250859,0.0012755843325240731,0.0006712098688568776
DOGEUSDT,2025-03-14,0.0006738893624380209,0.001968162719269564,0.0006812940625049823
DOGEUSDT,2025-03-14,0.0011210175786750384,0.002195136922129438,0.0008787119143837014
DOGEUSDT,2025-03-14,0.0001276364406338192,-0.0006926807019052978,0.00029650201279706736
DOGEUSDT,2025-03-14,0.0006505934365210324,0.001965204955922766,0.0006694145418414442
DOGEUSDT,2025-03-14,0.0004944364445604215,0.0022008580643243097,0.0005835734712228558
DOGEUSDT,2025-03-14,0.0001634060825712827,0.0005799455013791374,0.00033548600873057087
DOGEUSDT,2025-03-14,0.00045987920353229286,0.00023207240763254707,0.0005628104969741355
DOGEUSDT,2025-03-14,0.0010402265015670685,0.002498185758218484,0.0008464557520943397
DOGEUSDT,2025-03-14,0.0019909841550371007,0.003194241470776232,0.0011710466754533625
DOGEUSDT,2025-03-14,0.0003627567173555564,-0.0005800127765411033,0.0004998595975778753
DOGEUSDT,2025-03-14,0.0009647733199396631,0.0012190521928803757,0.0008151789302638419
DOGEUSDT,2025-03-14,0.00012288773498857303,0.002151476335065454,0.00029093406387464984
DOGEUSDT,2025-03-14,0.0003719323384231345,-0.0006982427840999358,0.0005061418800304836
DOGEUSDT,2025-03-14,0.0002957155769451174,0.0013969734518666148,0.00045131254379642336
DOGEUSDT,2025-03-14,0.000027848264166086942,-0.0009314782067222308,0.00013849668185949906
ETHUSDT,2021-06-15,0.00015443779328713645,-0.000996697794177938,0.0005128209397516347
ETHUSDT,2021-06-15,0.000434456912268614,0.00017846958498884388,0.0008601264680335259
ETHUSDT,2021-06-15,0.0003971811146883285,0.005813846173524305,0.000822400283961094
ETHUSDT,2021-06-15,0.0013799956603725762,0.004644540057673757,0.001532949389434406
ETHUSDT,2021-06-15,0.0007825665522140906,0.0047262578641492714,0.0011543821356025444
ETHUSDT,2021-06-15,0.0006547127098886273,0.0021612118844366703,0.0010558794618704456
ETHUSDT,2021-06-15,0.000842653112812214,0.002234963332726495,0.0011978801578763961
ETHUSDT,2021-06-15,0.000343851479609319,0.0010970212756219737,0.0007651990200550449
ETHUSDT,2021-06-15,0.0017083739211238567,0.003642977338008116,0.0017056127074919056
ETHUSDT,2021-06-15,0.0006930033726547043,0.005857412714924383,0.0010863171365578718
ETHUSDT,2021-06-15,0.000523180181279873,0.0013456520175718523,0.0009438752503116085
ETHUSDT,2021-06-15,0.00011147907519117811,0.000954543777493271,0.0004356980689001351
ETHUSDT,2021-06-15,0.00013936312917916987,-0.00011551701578489097,0.00048715021777204865
ETHUSDT,2021-06-15,0.0005735576997072022,0.0014680640955435067,0.0009882743270426114
ETHUSDT,2021-06-15,0.0008503112693667561,0.001570667817996807,0.0012033111028078632
ETHUSDT,2021-06-15,0.000031345337472223817,-0.0009660081818609779,0.00023103375214717954
ETHUSDT,2021-06-15,0.00005588059978012943,-0.000981456730470327,0.0003084746540688092
ETHUSDT,2021-06-15,0.00026583918646515655,0.0014356783922579558,0.0006728193236019736
ETHUSDT,2021-06-15,0.0010550152485534006,0.0037830018897491617,0.0013403503275155229
ETHUSDT,2021-06-15,0.00005547083975933132,0.0005882694598502861,0.00030734158506556456
ETHUSDT,2021-06-15,0.0005726704180666648,0.0006153715354583627,0.0009875096114289796
ETHUSDT,2021-06-15,0.00020830338020671132,0.0005227847117410255,0.0005955758992757174
ETHUSDT,2021-06-15,0.00026384752498433833,0.0015505922491511697,0.0006702942112205342
ETHUSDT,2021-06-15,0.0011218886496330723,0.002108775497916607,0.0013821775464274613
ETHUSDT,2021-06-15,0.0001044114962978858,0.000722874740967715,0.0004216606911071962
ETHUSDT,2021-06-15,0.00008417522384929624,-0.0002797191948339211,0.00037860042438343235
ETHUSDT,2021-06-15,0.001386699903638946,0.0035450989533113934,0.0015366685365260197
ETHUSDT,2021-06-15,0.00013335035113361615,0.0012072716356792783,0.00047652538207719025
ETHUSDT,2021-06-15,0.0009301928240256795,0.0025722145643030966,0.0012585644168364254
ETHUSDT,2021-06-15,0.0002290602595191609,0.0002121688486227244,0.0006245451363824847
ETHUSDT,2021-06-15,0.0005040815944787365,0.0017298904598139527,0.0009264870996677736
ETHUSDT,2021-06-15,0.00010089569569949571,0.0012050660575293715,0.00041450070739777045
ETHUSDT,2021-06-15,0.00044251289342467863,0.002608934078525672,0.0008680643504435445
ETHUSDT,2021-06-15,0.00013984743302910117,-0.00028247986551401693,0.0004879959368387111
ETHUSDT,2021-06-15,0.000044412739413732704,-0.0015216783986865508,0.0002750063596840441
ETHUSDT,2021-06-15,0.0001379725552971606,0.0022640686646945916,0.00048471371721569954
ETHUSDT,2021-06-15,0.001249672737363526,0.003550276752820364,0.0014587709432323786
ETHUSDT,2021-06-15,0.0006474185133353838,0.004223080319096806,0.0010499811769500245
ETHUSDT,2021-06-15,0.00028649005852819697,0.0007042989614425243,0.0006984635299835193
ETHUSDT,2021-06-15,0.0001125270386035334,0.0005069904805999702,0.00043774117693278733
ETHUSDT,2021-06-15,0.00005887432725332622,-0.00029014606156195375,0.00031662990835282505
ETHUSDT,2021-06-15,0.00013527913766197855,-0.0004991033653800826,0.0004799592538882348
ETHUSDT,2021-06-15,0.0004277230717827228,0.002114635646226703,0.0008534346961710438
ETHUSDT,2021-06-15,0.00011916585350914504,0.001789611073055557,0.0004504689595192376
ETHUSDT,2021-06-15,0.000016403327438614954,0.0004099977623593939,0.00016713020026170455
ETHUSDT,2021-06-15,0.00012207006360198195,0.0013950533909160246,0.00045592514182331745
ETHUSDT,2021-06-15,0.000041300707775374314,0.00010427146118868835,0.00026519644841827743
ETHUSDT,2021-06-15,0.001118008100619538,0.0014841557531779439,0.001379785038998845
ETHUSDT,2021-06-15,0.00028674930875878724,0.0028889698598892114,0.0006987794848995571
ETHUSDT,2021-06-15,0.0006205741847097169,0.0027573653367042542,0.0010279827075607543
ETHUSDT,2021-06-15,8.3185855576645e-6,-0.0021439879032639597,0.0001190182883790564
ETHUSDT,2021-06-15,0.00004271662680861314,-0.0006021724711225448,0.00026970402743323576
ETHUSDT,2021-06-15,0.001470094627951425,0.005199118235257814,0.001582200807169184
ETHUSDT,2021-06-15,0.000031179343002591344,-0.0006301560613209879,0.00023042120119425133
ETHUSDT,2021-06-15,0.0005573836736512759,0.0026025787114477912,0.0009742402726624544
ETHUSDT,2021-06-15,0.0007979157691231267,0.0027602171334827077,0.0011656481546519226
ETHUSDT,2021-06-15,0.0017817024688394898,0.0044705768330323995,0.0017418331327184982
ETHUSDT,2021-06-15,0.0009046774825180248,0.000178895983881752,0.0012411830807949953
ETHUSDT,2021-06-15,0.00180933154410725,0.0043794498266548736,0.0017552865856136975
ETHUSDT,2021-06-15,0.0002907766925127414,0.002554008390004931,0.0007036695410006507
ETHUSDT,2021-06-15,0.0009876383193129935,0.0020235376200309465,0.0012968445532004975
ETHUSDT,2021-06-15,0.0003476803980154,0.0007046344286444315,0.0007694476179760005
ETHUSDT,2021-06-15,0.00014362017426886774,0.0018115152458841929,0.0004945345986526515
ETHUSDT,2021-06-15,0.0008681670239390122,0.0028287156241859224,0.0012158796766853508
ETHUSDT,2021-06-15,0.000634307146283325,0.002107006861520918,0.0010392948101782783
ETHUSDT,2021-06-15,0.00029358839613962496,0.00025590442300481146,0.000707063469005256
ETHUSDT,2021-06-15,0.00023623608410362816,0.002098228339745345,0.0006342523338682609
ETHUSDT,2021-06-15,0.000117547790617058,0.0032522215897052478,0.0004474002184355111
ETHUSDT,2021-06-15,0.00016106263991284787,-0.0005198439056434002,0.0005237045691866347
ETHUSDT,2021-06-15,0.0005060902804512804,0.0021882265358472747,0.0009283312171441873
ETHUSDT,2021-06-15,0.0003973213965608751,0.0039559659511540215,0.0008225455044443313
ETHUSDT,2021-06-15,0.000038285855281247745,0.0009426600119091308,0.0002553336968073236
ETHUSDT,2021-06-15,0.00021420290461708163,0.0015223229233773039,0.0006039509020461225
ETHUSDT,2021-06-15,0.001510477992225404,0.002159313971782505,0.001603785037533004
ETHUSDT,2021-06-15,0.0005299798791800224,-0.00025491423415519775,0.0009499891547929555
ETHUSDT,2021-06-15,0.00003343118422692358,0.0001445861983577871,0.0002385969220302973
ETHUSDT,2021-06-15,0.00023875029080218404,0.001410386531377801,0.0006376185026099036
ETHUSDT,2021-06-15,0.00030647602458722947,0.0025066244650623257,0.0007224157556921428
ETHUSDT,2021-06-15,0.0008907140240157284,0.002490024985635742,0.0012315671648611619
ETHUSDT,2021-06-15,0.0003314025369391737,0.001849594877618761,0.0007512195312370347
ETHUSDT,2021-06-15,0.00014228008475760103,-0.00013769099866860218,0.0004922219924563387
ETHUSDT,2021-06-15,0.0008600276171972671,0.0011710589087347454,0.001210166579823541
ETHUSDT,2021-06-15,0.00025432569146161097,0.0007661397277248145,0.0006580881541726096
ETHUSDT,2021-06-15,0.000028720061810041185,-0.00046358289098341935,0.00022114730007784787
ETHUSDT,2021-06-15,0.0007414941781254977,0.002496688679823337,0.0011236804608621117
ETHUSDT,2021-06-15,0.00031149877882318867,0.0007715353743989174,0.0007283114382201411
ETHUSDT,2021-06-15,0.00014806327705943926,0.0005792153903341486,0.0005021259138084363
ETHUSDT,2021-06-15,0.0007589709183718187,0.001750184676674807,0.0011368457016484113
ETHUSDT,2021-06-15,0.000549963776680668,0.0026241296737685884,0.0009677339991560047
ETHUSDT,2021-06-15,0.0003008213213663073,-0.000053641285411251474,0.0007157201820605569
ETHUSDT,2021-06-15,0.0004209966398206506,0.001726564050482979,0.0008466974878279796
ETHUSDT,2021-06-15,0.0009667347776287247,0.0033755661981703673,0.0012830471833457163
ETHUSDT,2021-06-15,0.0001976720733385566,0.0015570054956184597,0.0005801784790644229
ETHUSDT,2021-06-15,7.2845072274825584e-6,0.002636772038725414,0.00011137534073741045
ETHUSDT,2021-06-15,0.00020687641761742696,0.001461037979149304,0.0005935324254435001
ETHUSDT,2021-06-15,0.0003938200783163061,0.00337781359572065,0.000818913222663003
ETHUSDT,2021-06-15,0.000719026611107664,0.003714691809776966,0.0011065255296616894
ETHUSDT,2021-06-15,0.00022124489928321926,-0.0012321162962127508,0.0006137981709381547
ETHUSDT,2021-06-15,0.00010470657183025929,-0.0003136259004203597,0.00042225609474937645
ETHUSDT,2021-06-15,0.0006269631782569163,0.0021589738552697003,0.0010332608493325798
ETHUSDT,2021-06-15,8.993930675619716e-6,0.0012298527254847405,0.00012375527635482265
ETHUSDT,2021-06-15,0.000018416318731224842,-0.0010275432118878093,0.0001770885034468434
ETHUSDT,2021-06-15,0.0010591833795966623,0.0043734107070703705,0.0013429954308360624
ETHUSDT,2021-06-15,0.0020610746335176164,0.005355985020317531,0.0018734228612384348
ETHUSDT,2021-06-15,0.0021722558563432954,0.0026520555451361645,0.0019232885442853566
ETHUSDT,2021-06-15,0.000817696948917937,0.0037293895935224266,0.0011800085255152823
ETHUSDT,2021-06-15,0.0002524827053388926,0.0017909133402996113,0.0006556993813974638
ETHUSDT,2021-06-15,0.0008227987318510599,-0.0009028121466040065,0.001183683961936847
ETHUSDT,2021-06-15,0.0004507463379684842,0.0028532794199058707,0.0008761027831236692
ETHUSDT,2021-06-15,0.000707794613383351,0.0032084756127881294,0.0010978489302094028
ETHUSDT,2021-06-15,0.0007324274875492316,0.0024150931616079073,0.0011167893758750574
ETHUSDT,2021-06-15,0.001371227358105084,0.0014889951258263336,0.0015280715542213504
ETHUSDT,2021-06-15,0.0003593329434130234,0.002363062836067324,0.0007822354141501722
ETHUSDT,2021-06-15,0.0017180371246093842,0.004176986271073733,0.0017104296979339945
ETHUSDT,2021-06-15,0.0009064689450359617,0.002194610178552108,0.0012424113822207745
ETHUSDT,2021-06-15,0.00013318171201849368,0.0014456455352556906,0.00047622397214134785
ETHUSDT,2021-06-15,0.00017214580107687369,0.0012097531530802933,0.0005414235890639071
ETHUSDT,2021-06-15,0.0008603107601179373,0.002745738378287713,0.001210365772207263
ETHUSDT,2021-06-15,0.00018383289606443496,0.0005081350196899532,0.0005595006185087038
ETHUSDT,2021-06-15,0.0005670359936911113,0.004181530723239083,0.0009826396183514044
ETHUSDT,2021-06-15,0.00018151469614791717,0.0006802432131702564,0.0005559616727570534
ETHUSDT,2021-06-15,0.00002809670666582642,0.0013657425203150732,0.00021873418642548553
ETHUSDT,2021-06-15,0.0002468218876072089,0.0010757016313786413,0.000648307119790066
ETHUSDT,2021-06-15,0.00039123609297714627,0.0009324695446664169,0.0008162222193896332
ETHUSDT,2021-06-15,0.00024095178787841381,0.0014487927971722312,0.0006405514712187784
ETHUSDT,2021-06-15,0.00017317038578691183,0.0022845823925236623,0.0005430324327068645
ETHUSDT,2021-06-15,0.00039736114895816665,0.0007505532780884011,0.0008225866516593269
ETHUSDT,2021-06-15,0.0001550923453654776,0.0008820355475071535,0.0005139065325069941
ETHUSDT,2021-06-15,0.00013624745524603405,0.0004600518509309151,0.000481673946522951
ETHUSDT,2021-06-15,0.000271801884859689,0.0022364968306983583,0.000680323054652498
ETHUSDT,2021-06-15,0.00041878678954233113,0.0017136436558904432,0.0008444723673301746
ETHUSDT,2021-06-15,0.00004491899976570767,0.0001746003112320072,0.0002765693155841794
ETHUSDT,2021-06-15,0.00011737008524777798,0.002402599061610642,0.0004470619071331357
ETHUSDT,2021-06-15,0.00007165135187925004,-0.0005575107290993887,0.0003493020632023694
ETHUSDT,2021-06-15,0.00007148009618693349,0.0007007098360912421,0.0003488843756628288
ETHUSDT,2021-06-15,0.00017375233004144087,0.0007466252307696757,0.0005439441057791342
ETHUSDT,2021-06-15,0.00016212154490101172,0.0016990844901953123,0.0005254232945480201
ETHUSDT,2021-06-15,0.00041668853765407785,0.0017563011316834882,0.0008423541763756716
ETHUSDT,2021-06-15,0.000785613404484734,0.003443802621511193,0.0011566271938428224
ETHUSDT,2021-06-15,0.00044977535154776656,0.0005959092758441824,0.0008751586350979962
ETHUSDT,2021-06-15,0.0007217472063356295,0.003135249984379492,0.0011086169444776471
ETHUSDT,2021-06-15,0.0008620860266052651,0.002430323845854629,0.0012116139342396425
ETHUSDT,2021-06-15,0.0001871344476186757,0.002267199891609131,0.0005645024436105734
ETHUSDT,2021-06-15,0.0001415212466796566,-0.0010094500907654926,0.0004909076266635552
ETHUSDT,2021-06-15,0.002116961054669733,0.006046685696133757,0.0018986520856048483
ETHUSDT,2021-06-15,0.0005303987664446593,0.0010843832523982422,0.0009503645084377002
ETHUSDT,2021-06-15,0.000554031499953222,0.0022985856084445718,0.0009713062544468613
ETHUSDT,2021-06-15,0.00037549002660330433,-0.0004469601008401294,0.0007996283064681463
ETHUSDT,2021-06-15,0.0005423426141905595,0.0012031653952620839,0.000961005385613818
ETHUSDT,2021-06-15,0.00038434662670115634,0.0007179610216267044,0.0008090036728831193
ETHUSDT,2021-06-15,0.0003528218475900772,0.0026446756549844278,0.000775115981543122
ETHUSDT,2021-06-15,0.00015410304058555493,0.0005537902825479288,0.0005122648539728451
ETHUSDT,2021-06-15,0.0003775195146992216,0.0019076945565238955,0.0008017863520903934
ETHUSDT,2021-06-15,0.0004890860155313322,0.002310472581117402,0.0009126023421595862
ETHUSDT,2021-06-15,0.0009185810931121336,0.00454331995152036,0.0012506843271474998
ETHUSDT,2021-06-15,0.00013722292951169954,0.0014290421495596064,0.0004833951622874896
ETHUSDT,2021-06-15,0.0008059276711099018,0.00279453070924359,0.0011714856958010985
ETHUSDT,2021-06-15,0.0008952514912939107,0.0007954651187114336,0.0012347000991120933
ETHUSDT,2021-06-15,0.00006553501795590365,0.002386335981239275,0.0003340609161553221
ETHUSDT,2021-06-15,0.0006984470515006133,0.0033284590520366144,0.0010905754087309756
ETHUSDT,2021-06-15,0.0005283019986926164,0.0030846207146409733,0.0009484841619349923
ETHUSDT,2021-06-15,0.0002211722966912959,0.003046036905250449,0.0006136974522440934
ETHUSDT,2021-06-15,0.000101255446356623,0.0016881813955728073,0.00041523901548709194
ETHUSDT,2021-06-15,0.00013677262255658269,-0.0005994311384788771,0.0004826013624535861
ETHUSDT,2021-06-15,0.00008153985531219591,0.0005298402674919878,0.0003726266607902042
ETHUSDT,2021-06-15,0.00017131618748000615,0.0015206833234996694,0.0005401173857038933
ETHUSDT,2021-06-15,0.00008524352164793135,0.0012539041013163927,0.00038099532623552435
ETHUSDT,2021-06-15,0.00025125880696928846,0.0005026680176988996,0.0006541082143925945
ETHUSDT,2021-06-15,0.0014495205595755646,0.00564825415729595,0.0015710902963605277
ETHUSDT,2021-06-15,0.0007742619256460844,-0.00036537064148072467,0.0011482406246855668
ETHUSDT,2021-06-15,0.00026713537023340144,-0.00001943124738937847,0.0006744576016793256
ETHUSDT,2021-06-15,0.0029787356908061277,0.007039440020508207,0.002252189560117112
ETHUSDT,2021-06-15,0.00021717427254711494,0.000888024829162599,0.000608125401263346
ETHUSDT,2021-06-15,0.0021987206624427256,0.0019492115390004599,0.001934968882770516
ETHUSDT,2021-06-15,0.0010490540347466671,0.0031904462878172375,0.0013365582336848096
ETHUSDT,2021-06-15,0.0009270054567455455,0.00097435260411484,0.0012564062893695874
ETHUSDT,2021-06-15,0.0004260708512645338,0.0009930195082790017,0.0008517847656992252
ETHUSDT,2021-06-15,0.0009457920744950893,0.0022101361724727263,0.0012690735470844963
ETHUSDT,2021-06-15,0.00011231244657654414,0.0017120776144726518,0.00043732358577038824
ETHUSDT,2021-06-15,4.755764069176072e-6,0.0007570691196941732,0.00008999100607359578
ETHUSDT,2021-06-15,0.0022029457857871064,0.004231295833907664,0.001936827135741649
ETHUSDT,2021-06-15,0.0009594938049936006,0.002129674720755117,0.001278233054378944
ETHUSDT,2021-06-15,0.00018546333477248433,0.00041677315955074366,0.0005619762845332129
ETHUSDT,2021-06-15,0.00018508338457425095,0.0014004998453477759,0.0005614003419302674
ETHUSDT,2021-06-15,0.00020736684593237507,0.0022217993123113005,0.0005942355331266524
ETHUSDT,2021-06-15,0.0006150998137103895,0.0007852961558897626,0.0010234385090361925
ETHUSDT,2021-06-15,0.00009913566453906148,-0.0007499475191929864,0.0004108695132126803
ETHUSDT,2021-06-15,0.0004236269665862099,0.0026745450536577705,0.000849338391629136
ETHUSDT,2021-06-15,0.0002267182406714992,0.0015033454228445015,0.0006213441128983467
ETHUSDT,2021-06-15,0.00030257138688535704,0.0012301163873449682,0.000717799058582992
ETHUSDT,2021-06-15,0.000018882167426331696,-0.0008565984138390686,0.00017931428074320762
ETHUSDT,2021-06-15,0.0007066466022825799,0.002830266485670875,0.001096958238047628
ETHUSDT,2021-06-15,0.0001598661258387122,0.0011204614652232257,0.0005217556752623497
ETHUSDT,2021-06-15,0.00037787726087745797,-0.0005988739001476164,0.0008021661577310762
ETHUSDT,2021-06-15,0.0002172324716482899,0.00038731712954029367,0.0006082068795630475
ETHUSDT,2021-06-15,0.00026297053583711146,0.0007943200666502858,0.0006691793058683075
ETHUSDT,2021-06-15,0.00029395613284859763,0.00045417884463951893,0.0007075061496885661
ETHUSDT,2021-06-15,0.0004207253545524736,0.0018854802093143314,0.0008464246429300812
ETHUSDT,2021-06-15,8.942993893563387e-6,-0.0015016165780296624,0.00012340433713170604
ETHUSDT,2021-06-15,0.0005087534745525173,0.0015736383645018682,0.0009307705864839657
ETHUSDT,2021-06-15,0.00011402371000360139,0.0014522056698647386,0.00044064265997678745
ETHUSDT,2021-06-15,4.350149782467573e-6,-0.0009944561849400248,0.00008606787129858471
ETHUSDT,2021-06-15,0.00001548635258335039,-0.0004460216120546222,0.00016239158766707032
ETHUSDT,2021-06-15,0.00041589901326959566,-0.0002973256363546748,0.0008415557688925991
ETHUSDT,2021-06-15,0.0023052058566143804,0.004158416035071864,0.0019812706843064234
ETHUSDT,2021-06-15,0.00035556091591162046,0.001399738606128823,0.000778118900715609
ETHUSDT,2021-06-15,0.00004951091071997766,-0.0010957836826415738,0.0002903617558220917
ETHUSDT,2021-06-15,0.00006386710984508487,-0.001794429170515241,0.00032978248655848646
ETHUSDT,2021-06-15,0.0006912042921888496,-0.000023426427353810938,0.0010849061463054418
ETHUSDT,2021-06-15,0.0005032514463453509,0.0014416627326752638,0.0009257238914259882
ETHUSDT,2021-06-15,0.00005695416089450112,0.000613601252707735,0.00031142371801361624
ETHUSDT,2021-06-15,0.00015265635530424142,0.0009138840706349895,0.0005098546694568755
ETHUSDT,2021-06-15,0.00013543928994348144,0.0008435589312133819,0.0004802432734141071
ETHUSDT,2021-06-15,0.00045729455274529703,0.002314188013640492,0.0008824436260384418
ETHUSDT,2021-06-15,0.00006430397616712626,0.0004637559246096521,0.00033090845993944307
ETHUSDT,2021-06-15,0.0008601860661380075,0.003915786536345861,0.0012102780534424262
ETHUSDT,2021-06-15,0.0008598536101598281,0.01344232169374357,0.0012100441487820125
ETHUSDT,2021-06-15,0.0006023842959574324,0.002730104918171015,0.00101280486108101
ETHUSDT,2021-06-15,0.00012879387460764142,-0.0008328712083499357,0.00046831337432292334
ETHUSDT,2021-06-15,0.0011384663617795964,0.0026083948200049797,0.0013923520480562325
ETHUSDT,2021-06-15,0.00013400418431597938,-0.00021158199939274938,0.0004776921848775906
ETHUSDT,2021-06-15,0.0001327323985711237,0.00009233468251132494,0.00047541997808440626
ETHUSDT,2021-06-15,0.001318931992119655,0.0026813489064595607,0.0014986497920932904
ETHUSDT,2021-06-15,0.0003191223114376327,-0.0002970845227310817,0.0007371698101294874
ETHUSDT,2021-06-15,0.00025073271011462084,0.00022383538158979365,0.0006534230551281959
ETHUSDT,2021-06-15,0.0015701225923471815,0.006372999523913203,0.0016351429935087115
ETHUSDT,2021-06-15,0.00017703539617700998,0.0013314573270782652,0.0005490589940409412
ETHUSDT,2021-06-15,0.00014319530563924456,-0.0007101459978256494,0.0004938025710623074
ETHUSDT,2021-06-15,0.00026480907267666494,0.00024070005007857846,0.000671514487417319
ETHUSDT,2021-06-15,0.0010693270576025203,0.002998083240537663,0.0013494109639995756
ETHUSDT,2021-06-15,0.0002696013224406279,0.001344471211635581,0.0006775634419507792
ETHUSDT,2021-06-15,0.00018905886483363453,-0.000954951691603811,0.000567397580326257
ETHUSDT,2021-06-15,0.0013482325180499196,0.005661155434738335,0.001515204862207679
ETHUSDT,2021-06-15,0.000912127207973383,0.0020119744720677704,0.0012462829732527174
ETHUSDT,2021-06-15,0.000030080989928266513,0.0022953729248770373,0.0002263262973773989
ETHUSDT,2021-06-15,0.0001817462316748552,0.0003186937517754742,0.0005563161450345197
ETHUSDT,2021-06-15,0.0001538691662246006,-0.0006020600077581371,0.0005118759871952737
ETHUSDT,2021-06-15,0.0010426693054368774,0.0006260594488445304,0.001332484760773341
ETHUSDT,2021-06-15,0.0007756753861639946,0.0023660343307710554,0.0011492882370584274
ETHUSDT,2021-06-15,0.00018348284566328937,-0.00075041572601193,0.0005589676705328005
ETHUSDT,2021-06-15,0.0027589331866420754,0.006970161317844966,0.0021675022055753857
ETHUSDT,2021-06-15,0.0010882665338235883,0.004592726807581997,0.0013613086166124157
ETHUSDT,2021-06-15,0.00023058799275416304,-0.000935090526251626,0.0006266243986780111
ETHUSDT,2021-06-15,0.0004579958985053752,0.0013587631405712246,0.0008831200620194121
ETHUSDT,2021-06-15,0.0015080469731284377,0.002633037023701169,0.0016024939223798869
ETHUSDT,2021-06-15,0.00010565430979179123,-0.0002053323231878785,0.00042416278807344234
ETHUSDT,2021-06-15,0.0002729202549205282,0.0011051382152718746,0.0006817212640160691
ETHUSDT,2021-06-15,9.880141840820155e-6,-0.00048531910683224347,0.000129709129930266
ETHUSDT,2021-06-15,0.00005922904318458211,0.0006119166010464376,0.000317582318462497
ETHUSDT,2021-06-15,0.0008800612510779092,0.003655602398229824,0.001224180355875306
ETHUSDT,2021-06-15,0.0006378407145749735,-0.0009943489319898461,0.0010421856169980242
ETHUSDT,2021-06-15,0.0006621912450736351,0.001573196548001424,0.0010618927941122144
ETHUSDT,2021-06-15,0.0007627680174421254,0.00307277079989937,0.0011396859489029184
ETHUSDT,2021-06-15,0.000059579686136494396,-0.0010007852845670766,0.0003185209937184272
ETHUSDT,2021-06-15,0.00014358355132093113,0.0013288880825114754,0.0004944715418095273
ETHUSDT,2021-06-15,0.0002075285610304462,0.0016467929770001602,0.0005944671953509001
ETHUSDT,2021-06-15,0.00024040288518056664,0.0004894105857735184,0.0006398214477897965
ETHUSDT,2021-06-15,0.0006637626869021476,0.0009044573773936354,0.0010631520329970822
ETHUSDT,2021-06-15,0.0005038084543203107,0.0028291352528534265,0.0009262360538788143
ETHUSDT,2021-06-15,0.00017777645244658921,0.0011590913076660605,0.0005502069529006308
ETHUSDT,2021-06-15,0.000015259854820106844,-0.000027613684554866814,0.00016119967332380012
ETHUSDT,2021-06-15,0.00015152759181415312,0.0016740172021642405,0.0005079662019604361
ETHUSDT,2021-06-15,0.00024562660924369725,0.00016597444821940793,0.000646735444126267
ETHUSDT,2021-06-15,0.00044535035906192126,0.0004740909395203487,0.0008708429891624845
ETHUSDT,2021-06-15,0.00004781372183126318,0.0012394803664762435,0.0002853416917227396
ETHUSDT,2021-06-15,0.00003298351655171393,-0.0008675182032811457,0.00023699404556855953
ETHUSDT,2021-06-15,2.793113439713718e-6,0.002472237806555977,0.00006896571509613125
ETHUSDT,2021-06-15,0.0008527606677294214,0.00010616483476762762,0.001205042979620651
ETHUSDT,2021-06-15,0.0002578116549935863,-0.001430311847442585,0.000662582909851878
ETHUSDT,2021-06-15,0.00010225118334565591,0.000953713569690123,0.0004172757321554053
ETHUSDT,2021-06-15,0.0008697282237109889,0.0003060359733858882,0.0012169724263547941
ETHUSDT,2021-06-15,0.0001057084695302162,-0.00019618768161239073,0.00042427148975559203
ETHUSDT,2021-06-15,0.0006129642521776599,0.0029186463322303183,0.0010216603291217635
ETHUSDT,2021-06-15,0.000025776682316020597,-0.0020789865788835293,0.00020950889486445626
ETHUSDT,2021-06-15,0.00022695282373649814,0.0023763470954874365,0.0006216654790182752
ETHUSDT,2021-06-15,0.00018049108232461467,0.00035221740787726825,0.0005543918421823948
ETHUSDT,2021-06-15,0.0005007090220831706,0.002669842353154766,0.0009233825539056995
ETHUSDT,2021-06-15,0.00047318328425813365,0.0014493577117526031,0.0008976430104656612
ETHUSDT,2021-06-15,0.00044354053576666885,0.0018352111240867274,0.0008690717136085196
ETHUSDT,2021-06-15,0.00014835416738533585,0.00034080426217665403,0.000502618918905938
ETHUSDT,2021-06-15,0.00036005117276628995,0.0009359574763897652,0.0007830167841644396
ETHUSDT,2021-06-15,0.0002969447056264262,0.0009116395077808238,0.0007110935668419969
ETHUSDT,2021-06-15,0.0002471053332242843,0.0014246187445457641,0.0006486792648358239
ETHUSDT,2021-06-15,8.317782263685635e-6,-0.0005912306186918088,0.00011901254166995717
ETHUSDT,2021-06-15,0.00023269610202737725,0.0011227670538301337,0.0006294822820794649
ETHUSDT,2021-06-15,0.00012286829154387052,0.0013106751461096076,0.00045741338213076875
ETHUSDT,2021-06-15,0.0002992547352742456,0.0018496027844372412,0.0007138541227380797
ETHUSDT,2021-06-15,0.0003884299725821816,0.0021320169763600727,0.0008132897961952979
ETHUSDT,2024-02-15,0.00011362670195406097,-0.0001621087104559087,0.00037710627854145915
ETHUSDT,2024-02-15,0.000044310488216267314,0.0013069285263892796,0.00023549236435253712
ETHUSDT,2024-02-15,0.00009604214233759042,-0.0005970922505047784,0.00034670051115689044
ETHUSDT,2024-02-15,0.00023682812219399872,0.0015917076487450348,0.0005444276807002173
ETHUSDT,2024-02-15,0.004365185473512071,0.006798147037408145,0.00233735626262148
ETHUSDT,2024-02-15,0.0007907582848144825,0.0019272599162280884,0.0009948221304100717
ETHUSDT,2024-02-15,0.0023860987358896107,0.004686859477312425,0.0017280956134647202
ETHUSDT,2024-02-15,0.0001984813830902271,0.00110460475590337,0.0004984062173484664
ETHUSDT,2024-02-15,0.0012871256863472504,0.002373581394527277,0.0012692116246885267
ETHUSDT,2024-02-15,0.00004473853179584908,0.00007093758205128064,0.00023662707004619134
ETHUSDT,2024-02-15,0.0007869576340865296,0.0001950669351772981,0.0009924285256680415
ETHUSDT,2024-02-15,0.00022788155181634767,0.00002837100766933132,0.0005340453606118345
ETHUSDT,2024-02-15,0.0007180694587044384,0.002709590869150621,0.0009479966228763525
ETHUSDT,2024-02-15,0.0009581430390246707,0.0028809791745626587,0.0010950620710800873
ETHUSDT,2024-02-15,0.00010856245425352837,0.000994501806303902,0.0003686068391412
ETHUSDT,2024-02-15,0.0008935288141830659,0.001058700962423124,0.0010574938332895256
ETHUSDT,2024-02-15,0.000038852875525590924,-0.001895633650197216,0.00022051348141337773
ETHUSDT,2024-02-15,0.00004440989355643042,-0.002135556744761667,0.00023575636600643363
ETHUSDT,2024-02-15,0.003465504051126653,0.006571135542457514,0.002082604334317205
ETHUSDT,2024-02-15,0.000260550847338602,-0.002602719743912942,0.0005710443085796765
ETHUSDT,2024-02-15,0.00017837357134000407,-0.0016731768528859552,0.0004724858603757444
ETHUSDT,2024-02-15,0.00038551335969661313,0.0010402213837808762,0.0006946135946839348
ETHUSDT,2024-02-15,0.0003605655551761864,0.0013912683095517672,0.0006717623826843596
ETHUSDT,2024-02-15,0.0002786051857975014,0.001380475836222599,0.0005904976320772565
ETHUSDT,2024-02-15,0.000547387081459528,0.0027518833266906876,0.0008276959579282994
ETHUSDT,2024-02-15,0.0013496996743625016,0.0005236522351565044,0.0012996970524952669
ETHUSDT,2024-02-15,0.000422447488708401,-0.0002259258936820752,0.0007271264265415174
ETHUSDT,2024-02-15,0.0008753422655144317,0.003036751293403921,0.0010466765923823399
ETHUSDT,2024-02-15,0.0004457633389216073,0.00172137100822438,0.0007469228340124157
ETHUSDT,2024-02-15,0.000016271860814924076,0.00012178915446822418,0.00014270598017578117
ETHUSDT,2024-02-15,0.00010350700561938728,-0.00027937663375273526,0.00035992203440760756
ETHUSDT,2024-02-15,0.0007017112849839128,0.001599539444759798,0.0009371363697768696
ETHUSDT,2024-02-15,0.00027477331331315886,0.00014658588976166945,0.0005864227872472075
ETHUSDT,2024-02-15,0.00027322263010907776,0.0010587651353356792,0.000584765707495916
ETHUSDT,2024-02-15,0.00023036698628711523,0.000733923966203235,0.0005369497974394195
ETHUSDT,2024-02-15,0.0005517884500426519,0.0013690482595349474,0.0008310169179550576
ETHUSDT,2024-02-15,0.0004186492358226689,0.0014048570216737913,0.0007238502252489925
ETHUSDT,2024-02-15,0.000049210175662919105,-0.00034374597511142716,0.0002481709939704986
ETHUSDT,2024-02-15,0.0001321995818470705,0.00019692404703177538,0.0004067603414316223
ETHUSDT,2024-02-15,0.00019374368855480136,0.00027217706001914907,0.0004924218827750271
ETHUSDT,2024-02-15,0.00023485118980466347,0.0009594524697267906,0.0005421506026293563
ETHUSDT,2024-02-15,0.0006926254224151773,0.0006188594939353057,0.0009310495113196666
ETHUSDT,2024-02-15,0.000057745784781102025,-0.0008228450868180978,0.00026883369819312723
ETHUSDT,2024-02-15,0.0001537079741964889,0.0010981641732115625,0.0004386031656174042
ETHUSDT,2024-02-15,0.0008574115625015218,0.0005611361545718776,0.0010359009477123161
ETHUSDT,2024-02-15,0.00030080652233302187,0.0006251015993616394,0.000613574337107668
ETHUSDT,2024-02-15,0.0002326064616109375,0.0007246312461794287,0.0005395534202878444
ETHUSDT,2024-02-15,0.00039107795333237315,0.0002854247853716355,0.0006996087447795505
ETHUSDT,2024-02-15,0.0005434863777883172,0.0016637453809388281,0.0008247415869392088
ETHUSDT,2024-02-15,0.0008709365656776233,0.0018025304676308695,0.0010440392469238673
ETHUSDT,2024-02-15,0.0006172607827194803,0.0009159770644331421,0.0008789373198310498
ETHUSDT,2024-02-15,0.00010039876319938867,0.00013948921931916352,0.0003544767407344531
ETHUSDT,2024-02-15,0.00006503994801626792,0.0008866770216522441,0.0002853078067413791
ETHUSDT,2024-02-15,0.0001742481546248855,0.00031801217647182224,0.00046699008105118337
ETHUSDT,2024-02-15,0.0007362705380768862,0.002113647757780806,0.0009599359880983662
ETHUSDT,2024-02-15,0.0004109108552866562,0.0009876402643546897,0.0007171291393527443
ETHUSDT,2024-02-15,0.00017506259821060987,0.000568526191652981,0.00046808017490170266
ETHUSDT,2024-02-15,0.00033862477166836223,0.0022330544138578785,0.0006510029027989672
ETHUSDT,2024-02-15,0.00034082903663969406,0.0005805536207553732,0.0006531183050716358
ETHUSDT,2024-02-15,0.0007223538463856983,0.002970898142943815,0.0009508205451387079
ETHUSDT,2024-02-15,0.0006810395436141173,0.0021324182037052814,0.0009232296149718614
ETHUSDT,2024-02-15,0.0002427060494300743,-0.00045139772846453194,0.0005511424507852123
ETHUSDT,2024-02-15,0.00021554750586167423,0.0010923150462836015,0.0005193917696210801
ETHUSDT,2024-02-15,5.748451922347734e-6,-0.0009060031380870844,0.00008482014571338418
ETHUSDT,2024-02-15,0.0005525405336987,0.0012977610069698667,0.0008315830601253062
ETHUSDT,2024-02-15,0.0004448442248393754,0.0007141306660153644,0.0007461524010542802
ETHUSDT,2024-02-15,0.0005183630862150657,0.0012860074837679634,0.0008054537279211307
ETHUSDT,2024-02-15,0.0003407913018856637,-0.0010131385525110465,0.000653082149201492
ETHUSDT,2024-02-15,4.419493053764379e-6,0.001430198998290968,0.00007437205645616484
ETHUSDT,2024-02-15,0.0015478999964386093,0.002174367806300303,0.0013918582631571026
ETHUSDT,2024-02-15,0.0016284346222512913,0.0017457739761614437,0.0014276071886535763
ETHUSDT,2024-02-15,0.000611725779411206,0.0010896588137216544,0.0008749877119261801
ETHUSDT,2024-02-15,0.000011161134650573393,0.00011540472811557588,0.00011818918456195795
ETHUSDT,2024-02-15,0.0003802394217361378,0.0019096833928614217,0.000689845972136949
ETHUSDT,2024-02-15,0.00008059267557621536,0.00047888151478391115,0.000317593312866639
ETHUSDT,2024-02-15,0.00013018081850291503,-0.00005042210506170557,0.00040364266174298957
ETHUSDT,2024-02-15,0.0007772671096677161,0.0014453135259520143,0.0009862992613159664
ETHUSDT,2024-02-15,0.00002477958759636429,0.0009085174126491298,0.00017610455917441706
ETHUSDT,2024-02-15,0.0005411931906951025,0.0011848790666874201,0.0008229997898268576
ETHUSDT,2024-02-15,0.00020241508883658778,0.0008382908712456591,0.0005033209459976063
ETHUSDT,2024-02-15,0.0001952065938895922,0.0003955169998020239,0.0004942774577664565
ETHUSDT,2024-02-15,0.00021979935310799783,0.0006580852116189788,0.0005244894627567965
ETHUSDT,2024-02-15,0.00002806510072565603,0.0005574226360820199,0.0001874160865483472
ETHUSDT,2024-02-15,0.00013181499590326484,0.0007229110972370849,0.0004061682508765587
ETHUSDT,2024-02-15,0.00016500345876504155,0.0007193158178390533,0.00045443323542505816
ETHUSDT,2024-02-15,0.00034681344537874817,0.0009127858929152223,0.0006588272069050628
ETHUSDT,2024-02-15,0.00022701177967157716,0.000416587365471419,0.0005330252213256615
ETHUSDT,2024-02-15,0.0006844445518106934,0.0005850839654688448,0.000925534682967559
ETHUSDT,2024-02-15,0.00030911453507155535,-0.00005023917436562931,0.0006219898187688845
ETHUSDT,2024-02-15,0.0001143822950092183,-0.0006820670485018791,0.0003783580387051011
ETHUSDT,2024-02-15,0.0006765846497788741,0.0015705275994967471,0.0009202050931404647
ETHUSDT,2024-02-15,0.00023934958126313783,0.0008959848605838795,0.0005473182107018177
ETHUSDT,2024-02-15,0.002074283206948331,0.003234364213496574,0.0016112301803744653
ETHUSDT,2024-02-15,0.0004807095169338863,0.001894291894020511,0.0007756484386214622
ETHUSDT,2024-02-15,0.0003494462340268948,0.0010664669253137812,0.0006613231789373379
ETHUSDT,2024-02-15,0.0003672640153100977,0.0011061210690868405,0.000677973550907501
ETHUSDT,2024-02-15,0.00035444381978540267,0.0010676517007295252,0.0006660353293237274
ETHUSDT,2024-02-15,0.00020041357168647,0.0001479741084101902,0.0005008262993472013
ETHUSDT,2024-02-15,0.00013130149142042942,0.0009452103435817501,0.0004053763351285381
ETHUSDT,2024-02-15,0.00038870945206614677,0.0012180752316003282,0.0006974869929834893
ETHUSDT,2024-02-15,0.0004059668367963636,0.0020472014647914165,0.0007128018880089367
ETHUSDT,2024-02-15,0.00014639852512302414,0.0003845068926211633,0.00042804744905542856
ETHUSDT,2024-02-15,0.0002940215770933823,0.001549705021283951,0.000606615026233075
ETHUSDT,2024-02-15,0.00019961852093137834,0.0005036478600701481,0.0004998319105647799
ETHUSDT,2024-02-15,0.000018245061649869202,-0.00036678245896537006,0.00015111105235516922
ETHUSDT,2024-02-15,0.0002807297144456026,0.0013383318901600807,0.0005927448023462945
ETHUSDT,2024-02-15,0.0001649019312806381,0.0017265446068453166,0.000454293406348423
ETHUSDT,2024-02-15,0.000036825639551759785,0.00011140399592507821,0.00021468352197859318
ETHUSDT,2024-02-15,0.0003781625231736275,0.0007579363660402156,0.0006879593951239463
ETHUSDT,2024-02-15,0.00003761423777819647,0.0010670231607911014,0.00021697000314777238
ETHUSDT,2024-02-15,0.0002777389515622461,0.0011711496206753386,0.0005895789351111009
ETHUSDT,2024-02-15,0.0018898825264482423,0.002194902397526117,0.0015379455764677609
ETHUSDT,2024-02-15,0.00021019455582652427,-0.00012179831646797798,0.0005129018837825758
ETHUSDT,2024-02-15,0.00024584389050376116,0.0019541515791259745,0.0005546937500016173
ETHUSDT,2024-02-15,0.0004645480314686375,-0.0013772674183043468,0.000762498290806916
ETHUSDT,2024-02-15,0.00015047882259058848,0.00048374353936360176,0.00043397154543100495
ETHUSDT,2024-02-15,0.00002519282901932849,-0.0002257186730876635,0.00017756690789460334
ETHUSDT,2024-02-15,0.0004187924272113133,0.0006057510691781079,0.0007239740045954539
ETHUSDT,2024-02-15,0.00023151080092653138,0.0004122388390944624,0.0005382811743165096
ETHUSDT,2024-02-15,0.00044628611014948106,0.0005696852374500987,0.0007473606844576044
ETHUSDT,2024-02-15,0.0007140882011315691,0.00036528765017694484,0.0009453649382413792
ETHUSDT,2024-02-15,0.0005061704670101737,0.0021710564257120344,0.0007959246655242077
ETHUSDT,2024-02-15,0.000014383212458857554,0.00036449269810091947,0.000134168792212851
ETHUSDT,2024-02-15,0.0002280404350946138,0.0008824155177485744,0.000534231501377091
ETHUSDT,2024-02-15,0.00014648233767241683,-0.0016189473947368742,0.00042816995921981106
ETHUSDT,2024-02-15,0.00014978536921664604,-0.00022530859325728357,0.00043297045260743625
ETHUSDT,2024-02-15,0.0004913578993175508,-0.00010012086026489678,0.0007841922278236102
ETHUSDT,2024-02-15,0.00030043790908919983,0.0002967268901019845,0.0006131982798399207
ETHUSDT,2024-02-15,0.00027143445155462174,0.0013680894428069034,0.0005828489884667794
ETHUSDT,2024-02-15,0.00006888578463546839,0.0009285217530487934,0.00029362184769389293
ETHUSDT,2024-02-15,0.00019721830159375822,-0.0004107986519275424,0.0004968178255401051
ETHUSDT,2024-02-15,1.7594189559469988e-6,0.0004463289518414044,0.000046925422964678515
ETHUSDT,2024-02-15,0.00047204336058256257,0.0008964302322267628,0.0007686250056539568
ETHUSDT,2024-02-15,0.000019249446943490964,-0.0002429378341178157,0.00015521464310198652
ETHUSDT,2024-02-15,0.0008308366984933004,0.001057925064626571,0.0010197210820128513
ETHUSDT,2024-02-15,0.0000761951701892434,0.0011436496532534817,0.00030880710515150705
ETHUSDT,2024-02-15,0.00001331991209601263,0.0002036161521082826,0.00012911426932324345
ETHUSDT,2024-02-15,0.0002047481407867464,0.0009677034226638353,0.0005062132935725402
ETHUSDT,2024-02-15,0.00021949807383041576,0.0002570106816364041,0.0005241298802781565
ETHUSDT,2024-02-15,0.001354277992481313,0.0034546425225713846,0.0013018995383908955
ETHUSDT,2024-02-15,0.0004232473695563683,-0.0002257178643774542,0.0007278144877382712
ETHUSDT,2024-02-15,0.0001905102529207382,0.0006483516513818785,0.0004882955194631122
ETHUSDT,2024-02-15,0.00011190659024928822,0.00037247683194994416,0.00037424102509330676
ETHUSDT,2024-02-15,0.00009346973185683213,0.0011170145370860264,0.0003420259523815926
ETHUSDT,2024-02-15,0.0014587593525492658,0.003311491963733313,0.0013511867854568553
ETHUSDT,2024-02-15,0.0010723237609568243,0.004331796102853534,0.0011584746293352801
ETHUSDT,2024-02-15,0.00013619648365353394,-0.00012895414623348317,0.00041286351907415434
ETHUSDT,2024-02-15,0.0017888218019257666,0.0029633478072856553,0.00149626012471783
ETHUSDT,2024-02-15,0.001675694798182016,0.0034539994705712414,0.001448174924256625
ETHUSDT,2024-02-15,0.0008005842418560376,0.0013632535561988192,0.0010009838745546752
ETHUSDT,2024-02-15,0.00026712588787082146,0.00045757919957009326,0.0005782046124712984
ETHUSDT,2024-02-15,0.0010261234218825448,0.0028597166574518885,0.001133243829095717
ETHUSDT,2024-02-15,0.0003601510866608452,0.001239375026558558,0.0006713761777192323
ETHUSDT,2024-02-15,0.00001568383991153993,-0.00019690712670497826,0.00014010375100528084
ETHUSDT,2024-02-15,0.0002865438638558796,0.0012523796847818815,0.0005988514684911506
ETHUSDT,2024-02-15,0.00038594182811283595,0.001111510320850895,0.0006949994922537794
ETHUSDT,2024-02-15,0.0005302462615543399,0.0002321581972093146,0.0008146336961769989
ETHUSDT,2024-02-15,0.0003915175614123679,0.0004214963181474362,0.0007000018470667257
ETHUSDT,2024-02-15,0.002370507725618554,0.003701673900933819,0.0017224405850066334
ETHUSDT,2024-02-15,0.00013506622989232502,-0.0002882844426445727,0.0004111468348460162
ETHUSDT,2024-02-15,0.00030763413200467275,0.0019484261140700074,0.0006204986227217755
ETHUSDT,2024-02-15,0.0015319907015983341,0.003028097898791591,0.0013846870391024586
ETHUSDT,2024-02-15,0.00004974565314335653,0.0003396903129744734,0.00024951756936730937
ETHUSDT,2024-02-15,0.0001757911444586013,0.0006580335763031905,0.00046905315255952625
ETHUSDT,2024-02-15,0.0002045522922463446,0.0032644518357383785,0.0005059711305580019
ETHUSDT,2024-02-15,0.0003912305883191521,-0.0005347269633362152,0.0006997452576579878
ETHUSDT,2024-02-15,0.0009933588809305667,0.002356518712780529,0.0011150045815565347
ETHUSDT,2024-02-15,0.0003635769881658644,0.00013154503214272056,0.0006745618195383087
ETHUSDT,2024-02-15,0.00018006516595712785,0.0024631168017242877,0.0004747209688176647
ETHUSDT,2024-02-15,0.00012217302012936267,-0.0010934860316623009,0.00039103102592811704
ETHUSDT,2024-02-15,0.0009341904529115156,0.0023787396790868618,0.0010812877299264702
ETHUSDT,2024-02-15,0.001489407672423714,-0.00025573540050075056,0.0013653071224376922
ETHUSDT,2024-02-15,0.0006542376036206509,0.0037123950326597315,0.0009048806757514618
ETHUSDT,2024-02-15,0.001959767928801699,0.0022413211253594118,0.0015661230647892482
ETHUSDT,2024-02-15,0.003462572587103509,0.0049878050379062585,0.002081723312219712
ETHUSDT,2024-02-15,0.0008344874688614661,0.0020646738942858263,0.0010219589988827668
ETHUSDT,2024-02-15,0.0004815125332936643,0.0017765149458171805,0.0007762960214780501
ETHUSDT,2024-02-15,0.001158491035467152,0.0020399607508986115,0.0012041203640597673
ETHUSDT,2024-02-15,0.0009645570469474978,0.00009820598713663735,0.0010987212436185864
ETHUSDT,2024-02-15,0.0007800365281712454,-0.0012197559897595017,0.0009880548011038165
ETHUSDT,2024-02-15,0.0019228794955565688,0.004631043939836602,0.0015513135886093955
ETHUSDT,2024-02-15,0.0036449701932790277,0.008574569715158619,0.0021358490361382833
ETHUSDT,2024-02-15,0.001100208973223193,0.001679701331332357,0.001173440717492392
ETHUSDT,2024-02-15,0.0012537450083658927,0.00267729343977266,0.0012526454664312783
ETHUSDT,2024-02-15,0.00047393067407121845,0.0009290992788538639,0.000770160022749471
ETHUSDT,2024-02-15,0.0006755384355528785,0.0017447753333144974,0.0009194933535823338
ETHUSDT,2024-02-15,0.0031411324082103935,0.006804522158056011,0.0019827441823920475
ETHUSDT,2024-02-15,0.0013836098071331666,0.00278027702759682,0.0013159226988819891
ETHUSDT,2024-02-15,0.0006450751352736799,0.001680666730376962,0.0008985219967229671
ETHUSDT,2024-02-15,0.00016525295246624355,0.0030507682428939,0.0004547766688435119
ETHUSDT,2024-02-15,0.0007892295172186288,0.00492190316781118,0.0009938600237585481
ETHUSDT,2024-02-15,0.0000437789508768351,0.0023837071735985974,0.0002340756496624539
ETHUSDT,2024-02-15,0.0006138351429576631,-0.00038531082510787323,0.0008764949876672038
ETHUSDT,2024-02-15,0.0008022256868537368,0.004360191445178944,0.0010020095121796495
ETHUSDT,2024-02-15,0.0021588013650308876,0.003858873339790252,0.001643727815651057
ETHUSDT,2024-02-15,0.0004745477788924013,0.004259895215432784,0.0007706612720647648
ETHUSDT,2024-02-15,0.0005035006362283374,0.0031070063663784183,0.0007938228106959311
ETHUSDT,2024-02-15,0.000012647827165060374,-0.0012054774672759282,0.00012581473975067995
ETHUSDT,2024-02-15,0.0001794748325754947,-0.000702821379866023,0.0004739421571542708
ETHUSDT,2024-02-15,0.00003259432437022732,0.0023344887071783723,0.00020197357564331845
ETHUSDT,2024-02-15,0.000299367255910601,-0.001094841154989511,0.000612104695084082
ETHUSDT,2024-02-15,0.0017015706711757915,0.002702309175513631,0.0014593133589418227
ETHUSDT,2024-02-15,0.00016254142225055946,0.0013839269010102885,0.0004510301667505959
ETHUSDT,2024-02-15,0.00008322141279923885,-0.00014836900104206327,0.0003227313128138619
ETHUSDT,2024-02-15,0.00026643584050963263,0.001411941017771372,0.0005774573120630326
ETHUSDT,2024-02-15,0.0003592383310433694,-0.002606596372849448,0.0006705248806387413
ETHUSDT,2024-02-15,0.0006351281353231685,0.002283692074599172,0.0008915675194588773
ETHUSDT,2024-02-15,0.00009786451752595443,0.001940592985453181,0.00034997433110683305
ETHUSDT,2024-02-15,0.00023886839259977912,0.000010613401542291853,0.0005467677693420546
ETHUSDT,2024-02-15,0.00048294399250747584,0.0013575910504278399,0.000777449066684205
ETHUSDT,2024-02-15,0.00030621054230610514,0.0009463912480110003,0.0006190612663876236
ETHUSDT,2024-02-15,0.000031260911063513696,-0.0019007584022947776,0.00019779913038899647
ETHUSDT,2024-02-15,0.00012090900890314321,-0.0003677133574415205,0.00038900294847315814
ETHUSDT,2024-02-15,0.00009897244800779713,0.0013123663208220134,0.00035194979667735836
ETHUSDT,2024-02-15,0.00014945585601561988,0.0013353524994329086,0.0004324939440148554
ETHUSDT,2024-02-15,0.0002885594955483202,0.0015394659604755004,0.0006009540239383138
ETHUSDT,2024-02-15,0.0001042603998435475,-0.0013783012135588487,0.00036122953789716563
ETHUSDT,2024-02-15,0.00031036142356692724,0.003594528695758017,0.0006232430296996629
ETHUSDT,2024-02-15,0.000646980561027062,0.0036028302950354835,0.0008998480473216105
ETHUSDT,2024-02-15,0.0006768354791114533,0.0022506894947224684,0.0009203756505430058
ETHUSDT,2024-02-15,0.0003630231995922095,0.00010612293998789762,0.0006740478885156618
ETHUSDT,2024-02-15,0.00011447303411612648,0.0004244242042092794,0.00037850808406124484
ETHUSDT,2024-02-15,0.00012413137036601616,0.00018743115054477129,0.0003941525470985355
ETHUSDT,2024-02-15,0.00013115548867304958,0.0018160100570286937,0.0004051508901606969
ETHUSDT,2024-02-15,0.0005213850950653252,0.0006592518793516547,0.000807798176277045
ETHUSDT,2024-02-15,0.00011866972242772467,0.002259495797739373,0.00038538386305003096
ETHUSDT,2024-02-15,0.0003965259303585603,-0.0005484677541148773,0.000704464899387759
ETHUSDT,2024-02-15,0.000058933477022132386,0.00042464498548502806,0.00027158425914126314
ETHUSDT,2024-02-15,0.000023850909702762552,0.00028307561846438494,0.00017277306454878814
ETHUSDT,2024-02-15,0.00026141756124884385,0.0018915851380436922,0.0005719933001872357
ETHUSDT,2024-02-15,0.000019973149229516697,0.00045749467497485115,0.00015810544828617117
ETHUSDT,2024-02-15,0.0005381093742949922,0.0017290200907976543,0.0008206516393902217
ETHUSDT,2024-02-15,0.00016781218734332397,0.001292609226111036,0.0004582846505966829
ETHUSDT,2024-02-15,0.00002834460538710331,-0.00047565803214765396,0.00018834702728351578
ETHUSDT,2024-02-15,0.0003106912694764219,0.000639302187942692,0.0006235741268614557
ETHUSDT,2024-02-15,0.000010585918711459045,-0.0011717503027284997,0.00011510331719126482
ETHUSDT,2024-02-15,0.00032998101422806146,0.002080907983905387,0.0006426404217917806
ETHUSDT,2024-02-15,0.000772363718581393,0.004120656794555053,0.0009831833038725566
ETHUSDT,2024-02-15,0.00022254102276555163,-0.0011349658790002193,0.0005277504378709184
ETHUSDT,2024-02-15,0.000052671296438189396,0.0009092832091918813,0.0002567500675488933
ETHUSDT,2024-02-15,0.00013504852744507034,0.0002750624197445574,0.0004111198904955969
ETHUSDT,2024-02-15,0.0004666252236730507,0.0008079953159514555,0.0007642011168039108
ETHUSDT,2024-02-15,0.00007477914262191029,0.0014624017074857556,0.00030592417899816433
ETHUSDT,2024-02-15,0.00021564566243965176,-0.0029099734847588374,0.000519510017141056
ETHUSDT,2024-02-15,0.00020149103628972688,-0.00010990978544968744,0.000502170767358886
ETHUSDT,2024-02-15,0.0005073435944589961,0.002287876673528199,0.0007968464702805449
ETHUSDT,2024-02-15,0.0001784648304386853,0.0028436758016377483,0.0004726067110145991
ETHUSDT,2024-02-15,0.00012735359969674327,0.001293759290973437,0.00039923552131309654
ETHUSDT,2024-02-15,0.00007393592670524516,0.0008345908436469658,0.00030419447568720033
ETHUSDT,2024-02-15,0.000567048004327142,0.0023752980289072833,0.0008424293238110692
ETHUSDT,2024-02-15,0.0000349531573991145,0.0005117445482952877,0.00020915428610634166
ETHUSDT,2024-02-15,0.00028134797147288915,0.0007592786864445621,0.0005933971506230275
ETHUSDT,2024-02-15,0.00011275345158311398,-0.0003532245909296257,0.0003756544043805224
ETHUSDT,2024-02-15,0.0006761912598245744,0.004151635601132714,0.0009199375345469179
ETHUSDT,2024-02-15,0.00025691146520208445,0.0011612890908737018,0.0005670421015860483
ETHUSDT,2024-02-15,0.00019600414643074893,0.0016457022527065271,0.0004952861593640707
ETHUSDT,2024-02-15,0.0000896487787165654,-0.0007409184905260777,0.00033496216217295064
ETHUSDT,2024-02-15,0.0005368628310319783,0.001967861266699916,0.0008197005586744934
ETHUSDT,2024-02-15,0.00044096513895951537,-0.0003537056003712449,0.0007428920162006956
ETHUSDT,2024-02-15,0.00009123805751632403,0.0010831131000566682,0.000337918195758758
ETHUSDT,2024-02-15,0.0012196672731955406,0.002631235183696065,0.0012355042618870146
ETHUSDT,2024-02-15,0.0006305907101527786,0.00005326089852388106,0.0008883770828870386
ETHUSDT,2024-02-15,0.0006538921081876095,0.0021148532728375974,0.000904641715605744
ETHUSDT,2024-02-15,0.004911752966018454,0.005304995450922508,0.002479372731797761
ETHUSDT,2024-02-15,0.00047523300921938067,0.003003804336227998,0.000771217475258649
ETHUSDT,2024-02-15,0.0004955319754165982,-0.0005779130366074458,0.0007875160329379593
ETHUSDT,2024-02-15,0.0005729339058709284,0.0024840837260992833,0.0008467902026958586
ETHUSDT,2024-02-15,0.00008772816568482951,0.00048398060751910583,0.00033135466319808636
ETHUSDT,2024-02-15,0.00017193270663740082,0.0008926142987753053,0.0004638769708395455
ETHUSDT,2024-02-15,0.00041575924259986183,-0.000156392175022961,0.0007213474797671059
ETHUSDT,2024-02-15,0.000129019793625444,0.0021550010913831967,0.0004018386757216699
ETHUSDT,2024-02-15,0.00031060635305832845,0.0006243681136548951,0.0006234889051235426
ETHUSDT,2024-02-15,0.0007157233641478882,0.0010296431598703667,0.0009464466966722872
ETHUSDT,2024-02-15,0.0004698176982903046,0.003676285011138025,0.0007668108492967132
ETHUSDT,2024-02-15,0.00014230083567389027,0.0014714241798599141,0.0004220144170067193
ETHUSDT,2024-02-15,0.00025767736484335664,0.0022190699684639646,0.0005678867002178258
ETHUSDT,2024-02-15,0.000039082411537869886,-0.0008805755555976199,0.00022116389978268095
ETHUSDT,2024-02-15,0.0004265321948514664,0.0013654929688530224,0.0007306333153094368
ETHUSDT,2024-02-15,0.00004179470769300395,0.0007759065475067622,0.00022870950216716019
ETHUSDT,2024-02-15,0.0003887354169263225,-0.00019830871065168438,0.0006975102878245748
ETHUSDT,2024-02-15,0.00006382850929637599,-0.0004495917464133776,0.00028263823560644027
ETHUSDT,2024-02-15,0.000316232219977348,0.0004425115611975973,0.0006291100468530641
ETHUSDT,2024-02-15,0.00017786126999816174,-0.0004920606643690481,0.00047180686631766584
ETHUSDT,2024-02-15,0.0002840312398875763,0.00019821114507072838,0.0005962201058365519
ETHUSDT,2024-02-15,0.00003191793953402895,-0.00034330389633162756,0.00019986695054653397
ETHUSDT,2024-02-15,0.00024232768809169538,0.0005167702681863112,0.0005507126874347814
ETHUSDT,2024-02-15,0.0002979480691030687,0.0007827428629036623,0.000610652093184312
ETHUSDT,2024-02-15,0.000024435971521056063,-0.0007933641178049151,0.00017487928445651175
SANDUSDT,2022-03-15,0.0008983150776823104,-0.0018903597311687712,0.0007958275183077669
SANDUSDT,2022-03-15,0.0005570631470757036,-0.0015629262609049897,0.0006266958543552224
SANDUSDT,2022-03-15,0.0017738415549505583,0.004667112679231967,0.0011183095148397848
SANDUSDT,2022-03-15,0.0001646389012797291,-0.0018656380587336238,0.0003406989830329526
SANDUSDT,2022-03-15,0.00040763652182660874,-0.0022312864754131224,0.000536094252679078
SANDUSDT,2022-03-15,0.00044703554191792544,0.0006574382062286131,0.0005614041702580614
SANDUSDT,2022-03-15,0.0010817568658399988,0.004989903089179923,0.0008733120202208558
SANDUSDT,2022-03-15,0.0010007831917694552,0.0008723783767252585,0.0008399909538394553
SANDUSDT,2022-03-15,0.0026421188913002386,0.00504254573769347,0.0013648369947370136
SANDUSDT,2022-03-15,0.0016326917103671552,0.003153261886778949,0.0010728937157448261
SANDUSDT,2022-03-15,0.00008796059790721493,-0.00076265188639632,0.0002490282943679414
SANDUSDT,2022-03-15,0.00035617987042222554,0.002866215114134264,0.0005011171815558918
SANDUSDT,2022-03-15,0.0026502101038951694,0.00533973916278209,0.0013669252324368057
SANDUSDT,2022-03-15,0.00022891671801509377,-0.0029544274038742317,0.00040173841615709366
SANDUSDT,2022-03-15,0.0009001953786875994,0.0021939455926205964,0.0007966599729199391
SANDUSDT,2022-03-15,0.000778513723306775,0.003042803190871437,0.0007408627236732316
SANDUSDT,2022-03-15,0.00027142812742233504,0.0005875872368839027,0.00043745363829666176
SANDUSDT,2022-03-15,0.0003275700652269209,0.00040401814958320804,0.0004805700610129228
SANDUSDT,2022-03-15,0.0008748606207613548,0.003383973509144151,0.0007853695190947898
SANDUSDT,2022-03-15,0.0002475143685975253,0.0007734094851958739,0.0004177388005183486
SANDUSDT,2022-03-15,0.0008357228537559612,0.003747524409341526,0.0007676013801739816
SANDUSDT,2022-03-15,0.00020631942127996258,0.0022027249260246334,0.0003813947083286248
SANDUSDT,2022-03-15,0.00036120893186665726,0.001139978427093682,0.0005046425289756448
SANDUSDT,2022-03-15,0.00015799927314998684,-0.0009571844783384084,0.0003337583595635063
SANDUSDT,2022-03-15,0.00022103918759203514,-0.0006627637489923779,0.00039476554947169464
SANDUSDT,2022-03-15,0.00039897024628894075,0.0006256555786226558,0.0005303650070930433
SANDUSDT,2022-03-15,0.0005993039728434845,0.0001471886961738756,0.000650022195170677
SANDUSDT,2022-03-15,0.0004717322982884054,0.000882774912957808,0.0005767032698017306
SANDUSDT,2022-03-15,0.0001886035128855949,0.0017662648100813046,0.0003646527527799195
SANDUSDT,2022-03-15,0.0004899728152219804,0.0019168392775672982,0.0005877472424159391
SANDUSDT,2022-03-15,0.0003946701149952108,0.0013275317238374215,0.0005274991070014049
SANDUSDT,2022-03-15,0.000718490615692659,0.003421070488838852,0.0007117298125691677
SANDUSDT,2022-03-15,0.0003348393219548029,-0.000330608874349445,0.00048587307674697623
SANDUSDT,2022-03-15,0.0003897796620706305,0.0003673904299378883,0.0005242207350112268
SANDUSDT,2022-03-15,0.0003558509188620075,0.0012133469638230593,0.0005008857235617083
SANDUSDT,2022-03-15,0.00021942257851533355,-0.0006252413819236227,0.0003933193065511316
SANDUSDT,2022-03-15,0.00046312565714900833,0.0015083791466117408,0.0005714181468852138
SANDUSDT,2022-03-15,0.0003337819643143973,-0.0022114932900928227,0.0004851053236905468
SANDUSDT,2022-03-15,0.00024110558739164097,-0.00040580673089314634,0.0004122951680658595
SANDUSDT,2022-03-15,0.00022102720059378146,0.001254844231830899,0.0003947548452201986
SANDUSDT,2022-03-15,0.0004451391542036012,0.0005910820667862186,0.000560212126940783
SANDUSDT,2022-03-15,0.00026035746829922786,-0.00040636140864689724,0.00042843962209069593
SANDUSDT,2022-03-15,0.00019595171278394594,0.0007015341731769342,0.00037168851312143614
SANDUSDT,2022-03-15,0.00024648583168784436,0.0011067253130962846,0.0004168699478006714
SANDUSDT,2022-03-15,0.0021207549207010257,0.005025879019725121,0.0012227842869868347
SANDUSDT,2022-03-15,0.000057457639126436605,0.0029225184036768596,0.0002012697449742069
SANDUSDT,2022-03-15,0.0006713486504733208,0.0025152593249614117,0.0006879845220130353
SANDUSDT,2022-03-15,0.000448000363079383,0.001369381586701803,0.000562009673209438
SANDUSDT,2022-03-15,0.00072853331023935,0.00118290713187149,0.0007166866493914629
SANDUSDT,2022-03-15,0.0010866275693324895,0.0023302705150021396,0.0008752758933843761
SANDUSDT,2022-03-15,0.0003083710362274326,-0.0001111008241122099,0.00046627421298501865
SANDUSDT,2022-03-15,0.0004308083945752957,0.00007404939097757056,0.0005511206529127679
SANDUSDT,2022-03-15,0.00038927173072471366,0.000666099273416357,0.0005238790612771945
SANDUSDT,2022-03-15,0.001152339572965748,0.0014066782507596697,0.0009013528698974989
SANDUSDT,2022-03-15,0.0007464546474556506,0.000999870470473179,0.0007254480552520693
SANDUSDT,2022-03-15,0.000049771600502116086,-0.0003702195444158622,0.00018732485750997532
SANDUSDT,2022-03-15,0.0012639766983465123,0.0008143624362701629,0.0009440046672691867
SANDUSDT,2022-03-15,0.0005630384406538853,0.0014070949518526848,0.0006300479908651713
SANDUSDT,2022-03-15,0.00003204258404974536,-0.0005926804144452314,0.00015030325080138147
SANDUSDT,2022-03-15,0.0002060138142021204,-0.0009253604939182057,0.00038111213649032834
SANDUSDT,2022-03-15,0.00009213749236699435,0.00037002775630340666,0.00025487239605060015
SANDUSDT,2022-03-15,0.00017837638801001678,0.0010368067284403603,0.0003546282185536291
SANDUSDT,2022-03-15,0.0017053826270599238,0.0018542560476952766,0.0010965173930329638
SANDUSDT,2022-03-15,0.0017239309477609028,0.002409684385338016,0.0011024643143839198
SANDUSDT,2022-03-15,0.00027533176606008453,0.0003331667530401549,0.0004405881049935023
SANDUSDT,2022-03-15,0.0002662985939487327,-0.0004812230561688375,0.0004333003544885792
SANDUSDT,2022-03-15,0.00040433719262371185,0.003031313548133024,0.000533920324600032
SANDUSDT,2022-03-15,0.000213449942535977,-0.0005168912797379966,0.00038792934108227345
SANDUSDT,2022-03-15,0.00007697318048690435,0.0004063163782929975,0.00023295622685478556
SANDUSDT,2022-03-15,0.00008070608230191188,-0.0005171203897604898,0.00023853809172241438
SANDUSDT,2022-03-15,0.0005168973184437985,-0.00036927622280778956,0.0006036799435121308
SANDUSDT,2022-03-15,0.0007676984857654333,0.00003692284970985658,0.000735698633949717
SANDUSDT,2022-03-15,0.00011191079825590643,0.0006279203116910535,0.00028089279816255567
SANDUSDT,2022-03-15,0.0002352628180792297,-0.0018457681787903127,0.00040726890700671834
SANDUSDT,2022-03-15,0.0008919707130837156,0.0015478167822030697,0.0007930122665241008
SANDUSDT,2022-03-15,0.00007258237292848503,-0.0005521912930901267,0.00022621436966694517
SANDUSDT,2022-03-15,0.000468804494686439,0.00011041386809411488,0.0005749108316389703
SANDUSDT,2022-03-15,0.0005530271079766296,0.0010311557222137356,0.0006244214559239686
SANDUSDT,2022-03-15,0.0006215161874957822,0.0015856337558986012,0.0006619586016190532
SANDUSDT,2022-03-15,0.00047443420599023873,0.001069577987521277,0.0005783524829067069
SANDUSDT,2022-03-15,0.0005145210751892267,0.0017340298392100237,0.0006022907480404847
SANDUSDT,2022-03-15,0.0002010755029902886,0.0009605438894289672,0.00037651665309077593
SANDUSDT,2022-03-15,0.0005164424058272257,0.0015168053813550556,0.0006034142407681403
SANDUSDT,2022-03-15,0.0008657452199403622,0.00007404939097762852,0.000781267320792435
SANDUSDT,2022-03-15,0.00043670114206379585,0.00233528046079349,0.0005548770614359307
SANDUSDT,2022-03-15,0.00009881391622723624,0.0014092866892628812,0.0002639451361936185
SANDUSDT,2022-03-15,0.005374089215802457,0.008597481172911974,0.001946511812544689
SANDUSDT,2022-03-15,0.002882825141471376,0.0022029319092742167,0.0014256527564746174
SANDUSDT,2022-03-15,0.000127410507396326,0.0007457121896648475,0.00029971413832051934
SANDUSDT,2022-03-15,0.0006296435249689868,-0.00022359693020040895,0.0006662726381481733
SANDUSDT,2022-03-15,0.000022592020987033054,-0.0004842705304274097,0.00012620662383882044
SANDUSDT,2022-03-15,0.00008739343452747632,-0.0001117256020377493,0.0002482241380453855
SANDUSDT,2022-03-15,0.00013952748090818732,-0.0001862162721158125,0.0003136421948222566
SANDUSDT,2022-03-15,0.0006325392642686661,0.0010807387341441538,0.0006678029792010922
SANDUSDT,2022-03-15,0.00023657259829607896,-0.00048463159628111315,0.0004084010288934625
SANDUSDT,2022-03-15,0.0011907315766125637,0.0034966371228659266,0.0009162448424143961
SANDUSDT,2022-03-15,0.0016720592938866926,0.0025282583366241303,0.001085751516740163
SANDUSDT,2022-03-15,0.00010105362101425926,-0.00048387397888257765,0.0002669196505869848
SANDUSDT,2022-03-15,0.0006010174358168859,-0.00007442414322636633,0.0006509507673515225
SANDUSDT,2022-03-15,0.0009725819391471051,0.003728148075372241,0.0008280712525605815
SANDUSDT,2022-03-15,0.0007758770919186966,0.0020894750335521397,0.0007396071012200513
SANDUSDT,2022-03-15,0.00007858792148042086,0.00022364693696917237,0.0002353870190020028
SANDUSDT,2022-03-15,0.00029306952646374144,0.0019366858939762915,0.00045455866296043534
SANDUSDT,2022-03-15,0.00016167158685281423,0.0018248520044632766,0.00033761478574670465
SANDUSDT,2022-03-15,0.00021102334182305203,-0.0013037083030311121,0.0003857179552441695
SANDUSDT,2022-03-15,0.0004359851494776862,0.0012664358976522084,0.0005544220009830352
SANDUSDT,2022-03-15,0.0002378320986946513,0.0004100576001989493,0.0004094867388276167
SANDUSDT,2022-03-15,0.0001916006590429297,0.0005967922594135909,0.00036753872712698904
SANDUSDT,2022-03-15,0.0002674695867587985,0.00048508368644622644,0.00043425198368775644
SANDUSDT,2022-03-15,0.0003550647396469977,0.0007467144910880295,0.000500332115769972
SANDUSDT,2022-03-15,0.0011875247802164493,0.0032813811231775813,0.0009150102268085726
SANDUSDT,2022-03-15,0.0018690634420351312,0.003715956860370486,0.0011479332333195753
SANDUSDT,2022-03-15,0.00004695968835337611,-0.0004820975042845728,0.00018195634760191043
SANDUSDT,2022-03-15,0.0005592557096478,0.00207823128314189,0.0006279279592561637
SANDUSDT,2022-03-15,0.0005559800968652118,0.0011510258395081962,0.00062608634239311
SANDUSDT,2022-03-15,0.0002052498069994169,0.0002226758220371999,0.0003804047983073038
SANDUSDT,2022-03-15,0.0004446670285722933,-0.0011498304339849432,0.0005599149606837667
SANDUSDT,2022-03-15,0.0005586961313887507,0.001149531970471128,0.0006276137355776584
SANDUSDT,2022-03-15,0.0004726712789439554,0.001410908784902101,0.0005772769468791277
SANDUSDT,2022-03-15,0.0001242216636940511,-0.00048295719337543215,0.0002959397334887637
SANDUSDT,2022-03-15,0.00027868722798889606,-0.0004826523697253787,0.0004432646933825218
SANDUSDT,2022-03-15,0.00020539274395351716,0.0005565759591555021,0.0003805372331210627
SANDUSDT,2022-03-15,0.0003193800800811359,-0.0005191723026944651,0.0004745243690279026
SANDUSDT,2022-03-15,0.0000679189411605471,0.002004157440428659,0.00021882657401386873
SANDUSDT,2022-03-15,0.00029421483247426704,-0.001076886046995573,0.0004554459969935496
SANDUSDT,2022-03-15,0.000021754179121037767,-0.0005940447193330238,0.00012384428145531488
SANDUSDT,2022-03-15,0.0002496223900447384,0.0011135858611798202,0.0004195139203372748
SANDUSDT,2022-03-15,0.0012197053904854742,0.0005195576454735304,0.0009273252370952071
SANDUSDT,2022-03-15,0.0005521180061601404,0.0010772460691458713,0.0006239080125920145
SANDUSDT,2022-03-15,0.0006332995442231159,0.0010039974813804507,0.0006682041912493737
SANDUSDT,2022-03-15,0.00005292889557909642,-0.0021555737339009557,0.00019317504570409892
SANDUSDT,2022-03-15,0.00012978163322560377,-0.0002970333813100724,0.00030249014162623037
SANDUSDT,2022-03-15,0.00059679718147292,-0.000037132619153561005,0.0006486613018438229
SANDUSDT,2022-03-15,0.00024091832529835242,0.00022276676412031843,0.0004121350260835974
SANDUSDT,2022-03-15,0.0009440619918481189,0.00044540123964000776,0.0008158397550728773
SANDUSDT,2022-03-15,0.0003779801168628104,-0.00022260972896452646,0.0005162250620252885
SANDUSDT,2022-03-15,0.003231655022076737,0.0024887184808274733,0.0015094443444747451
SANDUSDT,2022-03-15,0.000027236102015163757,-0.0002602956229255879,0.00013857251006979424
SANDUSDT,2022-03-15,0.0001094241146158917,0.00003717817641455212,0.00027775451564447293
SANDUSDT,2022-03-15,0.0012298290930089853,-0.0006690206530897107,0.000931165740315111
SANDUSDT,2022-03-15,0.00027675183033303393,0.0006690455200503508,0.00044172284286226536
SANDUSDT,2022-03-15,0.0010435131269352163,0.0025689248849160157,0.0008577358573385183
SANDUSDT,2022-03-15,0.0002000736532830219,0.0014154811273446551,0.00037557749310085804
SANDUSDT,2022-03-15,0.0005522699551336281,0.000037230774962848865,0.0006239938598739832
SANDUSDT,2022-03-15,0.00033446571318669204,-0.0002605863206927411,0.00048560193609210737
SANDUSDT,2022-03-15,0.0013878796306422696,0.0013781546086676613,0.0009891918022549677
SANDUSDT,2022-03-15,0.000280503507931608,0.0008196416389725076,0.00044470678544236545
SANDUSDT,2022-03-15,0.0015728270539779909,0.0016369051274062,0.001053040544964584
SANDUSDT,2022-03-15,0.000509103179652819,0.00044594745991562466,0.0005991113018909798
SANDUSDT,2022-03-15,0.000749439908386183,0.000371609071537565,0.0007268972329184444
SANDUSDT,2022-03-15,0.0008137327720830755,0.002376091706366869,0.0007574352472654177
SANDUSDT,2022-03-15,0.00031592267463387123,-0.0003337721850413788,0.0004719489306662268
SANDUSDT,2022-03-15,0.000024987555177569156,0.0008534798373250269,0.00013272920426075184
SANDUSDT,2022-03-15,0.0005966976762725362,0.0005565140106901014,0.0006486072232845685
SANDUSDT,2022-03-15,0.000313007184852912,0.0008156909725190072,0.00046976619475902086
SANDUSDT,2022-03-15,0.00011997626708026869,0.0007779651049012185,0.0002908387572711995
SANDUSDT,2022-03-15,0.0019109021310281472,0.0023357999608399236,0.0011607102777874332
SANDUSDT,2022-03-15,0.0005983860882556705,0.0002598607903254564,0.0006495242225140466
SANDUSDT,2022-03-15,0.0006168006366791135,0.0009648212118489532,0.0006594426230374061
SANDUSDT,2022-03-15,0.00029430296130510445,0.0007420875261705439,0.0004555142038164659
SANDUSDT,2022-03-15,0.0004939758627444512,0.0015228335069111406,0.0005901432877508987
SANDUSDT,2022-03-15,0.0002443365529336438,-0.0006317002235221766,0.0004150484811845172
SANDUSDT,2022-03-15,0.0002669850397644859,-0.000631723697640544,0.0004338584606718557
SANDUSDT,2022-03-15,0.0011112534995926311,0.002381750967757033,0.0008851383924777336
SANDUSDT,2022-03-15,0.0007652832449497684,0.0031713486145050268,0.0007345404389268852
SANDUSDT,2022-03-15,0.0017284398883674515,-0.0006350511055987457,0.0011039051203476878
SANDUSDT,2022-03-15,0.00046226672026446685,0.0012688936205233457,0.0005708880100876037
SANDUSDT,2022-03-15,0.0008897277668235108,0.0018264164459871415,0.0007920145860804139
SANDUSDT,2022-03-15,0.0002669176796540364,0.0010049316933933325,0.00043380372614921337
SANDUSDT,2022-03-15,0.0012133971820310213,0.0003719407913145618,0.0009249241063875201
SANDUSDT,2022-03-15,0.0004004476367416789,0.0013768212493674788,0.0005313460729322087
SANDUSDT,2022-03-15,0.00005286180983188917,-0.0005958809904075777,0.00019305258517359348
SANDUSDT,2022-03-15,0.00007698959506788283,-0.0017863128563750084,0.00023298106456440425
SANDUSDT,2022-03-15,0.0019900194922539767,0.006337697028366568,0.0011844951118389882
SANDUSDT,2022-03-15,0.0027314499839639042,0.0029975043259861268,0.00138771803948666
SANDUSDT,2022-03-15,0.00037872937979536417,-0.0006298279296061988,0.0005167364603707594
SANDUSDT,2022-03-15,0.00038408085949251966,-0.0003702469589483307,0.0005203744202634824
SANDUSDT,2022-03-15,0.000271674092757575,0.00003701852777734646,0.0004376518013734069
SANDUSDT,2022-03-15,0.00041488182764016823,0.0007030657656068669,0.0005408375215765908
SANDUSDT,2022-03-15,0.00043137113247069007,-0.00022197558359730635,0.0005514804825590613
SANDUSDT,2022-03-15,0.00023314637320834218,-0.0005548465991536343,0.00040543285501755605
SANDUSDT,2022-03-15,0.00006801466822695179,-0.0006284542082224681,0.00021898073020183438
SANDUSDT,2022-03-15,0.0004629611724507823,0.0019569116588932203,0.000571316664828601
SANDUSDT,2022-03-15,0.0006465179508072993,0.0029467036681673172,0.0006751416511511817
SANDUSDT,2022-03-15,0.000979052991890876,0.002356754662795951,0.000830821462548503
SANDUSDT,2022-03-15,0.00017921274317347157,0.0011790716178047332,0.0003554586207596229
SANDUSDT,2022-03-15,0.0002877263070411815,0.0012879723578494236,0.0004503958637103816
SANDUSDT,2022-03-15,0.0005787236093787969,-0.00007354833967930246,0.0006387636703045004
SANDUSDT,2022-03-15,0.00004982012240218094,0.00033102231024821426,0.00018741614595277464
SANDUSDT,2022-03-15,0.0005936401880381277,0.001030358876804454,0.0006469433523390275
SANDUSDT,2022-03-15,0.00004315347804397161,-0.0001841179833235225,0.00017442651742239338
SANDUSDT,2022-03-15,0.001154105371645661,0.002138486177399498,0.0009020432039287941
SANDUSDT,2022-03-15,0.000825102713240789,0.0015515333736754533,0.0007627085506802711
SANDUSDT,2022-03-15,0.0004981378392930997,0.002879399530846891,0.0005926241889563209
SANDUSDT,2022-03-15,0.0002306566149163905,0.0016574284194216368,0.00040326224606211354
SANDUSDT,2022-03-15,0.0003504506360818083,0.00014719952922723892,0.0004970705508416776
SANDUSDT,2022-03-15,0.002167664372252924,-0.0011400203496340427,0.0012362338396720994
SANDUSDT,2022-03-15,0.00013190159026074991,0.0009928479000507941,0.00030495069217532553
SANDUSDT,2022-03-15,0.00021156562732890953,0.00044159859406082193,0.0003862132441701132
SANDUSDT,2022-03-15,0.00017540615305720766,0.0011404817011620631,0.0003516632776443724
SANDUSDT,2022-03-15,0.00022902267006969795,0.00047814334176847273,0.00040183137591753664
SANDUSDT,2022-03-15,0.0003131791376871179,0.0018011068808244453,0.0004698952118257358
SANDUSDT,2022-03-15,0.0003328680666494162,0.001396699605889587,0.00048444075737035067
SANDUSDT,2022-03-15,0.000533577080151826,0.0007725843328937543,0.0006133426859512647
SANDUSDT,2022-03-15,0.00009254882476943445,0.0006622516798333792,0.00025544068006632526
SANDUSDT,2022-03-15,0.0005796123448393474,0.00206162867999827,0.0006392539511001416
SANDUSDT,2022-03-15,0.0006738049548105398,0.0027682955761419033,0.0006892419584068785
SANDUSDT,2022-03-15,0.0007968075638643715,0.001294402813913513,0.0007495167308277818
SANDUSDT,2022-03-15,0.0011716444127988367,0.000592351281620231,0.0009088715739913856
SANDUSDT,2022-03-15,0.0003837814085382881,0.0001481152339226032,0.0005201715241838036
SANDUSDT,2022-03-15,0.0002293128755597182,0.0018864789481925688,0.0004020858851174909
SANDUSDT,2022-03-15,0.0004919781704685177,0.0010342408486630065,0.000588948776927703
SANDUSDT,2022-03-15,0.00028901812354769366,-0.000811838119794604,0.0004514058116953378
SANDUSDT,2022-03-15,0.0002099430861307089,0.0011059501237859271,0.000384729418539023
SANDUSDT,2022-03-15,0.0014311023851426264,0.002134629642772754,0.00100447691550904
SANDUSDT,2022-03-15,0.00014230616939944838,-0.001065608508117903,0.0003167498893747621
SANDUSDT,2022-03-15,0.000396660704673037,0.00014689141078880552,0.0005288277021456816
SANDUSDT,2022-03-15,0.00014224655178822062,0.0007714207380441414,0.0003166835329755522
SANDUSDT,2022-03-15,0.00040123230879493847,-0.0005146112960470953,0.0005318664011002685
SANDUSDT,2022-03-15,0.0001533817303392591,-0.00029419336070670614,0.0003288451371715853
SANDUSDT,2022-03-15,0.00012168591939479429,-0.00007355645461198945,0.000292903641823124
SANDUSDT,2022-03-15,0.0007830970713295563,0.0003676605798981158,0.000743040365810953
SANDUSDT,2022-03-15,0.00010393051685760228,-0.0017261963702397108,0.00027069245520126216
SANDUSDT,2022-03-15,0.0002681746562255365,0.00011010184431704906,0.00043482396704292803
SANDUSDT,2022-03-15,0.000691827624916586,0.0008436806985778126,0.0006983989172922834
SANDUSDT,2022-03-15,0.00009287935326255182,0.0022707305391316984,0.0002558964134263617
SANDUSDT,2022-03-15,0.0002438566076876324,0.001571781370834621,0.00041464064522917643
SANDUSDT,2022-03-15,0.001978420521055108,0.002699253873067863,0.0011810381098161713
SANDUSDT,2022-03-15,0.00027588406766036906,0.001565258860247454,0.0004410297823387777
SANDUSDT,2022-03-15,0.0009205063655012543,-0.0011631712263426204,0.0008055973068714642
SANDUSDT,2022-03-15,0.001687164690588407,0.0009448705140225697,0.0010906448338569037
SANDUSDT,2022-03-15,0.00008124484620079872,0.00047275306806262993,0.00023933296331558315
SANDUSDT,2022-03-15,0.00019703628851701642,0.0015287740028400122,0.00037271572553952464
SANDUSDT,2022-03-15,0.0006776177891823929,-0.000145698259163631,0.0006911893010320834
SANDUSDT,2022-03-15,0.0012001359627153512,0.0010558701896653795,0.0009198559725784787
SANDUSDT,2022-03-15,0.0006282476901703634,0.000618800638546257,0.0006655337100931101
SANDUSDT,2022-03-15,0.002019065304707296,0.0009472112624851035,0.0011931080904182267
SANDUSDT,2022-03-15,0.0005697832218798801,0.0018605335246789036,0.0006338105092360566
SANDUSDT,2022-03-15,0.00013650161684076914,-0.0015690284366872476,0.0003102226514637292
SANDUSDT,2022-03-15,0.0004609780775583677,0.0007289692697792115,0.0005700917337672244
SANDUSDT,2022-03-15,0.00032127474974647614,0.0029109983441064262,0.0004759298065181119
SANDUSDT,2022-03-15,0.0004217446600774555,0.004625506762830074,0.0005452923486768653
SANDUSDT,2022-03-15,0.0004963625019003093,-0.0016439861223889176,0.0005915672054388027
SANDUSDT,2022-03-15,0.001617556685477923,0.0021229099148129364,0.001067909284036186
SANDUSDT,2022-03-15,0.0008926226856564385,0.0026345655401080045,0.0007933020337760568
SANDUSDT,2022-03-15,0.00013491289156792655,0.00007308071768516732,0.0003084120463419674
SANDUSDT,2022-03-15,0.0003453910395298338,0.0009870766882563071,0.000493469301848205
SANDUSDT,2022-03-15,0.000477677717224287,0.0034683592936838718,0.0005803260943036161
SANDUSDT,2022-03-15,0.000978827043006637,0.0028103746803710195,0.0008307255872403716
SANDUSDT,2022-03-15,0.00027562761252131814,-0.0014996070914384194,0.00044082474938398475
SANDUSDT,2022-03-15,0.00017568246517034628,0.0003293747399354161,0.0003519401510179261
SANDUSDT,2022-03-15,0.00033787359580642274,-0.00021953896904857305,0.00048806957369985205
SANDUSDT,2022-03-15,0.0004409865736779605,0.0023075665423339838,0.0005575929719926545
SANDUSDT,2022-03-15,0.0022237195451739566,0.0013577734604604708,0.0012521161416416753
SANDUSDT,2022-03-15,0.00023449378892754241,-0.0009176501460654491,0.0004066027200739823
SANDUSDT,2022-03-15,0.00010594645245306649,0.0006235214491654155,0.0002733051511976678
SANDUSDT,2022-03-15,0.000322988228457731,-0.000476548332851662,0.00047719727485506216
SANDUSDT,2022-03-15,0.00007552022987113105,0.00043968929332122256,0.00023074710407976022
SANDUSDT,2022-03-15,0.0007176923141338574,0.0018665256942432124,0.0007113343078010344
SANDUSDT,2022-03-15,9.27499996496236e-6,0.0008405357996648246,0.00008086518155978441
SANDUSDT,2022-03-15,0.000030646948597263515,-0.00014612939784160308,0.0001469935327569555
SANDUSDT,2022-03-15,0.0015077409117204713,0.003792579850425654,0.0010310220829334387
SANDUSDT,2022-03-15,0.0008977717912489839,0.002108938313461922,0.000795586830103865
SANDUSDT,2022-03-15,0.0007501003405796429,0.0005449690410812566,0.0007272174457950369
SANDUSDT,2022-03-15,0.0022751767542229418,0.001778875421440618,0.0012665203683408699
SANDUSDT,2022-03-15,0.0008572306569936268,0.002354774939236806,0.0007774159644990288
SANDUSDT,2022-03-15,0.000030583435132914416,-0.0014846737350838223,0.0001468411373143238
SANDUSDT,2022-03-15,0.00015222425686976218,-0.0019224845865305274,0.00032760199584369034
SANDUSDT,2022-03-15,0.00010896330974704855,0.001017109317950596,0.00027716906121315473
SANDUSDT,2022-03-15,0.0003867386728770129,-0.0003997020456187622,0.0005221717939687284
SANDUSDT,2022-03-15,0.0013528855968659942,0.0031292096996563263,0.0009766414316899827
SANDUSDT,2022-03-15,0.000741793779908609,-0.00010931151972124069,0.0007231796576088388
SANDUSDT,2022-03-15,0.0007292574796894325,0.0015317289646855148,0.0007170427577945323
SANDUSDT,2022-03-15,0.00022260493612367359,0.00018250506502214664,0.00039616125864328216
SANDUSDT,2022-03-15,0.00026066502319871187,0.0006933674212644716,0.0004286926008410702
SANDUSDT,2022-03-15,0.00007453465362875846,-0.00036487029266031216,0.00022923647753824472
SANDUSDT,2022-03-15,0.0005671666862615834,0.002551393715290874,0.0006323535550924294
SANDUSDT,2022-03-15,0.0015014922107122733,0.0019311707799963068,0.0010288833740568577
SANDUSDT,2022-03-15,0.0002913556796965577,0.004898565818118611,0.00045322760306959454
SANDUSDT,2022-03-15,0.00013800893964126918,-0.00007328423293012461,0.0003119307699388292
SANDUSDT,2022-03-15,0.0001674637768031409,0.0005495411469838048,0.0003436094097231481
SANDUSDT,2022-03-15,0.00001318099928070483,0.0009518231791964147,0.0000964003866511024
SANDUSDT,2022-03-15,0.00016214048360122283,-0.00021952290443792992,0.0003381040240236918
SANDUSDT,2022-03-15,0.001987865484274864,0.0013891429760838766,0.0011838538862827773
SANDUSDT,2022-03-15,0.00038873820805556655,0.0014237995943419636,0.0005235199327206158
SANDUSDT,2022-03-15,0.0007364244078460513,0.0011678833444235624,0.0007205575859636789
SANDUSDT,2022-03-15,0.0002772194780204865,0.0021572614812360473,0.0004420958909374918
SANDUSDT,2022-03-15,0.0001956754457859868,0.00018303955535893554,0.0003714264039337534
SANDUSDT,2023-09-15,0.0015354756944870878,0.0003349522724332299,0.0009356638234677834
SANDUSDT,2023-09-15,0.0006725305459432568,-0.0003349522724332299,0.000619233398899117
SANDUSDT,2023-09-15,0.00008635907836292813,0.004363155101037855,0.00022189747711979656
SANDUSDT,2023-09-15,0.0005108663077097482,0.0016798256931819012,0.0005396994752167897
SANDUSDT,2023-09-15,0.00001394667050805285,-0.0003356267861677893,0.0000891730529446134
SANDUSDT,2023-09-15,0.0005345721838550422,0.002353337781346792,0.0005520794013610319
SANDUSDT,2023-09-15,0.003225033875399684,0.0036943786770987125,0.0013560181593178918
SANDUSDT,2023-09-15,0.0015204482873933456,0.0,0.0009310739843993648
SANDUSDT,2023-09-15,0.00022254923737119575,0.0003351768089028691,0.0003562143576910549
SANDUSDT,2023-09-15,0.00009017171666396782,0.0003352891900648109,0.00022674281494201423
SANDUSDT,2023-09-15,0.0005243650937888049,0.001006205015298488,0.0005467833127884118
SANDUSDT,2023-09-15,0.00020541257514372464,-0.002350966657970959,0.00034222511544351226
SANDUSDT,2023-09-15,0.0009359254422022142,0.0026926976889082303,0.0007304979335856967
SANDUSDT,2023-09-15,0.0001223260543449808,-0.0003370975929445375,0.0002640935831140535
SANDUSDT,2023-09-15,0.0007444150143141669,-0.0016832187108267124,0.0006514872595281101
SANDUSDT,2023-09-15,0.00044786866400523353,-0.0006727211824505103,0.0005053283964947088
SANDUSDT,2023-09-15,0.0012365763454049838,0.0036943786770987125,0.000839670378059426
SANDUSDT,2023-09-15,0.0008150733599211352,-0.0033467233379503216,0.0006817053690655106
SANDUSDT,2023-09-15,0.0007841386616815228,0.0030125545796193844,0.0006686437641207035
SANDUSDT,2023-09-15,0.0012058546595897133,0.0016742009602863073,0.000829174329097761
SANDUSDT,2023-09-15,0.00036615136767610093,-0.0003343922452159771,0.000456907929785839
SANDUSDT,2023-09-15,0.0012520317822516693,0.0006686727096358838,0.0008449014234493165
SANDUSDT,2023-09-15,0.0002885568707333612,-0.0010031768104300904,0.0004056150632215528
SANDUSDT,2023-09-15,0.00010956116972737632,0.00334113240983513,0.0002499347800720626
SANDUSDT,2023-09-15,0.000670277392999777,-0.005322700523897666,0.0006181952318450926
SANDUSDT,2023-09-15,0.0017794276655813662,0.0033244711469709977,0.0010072529182847591
SANDUSDT,2023-09-15,0.0003346632013707884,0.0016630637460197527,0.0004368198301873746
SANDUSDT,2023-09-15,0.0006537643491866695,0.001660302556395642,0.0006105327738569437
SANDUSDT,2023-09-15,0.0005567142426650453,0.001326700028759918,0.000563397001416537
SANDUSDT,2023-09-15,0.0007922330352919354,0.0023228814161397496,0.0006720859849673777
SANDUSDT,2023-09-15,0.001993181047155958,0.0013293454932045907,0.0010660356771972613
SANDUSDT,2023-09-15,0.0012382159257558446,0.0013293454932046215,0.0008402268544207292
SANDUSDT,2023-09-15,0.00017467104530262192,-0.0009961813873799064,0.0003155795297785101
SANDUSDT,2023-09-15,0.0006160707778788188,-0.0016603025563955596,0.0005926709897640862
SANDUSDT,2023-09-15,0.00007812002148890411,0.0003323915603147742,0.0002110471744739632
SANDUSDT,2023-09-15,0.002167224757116797,0.0019960086467149273,0.001111604616384358
SANDUSDT,2023-09-15,0.00044962385517665493,0.0023329455673620925,0.0005063176157969349
SANDUSDT,2023-09-15,0.0005952967001250273,0.0023329455673619898,0.0005825927860529741
SANDUSDT,2023-09-15,0.000012054581385180709,0.00033294490069499846,0.00008290379892312709
SANDUSDT,2023-09-15,0.0016050107984730277,0.0013328892343212543,0.0009566153479910245
SANDUSDT,2023-09-15,0.0010705823233862993,0.0020026708963101106,0.0007812830444808301
SANDUSDT,2023-09-15,0.00008243137772775219,0.0,0.00021679269507609403
SANDUSDT,2023-09-15,0.0005369950321081098,0.0006677796575362469,0.0005533290851903074
SANDUSDT,2023-09-15,0.00214421084984704,0.003008526421000113,0.0011056867613700792
SANDUSDT,2023-09-15,0.000418460592526269,0.0006691201320241941,0.0004884562241094715
SANDUSDT,2023-09-15,0.00025406518744271704,-0.0006686727096358838,0.00038060189446858784
SANDUSDT,2023-09-15,0.0007505239070064472,0.0003342804644198897,0.0006541549475925896
SANDUSDT,2023-09-15,0.001706386447328983,0.0026693375876680626,0.0009863636560057962
SANDUSDT,2023-09-15,0.0007810240415820221,-0.00033338890123761844,0.000667314507234265
SANDUSDT,2023-09-15,0.0006070893898927614,0.0013328892343213064,0.0005883350016084449
SANDUSDT,2023-09-15,0.0035786641074227357,0.0023290644366379828,0.0014284295762316593
SANDUSDT,2023-09-15,0.0011742591949619804,0.0026613455495140773,0.0008182393284175189
SANDUSDT,2023-09-15,0.001016228753841924,0.001666389320787318,0.0007611918059819879
SANDUSDT,2023-09-15,0.000616566479141293,0.0006675567671135825,0.0005929093785137908
SANDUSDT,2023-09-15,0.0014441641538066982,0.0006680026968507211,0.0009074164448480343
SANDUSDT,2023-09-15,0.00006150422699810014,0.0013360055427421298,0.00018726251308416472
SANDUSDT,2023-09-15,0.00031644408520935686,0.0,0.000424763173011934
SANDUSDT,2023-09-15,0.00010103397642675113,0.0023329455673619898,0.0002400115204149349
SANDUSDT,2023-09-15,0.00040754532394686357,-0.0,0.00048204360130741454
SANDUSDT,2023-09-15,0.00012107723595831099,-0.0006660006906180346,0.0002627420681509377
SANDUSDT,2023-09-15,0.0012787024698135945,0.0023290644366379828,0.0008538530166376365
SANDUSDT,2023-09-15,0.00046694429763208896,0.0013289038500537342,0.0005159776653908891
SANDUSDT,2023-09-15,0.00011359659203128939,-0.000332060438050477,0.0002544960325582451
SANDUSDT,2023-09-15,0.0004950250159885822,0.002660460498403433,0.0005312658966898956
SANDUSDT,2023-09-15,0.00031293318633075524,-0.0006662225429632505,0.0004224002593682805
SANDUSDT,2023-09-15,0.0007241556724318222,-0.0,0.0006425609569328053
SANDUSDT,2023-09-15,0.0002601676500635653,0.0009998334443982334,0.0003851456634003535
SANDUSDT,2023-09-15,0.0007028986151055377,0.0013346681994593722,0.00063305976021562
SANDUSDT,2023-09-15,0.00016022299696385732,-0.001002506349625701,0.0003022461590658588
SANDUSDT,2023-09-15,0.0024818494170042974,0.00033439224521584907,0.001189559251491873
SANDUSDT,2023-09-15,0.00044870466648085024,0.0013382404138380878,0.000505799805712006
SANDUSDT,2023-09-15,0.00045079295931545443,0.0010038481686222588,0.0005069754475890777
SANDUSDT,2023-09-15,0.0010686798156839179,-0.0006691201320240965,0.0007805885355554348
SANDUSDT,2023-09-15,8.932125384965596e-6,-0.0010035123772398871,0.00007136343900557525
SANDUSDT,2023-09-15,0.00040596966622744886,0.0,0.0004811108568597936
SANDUSDT,2023-09-15,0.00019420295307072283,0.0013364519196016771,0.0003327562948293833
SANDUSDT,2023-09-15,0.0004761789638686857,0.0003338340875603778,0.0005210548803098475
SANDUSDT,2023-09-15,0.0001098354901537032,0.0006682258852057307,0.00025024747914480786
SANDUSDT,2023-09-15,0.002148028512390229,0.0010035123772400224,0.0011066706342297843
SANDUSDT,2023-09-15,0.003124470593514541,0.0033523330087536726,0.0013347089906261237
SANDUSDT,2023-09-15,0.0010840163907298282,0.0003358522281779139,0.0007861696783487025
SANDUSDT,2023-09-15,0.0011308220468835245,0.0013427326622948922,0.0008029629350783571
SANDUSDT,2023-09-15,0.000021048022759798484,0.0006706908366772659,0.00010954789010288625
SANDUSDT,2023-09-15,0.0007386244088264986,0.00033517680890298715,0.0006489484400328725
SANDUSDT,2023-09-15,0.0012712334426160383,0.0006704659989676872,0.0008513556446204381
SANDUSDT,2023-09-15,0.0011226403387915196,0.002686368304583399,0.0008000528686226587
SANDUSDT,2023-09-15,0.0002922337559817969,-0.000336190959629684,0.0004081911223069747
SANDUSDT,2023-09-15,0.002615937757396232,-0.0013458952233551251,0.001221271066644809
SANDUSDT,2023-09-15,0.000022754774059764537,-0.0010099310738900947,0.00011390285998277326
SANDUSDT,2023-09-15,0.00019330463348460154,-0.00033630402200275763,0.00033198579167148106
SANDUSDT,2023-09-15,0.00016456814635658394,-0.0003361909596297075,0.0003063171084985314
SANDUSDT,2023-09-15,0.00004316342672710731,0.00033607797325239307,0.00015687593346150645
SANDUSDT,2023-09-15,0.0010340676464336697,0.00033607797325226627,0.0007678437263722156
SANDUSDT,2023-09-15,0.00013046753388656419,0.0006727211824505103,0.00027274047453731384
SANDUSDT,2023-09-15,0.0001601045851349542,0.00033653037504234183,0.0003021344518324917
SANDUSDT,2023-09-15,0.0003983408431014989,0.0010095912013524963,0.00047656899495350253
SANDUSDT,2023-09-15,0.0028300773053642945,-0.0010085729548847497,0.0012702743083724114
SANDUSDT,2023-09-15,0.0011204053258383785,-0.00033607797325239307,0.0007992560776445308
SANDUSDT,2023-09-15,0.0003312479068710328,0.001681520490374869,0.00043458520430732304
SANDUSDT,2023-09-15,0.00017134732939785925,0.00033641716044787546,0.00031256261744326287
SANDUSDT,2023-09-15,0.0008356983665199196,0.0020161297151844956,0.000690276584821643
SANDUSDT,2023-09-15,0.00038115074072342153,-0.0006711409647891796,0.0004661726059421446
SANDUSDT,2023-09-15,0.00022395688251607206,-0.00033540164661237945,0.000357339126814077
SANDUSDT,2023-09-15,0.0007810056699493588,0.00033540164661241485,0.0006673066587376501
SANDUSDT,2023-09-15,0.00036586300493228604,0.0010065426114015058,0.00045672797528186154
SANDUSDT,2023-09-15,0.0010185295904911087,0.0013413818242013111,0.0007620530233985917
SANDUSDT,2023-09-15,0.00009375061987153308,0.0,0.00023119872730491888
SANDUSDT,2023-09-15,0.00009547083571445258,0.0006697923894073542,0.0002333102006711456
SANDUSDT,2023-09-15,0.00033106553779746267,0.001004184184802264,0.00043446555704173265
SANDUSDT,2023-09-15,0.0007290458282890024,0.0013386882855964594,0.0006447268836785533
SANDUSDT,2023-09-15,0.000020110755312431458,0.0003349522724332424,0.0001070810339760677
SANDUSDT,2023-09-15,0.0006227578471514541,0.0016753228914260546,0.0005958788479108662
SANDUSDT,2023-09-15,0.0002504122944815173,0.0006709158252337454,0.00037785588350199636
SANDUSDT,2023-09-15,0.0004263562010465984,0.0013413818242013111,0.0004930428407995144
SANDUSDT,2023-09-15,0.00011599664082196638,-0.00033517680890298715,0.00025717045389636904
SANDUSDT,2023-09-15,0.0006978351535135677,-0.0026773777707163942,0.000630775456756682
SANDUSDT,2023-09-15,0.00028073084011227145,-0.0006686727096358094,0.00040007685518342323
SANDUSDT,2023-09-15,0.0000503083703368184,-0.0006686727096358838,0.00016936298120225605
SANDUSDT,2023-09-15,0.0006464622801916896,0.0003342804644198897,0.0006071135976443847
SANDUSDT,2023-09-15,0.000019913465278072083,-0.0006686727096358094,0.00010655449758424476
SANDUSDT,2023-09-15,0.0011412424369300928,0.0023438818699835027,0.0008066540550231899
SANDUSDT,2023-09-15,0.0019122269057850988,0.0010051935843870606,0.001044162465074321
SANDUSDT,2023-09-15,0.00016610608099026336,0.00033472803659803516,0.00030774508889366045
SANDUSDT,2023-09-15,0.00012387459659960663,0.000334616031229938,0.0002657599244849139
SANDUSDT,2023-09-15,0.00005370164017782203,0.0016719615999910287,0.00017498150206470835
SANDUSDT,2023-09-15,0.00014948511315420387,0.0,0.00029194250984893494
SANDUSDT,2023-09-15,0.000823492112663049,0.0016725208782580984,0.0006852169336084667
SANDUSDT,2023-09-15,0.0005034160355528409,-0.00033472803659813133,0.0005357496397840697
SANDUSDT,2023-09-15,0.0001328370990797975,0.00033472803659803516,0.00027520610039190915
SANDUSDT,2023-09-15,0.0005877661146452724,0.0010035123772398871,0.0005788961183994391
SANDUSDT,2023-09-15,0.00021225581926933033,-0.0006686727096358838,0.00034787896396726634
SANDUSDT,2023-09-15,0.0010309883477948806,0.0006682258852056404,0.0007666996121560865
SANDUSDT,2023-09-15,0.0007428360177502074,-0.0006680026968507211,0.0006507959501094434
SANDUSDT,2023-09-15,0.0001471240495005491,0.002006018726865743,0.00028962776982265553
SANDUSDT,2023-09-15,0.003277669508248612,0.003353457200333381,0.001367039128828388
SANDUSDT,2023-09-15,0.0013839492746144544,0.0003359650627940803,0.0008882975234079234
SANDUSDT,2023-09-15,0.0005128103832279463,0.0006724949816324287,0.0005407253994468448
SANDUSDT,2023-09-15,0.0008028581013017044,0.0006724949816323437,0.0006765778289363802
SANDUSDT,2023-09-15,0.00008178293098373856,-0.0010078952642242893,0.00021593831122813635
SANDUSDT,2023-09-15,0.0006897799460939486,0.0016803902458566334,0.0006271243257513417
SANDUSDT,2023-09-15,0.0001218804517260126,-0.0006727211824505548,0.0002636121314771145
SANDUSDT,2023-09-15,0.00024264345821423003,-0.00033630402200275763,0.0003719483689571732
SANDUSDT,2023-09-15,0.0001571768790911912,0.0006724949816323437,0.00029935925936259544
SANDUSDT,2023-09-15,0.002323592520217392,0.0030308155882746005,0.0011510080207263967
SANDUSDT,2023-09-15,0.0015259417410416307,0.0033670065479042485,0.0009327544756499404
SANDUSDT,2023-09-15,0.0004221625696973449,-0.00033607797325239307,0.0004906120688480712
SANDUSDT,2023-09-15,0.0001944917125353011,0.0003359650627940385,0.0003330035898289899
SANDUSDT,2023-09-15,0.0003808918098676443,0.0003359650627940385,0.00046601423424554207
SANDUSDT,2023-09-15,0.00001843694781115244,0.0,0.00010252809267077873
SANDUSDT,2023-09-15,0.00014383812590796358,-0.0006722689328820455,0.00028637517861040377
SANDUSDT,2023-09-15,0.001493960621231077,-0.00033641716044784266,0.0009229282513978431
SANDUSDT,2023-09-15,0.0005807105956231879,0.0037093281445015574,0.0005754111063550058
SANDUSDT,2023-09-15,0.0022969308986568013,0.0020249753797713828,0.0011443854569912716
SANDUSDT,2023-09-15,0.0005207781975897534,-0.002024975379771279,0.0005449099801622488
SANDUSDT,2023-09-15,0.0017032048240213705,0.0020256590316162235,0.0009854436704394432
SANDUSDT,2023-09-15,0.00044878627380565123,0.0003373250158482963,0.0005058457993192605
SANDUSDT,2023-09-15,0.002586466511463905,0.0030308155882746795,0.0012143721395215233
SANDUSDT,2023-09-15,0.00003563529346092902,0.0010082339956760907,0.00014254058436260396
SANDUSDT,2023-09-15,0.00037942555388946155,0.0020181641562371246,0.0004651164005288828
SANDUSDT,2023-09-15,0.0015728932413331179,0.004032263527938451,0.0009469956590662709
SANDUSDT,2023-09-15,0.00017144303229125698,0.0006709158252337454,0.0003126498933035555
SANDUSDT,2023-09-15,0.00042456196349937924,0.0016792615197200253,0.0004920043093515041
SANDUSDT,2023-09-15,0.0008444780153414466,0.0013454425171225547,0.0006938930522389193
SANDUSDT,2023-09-15,0.0016488955780377121,0.0006729475354900949,0.0009696052129761468
SANDUSDT,2023-09-15,0.0004436836753109984,0.0010085729548847497,0.000502961902370002
SANDUSDT,2023-09-15,0.0006099335555964607,0.0016809551781266133,0.0005897115426859357
SANDUSDT,2023-09-15,0.00012314018392750657,0.0006729475354901518,0.00026497095076278036
SANDUSDT,2023-09-15,0.00016689613042122282,-0.001347255171785725,0.00030847608384695734
SANDUSDT,2023-09-15,0.0020177347235601066,0.00033698399644917557,0.0010725817398657966
SANDUSDT,2023-09-15,0.0006548304470424483,0.0013490727172565523,0.0006110303710005647
SANDUSDT,2023-09-15,0.00029948141299342796,0.0010123166040816327,0.0004132218729734197
SANDUSDT,2023-09-15,0.0013050037837193278,0.003368140604122853,0.0008625896652635291
SANDUSDT,2023-09-15,0.00008829951683036983,-0.000672268932882013,0.00022437658235434802
SANDUSDT,2023-09-15,0.0031522578769590717,-0.002690886252016691,0.0013406309285624782
SANDUSDT,2023-09-15,0.00008704946834307836,-0.0006738544729378874,0.00022278268130419102
SANDUSDT,2023-09-15,0.0007374969816682901,0.001686056713705814,0.0006484529774591574
SANDUSDT,2023-09-15,0.003382262381441214,0.002365265505473017,0.0013886794627223928
SANDUSDT,2023-09-15,0.00036874527979226235,-0.0003383522278937319,0.0004585235012300342
SANDUSDT,2023-09-15,0.0004973524728672402,0.002028398261392619,0.000532513357346109
SANDUSDT,2023-09-15,0.0017093934362866318,0.0027045317364190412,0.0009872323569715884
SANDUSDT,2023-09-15,0.0010673986845242051,0.0030431130838214932,0.000780120511283208
SANDUSDT,2023-09-15,0.0008417237508228015,0.000674991588233346,0.000692760562203029
SANDUSDT,2023-09-15,0.0008409427141420688,-0.0,0.0006924390808482388
SANDUSDT,2023-09-15,0.0005045591558129218,-0.0,0.0005363575653916471
SANDUSDT,2023-09-15,0.0004925715243847434,-0.00033755274582111507,0.0005299477052154137
SANDUSDT,2023-09-15,0.0007308874406854937,0.0013490727172566922,0.0006455406789847987
SANDUSDT,2023-09-15,0.001276022179073251,-0.0006738544729378243,0.0008529576657182512
SANDUSDT,2023-09-15,0.000028406013407071987,-0.002354921189222577,0.00012726339624128974
SANDUSDT,2023-09-15,0.00015971587866357741,0.00033607797325226627,0.00030176746363773984
SANDUSDT,2023-09-15,0.0006660328828782686,0.0016798256931819012,0.0006162347725274754
SANDUSDT,2023-09-15,0.0008889229353358099,-0.001341831801466272,0.0007119187331570201
SANDUSDT,2023-09-15,0.00032721232215123647,-0.0006704659989675619,0.0004319298217321698
SANDUSDT,2023-09-15,0.001170843306712358,0.00033517680890298715,0.0008170483436092696
SANDUSDT,2023-09-15,0.00011486801018869051,-0.001341381824201336,0.0002559162799403205
SANDUSDT,2023-09-15,0.00026462221184774513,0.0,0.00038842888009493705
SANDUSDT,2023-09-15,3.4102196690520553e-6,-0.00033540164661237945,0.000044095019863007496
SANDUSDT,2023-09-15,0.0006641977830924285,-0.0010055305020185744,0.0006153852406547047
SANDUSDT,2023-09-15,0.0001389990032512552,0.0003351768089028691,0.00028151672925284734
SANDUSDT,2023-09-15,0.0020109000528630767,0.0013400337013614204,0.0010707636214350893
SANDUSDT,2023-09-15,0.00017590291918635393,-0.003353457200333381,0.0003166903926606627
SANDUSDT,2023-09-15,0.00026461750711225044,0.00100688043411694,0.0003884254271284433
SANDUSDT,2023-09-15,0.00009951605089734194,0.0006704659989675619,0.00023820174126799328
SANDUSDT,2023-09-15,0.0005331225129348099,0.0003349522724332424,0.0005513303193775417
SANDUSDT,2023-09-15,0.00017108969786914545,-0.0003350645030510007,0.0003123275502350765
SANDUSDT,2023-09-15,0.003638424094340013,0.0010045204260054903,0.0014403068447977215
SANDUSDT,2023-09-15,0.00010896472801657644,-0.0010045204260055874,0.00024925353978639175
SANDUSDT,2023-09-15,0.00016279998854008034,-0.00033484011697421036,0.00030466709394752077
SANDUSDT,2023-09-15,0.000721253974229777,0.0006691201320241941,0.0006412722909863683
SANDUSDT,2023-09-15,0.0006951235670963658,0.0016708441648177223,0.0006295487580723671
SANDUSDT,2023-09-15,0.00022299252090435956,0.0010021714551817018,0.00035656894306073257
SANDUSDT,2023-09-15,0.00048480228074647126,0.002341529753563356,0.0005257517080041469
SANDUSDT,2023-09-15,0.0004636618779624868,0.0016730805308124194,0.000514160915327667
SANDUSDT,2023-09-15,0.0005166936032116337,0.0016697282222953823,0.0005427688405144328
SANDUSDT,2023-09-15,0.00014778657583782714,-0.0003338340875603778,0.0002902791605598815
SANDUSDT,2023-09-15,0.00023817599901140916,0.0003340571268746409,0.00036850837537598033
SANDUSDT,2023-09-15,0.0005563619572897846,0.0010031768104300904,0.0005632187161155034
SANDUSDT,2023-09-15,0.0012380282289088018,0.0003345041007942523,0.000840163168473413
SANDUSDT,2023-09-15,0.00011099317991725269,0.0,0.0002515628533592055
SANDUSDT,2023-09-15,0.00008392595264579101,0.0003345041007942523,0.00021874921586840008
SANDUSDT,2023-09-15,0.000019327530011111578,-0.0,0.0001049751595169608
SANDUSDT,2023-09-15,0.000591420352196979,0.00033461603122993426,0.0005806928757145528
SANDUSDT,2023-09-15,0.000011718037037789972,-0.0003348401169742331,0.00008173833713542945
SANDUSDT,2023-09-15,0.00021686170473043446,0.000670016775484107,0.0003516331399785657
SANDUSDT,2023-09-15,0.0005968877793656572,0.002008032803245613,0.0005833708289486574
SANDUSDT,2023-09-15,0.00010571240054876555,0.0010038481686221788,0.00024550556029050716
SANDUSDT,2023-09-15,0.0002237956168570656,-0.0010051935843870554,0.0003572104482338221
SANDUSDT,2023-09-15,0.0006416574219611762,-0.0003351768089028691,0.0006048531909267952
SANDUSDT,2023-09-15,0.00027558383285512697,0.0016747617379593606,0.00039639232144562806
SANDUSDT,2023-09-15,0.001413164238933685,-0.0,0.0008976244724555137
SANDUSDT,2023-09-15,0.001343637908067981,0.002006018726865766,0.0008752648525831801
SANDUSDT,2023-09-15,0.001017789357472777,-0.0010015023370896004,0.0007617760558250376
SANDUSDT,2023-09-15,0.0003441333173865744,0.0013337781237036529,0.0004429571595523525
SANDUSDT,2023-09-15,0.00002625640458281529,-0.0006664445431606698,0.00012235338613875594
SANDUSDT,2023-09-15,0.0002462619775844615,-0.000999833444398153,0.000374711521173265
SANDUSDT,2023-09-15,0.0014665264272535567,-0.0,0.000914414937406142
SANDUSDT,2023-09-15,0.0004889599915600349,-0.0006660006906179162,0.0005280013435415242
SANDUSDT,2023-09-15,0.00030888514085141344,0.0009985023295893782,0.00041965932086244606
SANDUSDT,2023-09-15,0.00039664416158627656,-0.0003327233436117565,0.00047555296976571783
SANDUSDT,2023-09-15,0.00018046210076216242,-0.0,0.0003207682460555086
SANDUSDT,2023-09-15,0.00042126983349001994,-0.0,0.0004900930520234758
SANDUSDT,2023-09-15,0.0003783833072054788,0.0,0.00046447714550118974
SANDUSDT,2023-09-15,0.0007308906730278203,-0.0,0.0006455421064317878
SANDUSDT,2023-09-15,0.0002130690968341086,-0.0,0.0003485447917996042
SANDUSDT,2023-09-15,0.0004918976289356579,-0.0003325020812013956,0.0005295850659220135
SANDUSDT,2023-09-15,0.0002583722622923881,0.0003323915603147742,0.0003838144392557754
SANDUSDT,2023-09-15,0.00042514791740422785,0.0,0.0004923437090964481
SANDUSDT,2023-09-15,0.0005573314736088644,0.0006646726731909598,0.0005637092349673208
SANDUSDT,2023-09-15,0.000027464917204955365,0.0003321707388122977,0.00012513751088913172
SANDUSDT,2023-09-15,0.00035427044880814127,0.0013280214435193206,0.00044943390152786614
SANDUSDT,2023-09-15,0.0005013006112781148,0.001992032531240541,0.0005346228074704382
SANDUSDT,2023-09-15,0.0004918877109165756,0.000664231176862988,0.0005295797269439856
SANDUSDT,2023-09-15,0.0006965234482295257,0.000332060438050477,0.0006301823505848879
SANDUSDT,2023-09-15,0.0032066863175629376,-0.000664231176862988,0.001352155392401019
SANDUSDT,2023-09-15,0.001423452425114076,0.0019893905765374356,0.0009008860114204853
SANDUSDT,2023-09-15,0.007602418377089717,0.0023159646414624454,0.0020819689494090553
SANDUSDT,2023-09-15,0.00025888776764236186,0.0009915717222950518,0.00038419714249460126
SANDUSDT,2023-09-15,0.000029650574367563533,0.0003306331655182326,0.00013002142467544465
SANDUSDT,2023-09-15,0.0014290894464152352,0.0013236269305083642,0.0009026680505716495
SANDUSDT,2023-09-15,0.0001327531513687489,-0.0006624710411210295,0.00027511912704809903
SANDUSDT,2023-09-15,0.0005724479911086896,0.0013262601413534553,0.0005713028399157436
SANDUSDT,2023-09-15,0.00045190321299095655,-0.0,0.0005075993761531325
SANDUSDT,2023-09-15,0.000541477193942172,0.001990050408010009,0.000555633535540402
SANDUSDT,2023-09-15,0.0000778917712596743,-0.0006629101999476353,0.00021073863126493152
SANDUSDT,2023-09-15,0.0018063631522713,0.0009955202415014826,0.0010148477609637223
SANDUSDT,2023-09-15,0.0003904949152034683,-0.0,0.0004718522786436574
SANDUSDT,2023-09-15,0.0005491358696399218,0.0013271402080622721,0.0005595491901488438
SANDUSDT,2023-09-15,0.0006289852288867459,0.0003315100312144767,0.0005988507370207842
SANDUSDT,2023-09-15,0.00038199130681909426,0.0013249422276107104,0.00046668635685950496
SANDUSDT,2023-09-15,0.0005699757284888692,0.00198807222538608,0.0005700678465683449
SANDUSDT,2023-09-15,0.00045258038072070036,0.0013258205455530235,0.0005079795474327508
SANDUSDT,2023-09-15,0.0003855357139581401,0.0003311806620763961,0.0004688464938342419
SANDUSDT,2023-09-15,0.0021596013735916473,0.004954593124683395,0.0011096478157380943
SANDUSDT,2023-09-15,0.0001589740507745259,0.0006587615521501637,0.0003010658425267038
SANDUSDT,2023-09-15,0.0013113292832858182,0.004271404555708382,0.0008646776725016269
SANDUSDT,2023-09-15,0.002083314763828424,-0.0006561680025456814,0.0010898727921692857
SANDUSDT,2023-09-15,0.00005327363705043414,0.00032813782082783327,0.00017428280411580725
SANDUSDT,2023-09-15,0.0005256298688703372,-0.000328030181717814,0.0005474423396838008
SANDUSDT,2023-09-15,0.0005706394583012141,0.001312766844257382,0.0005703996685371529
SANDUSDT,2023-09-15,0.0017872812004003412,0.0032894766503987574,0.0010094732352295595
SANDUSDT,2023-09-15,0.0003568910876559942,0.0006594131462152071,0.0004510931336591392
SANDUSDT,2023-09-15,0.00030025433686767906,0.0003296522198963754,0.00041375476621301503
SANDUSDT,2023-09-15,0.0011204069792853171,0.0023090889362591353,0.0007992566673985229
SANDUSDT,2023-09-15,0.0009213122941245831,0.001980198666862501,0.0007247726531568905
SANDUSDT,2023-09-15,0.0005082862515321927,0.001975634491789712,0.0005383349132017003
SANDUSDT,2023-09-15,0.0005584882554410023,0.0019749841837659213,0.0005642939413932964
SANDUSDT,2023-09-15,0.00029033845315448633,-0.0006594131462152071,0.0004068652928292043
SANDUSDT,2023-09-15,0.0005412820632402894,0.0016471754671371274,0.0005555334104265332
SANDUSDT,2023-09-15,0.000944251580615062,0.0006585446401977287,0.0007337400506174198
XTZUSDT,2021-06-15,0.0004746454501319491,-0.0038858216583191486,0.0009888266943256768
XTZUSDT,2021-06-15,0.00043531316770121874,-0.0002993563860106081,0.000946970441253302
XTZUSDT,2021-06-15,0.0001507830447078013,0.003882340250443148,0.0005573291715126091
XTZUSDT,2021-06-15,0.00031766835462964554,0.005350785655868151,0.0008089515245505961
XTZUSDT,2021-06-15,0.00009599131409468113,0.0011851853239173797,0.00044468398567787946
XTZUSDT,2021-06-15,0.0002876155033672152,0.0008887572796540072,0.0007697357667984666
XTZUSDT,2021-06-15,0.0015531642632977203,0.004754838081615357,0.0017887276308569254
XTZUSDT,2021-06-15,0.000055412746069539194,0.0,0.0003378627848672484
XTZUSDT,2021-06-15,0.0007696152946375736,0.0008932559772149207,0.0012591352024945018
XTZUSDT,2021-06-15,0.000261997838877063,0.0032782029059935987,0.0007346565847079096
XTZUSDT,2021-06-15,0.00047367637238021837,-0.0011954574047737456,0.0009878167409370603
XTZUSDT,2021-06-15,0.0004840041730932019,0.001196530205572264,0.0009985276012016654
XTZUSDT,2021-06-15,0.007011950869805324,0.0038974715803140833,0.003800624409356308
XTZUSDT,2021-06-15,0.000585582286887669,0.0003003453994645636,0.0010983215039942686
XTZUSDT,2021-06-15,0.00010689233911984324,0.001803426999150794,0.0004692548947838666
XTZUSDT,2021-06-15,0.00004665662739717131,-0.00180614136998,0.00031002177053646217
XTZUSDT,2021-06-15,0.0011720316271972087,0.0009042954647890404,0.0015538360267541222
XTZUSDT,2021-06-15,0.0000434017986612616,0.0012055456553486893,0.0002990125281800992
XTZUSDT,2021-06-15,0.0017124399405167214,0.003923348928741426,0.0018782058778880702
XTZUSDT,2021-06-15,0.00007266306041511453,-0.0021151239189264033,0.0003868943287970895
XTZUSDT,2021-06-15,0.0007271647467456268,0.0018126893181031822,0.0012239168925955756
XTZUSDT,2021-06-15,0.0006413199679238432,-0.000604594939819414,0.0011494045238539888
XTZUSDT,2021-06-15,0.00036849694938912125,0.0009078529901798939,0.0008712694162387519
XTZUSDT,2021-06-15,0.001560441145223892,0.0033368755367333665,0.0017929130057174215
XTZUSDT,2021-06-15,0.0005892582197313254,0.0027309985112317337,0.0011017634112774244
XTZUSDT,2021-06-15,0.00015265197560843864,-0.001212488781461928,0.0005607725358407847
XTZUSDT,2021-06-15,0.0008377601899859312,0.0027260353092384017,0.0013136975214544737
XTZUSDT,2021-06-15,0.0005129022504264531,0.0015103461563139757,0.0010279046325015662
XTZUSDT,2021-06-15,0.0007902030212217676,0.0039174375848042755,0.0012758654114476532
XTZUSDT,2021-06-15,0.0002932002464152819,0.000902120043137929,0.0007771729682672418
XTZUSDT,2021-06-15,0.002492189427849362,0.0033117597632911803,0.002265823337895888
XTZUSDT,2021-06-15,0.00014706563738822124,-0.0015062512261877596,0.0005504160961974724
XTZUSDT,2021-06-15,0.000436986967434612,-0.003923348928741426,0.0009487892676459202
XTZUSDT,2021-06-15,1.0876726658735955e-6,0.001208459361568327,0.00004733524488681389
XTZUSDT,2021-06-15,0.0009108716885038263,0.003931654845324352,0.0013698219556394075
XTZUSDT,2021-06-15,0.00019595634072792052,0.003930466133315163,0.0006353531412526936
XTZUSDT,2021-06-15,0.00009460390644764047,0.004514680354526613,0.00044145867554644055
XTZUSDT,2021-06-15,0.0009249254619172875,-0.002104314619895284,0.0013803489479633012
XTZUSDT,2021-06-15,0.0005141155415654557,0.002711253355375855,0.001029119689471769
XTZUSDT,2021-06-15,0.000489256194707228,0.003913899321136315,0.001003930590276295
XTZUSDT,2021-06-15,0.00018980432191934154,0.001802343533860248,0.0006253002029691193
XTZUSDT,2021-06-15,0.0008199500422382067,0.0009002251170597283,0.001299658397680605
XTZUSDT,2021-06-15,0.0003268342484864745,0.0009002251170598006,0.000820539137745797
XTZUSDT,2021-06-15,0.00009240049889009443,0.002701487460160634,0.0004362874083724906
XTZUSDT,2021-06-15,0.0002553833108401249,0.0006013229285221701,0.0007253235483518282
XTZUSDT,2021-06-15,0.0006049160027628207,0.0021036822183409464,0.0011163054829710082
XTZUSDT,2021-06-15,0.001244050886268758,-0.0006000600240061268,0.0016008645718036641
XTZUSDT,2021-06-15,0.0015624156589153413,-0.0011997601919040602,0.0017940469837961538
XTZUSDT,2021-06-15,0.0008749775035505722,-0.0,0.0013425608062489908
XTZUSDT,2021-06-15,0.0010368135601123705,0.002401682331247318,0.0014614563724852229
XTZUSDT,2021-06-15,0.0012215949463446432,0.0036003639251777665,0.001586350444870937
XTZUSDT,2021-06-15,0.009155629244139343,0.0020936152405806197,0.004342897904817716
XTZUSDT,2021-06-15,0.0012608948265076189,0.0053651395460693665,0.0016116656599576861
XTZUSDT,2021-06-15,0.00042332381913726504,-0.00029713267192312616,0.0009338387126419187
XTZUSDT,2021-06-15,0.00006537351847719005,-0.00029730935256908135,0.00036697497615231973
XTZUSDT,2021-06-15,0.00007512385086646956,-0.0011890607821903139,0.00039339101997013166
XTZUSDT,2021-06-15,0.006093382787772221,0.002966480965096306,0.003542947784071403
XTZUSDT,2021-06-15,0.0005260087023157136,0.0005925926099340324,0.0010409550720359496
XTZUSDT,2021-06-15,0.000609028103154251,0.0017767253711508493,0.001120093269625175
XTZUSDT,2021-06-15,0.000028175549709268465,-0.0002959017627744029,0.0002409193706483518
XTZUSDT,2021-06-15,0.00177299029060987,0.0017767253711507979,0.001911123266184613
XTZUSDT,2021-06-15,0.00008220936548477015,0.00029625240921747815,0.0004115249483926378
XTZUSDT,2021-06-15,0.0005091484742488367,0.002075612309294709,0.0010241362636610825
XTZUSDT,2021-06-15,0.0002868548703349116,0.004165432979063144,0.000768717264573846
XTZUSDT,2021-06-15,0.00861529919828819,0.0014914245866700204,0.004212798656757697
XTZUSDT,2021-06-15,0.001024762546674482,-0.0002984629181981627,0.0014529382032766474
XTZUSDT,2021-06-15,0.00011846090367748519,0.0014909798497863788,0.0004939955556243472
XTZUSDT,2021-06-15,0.0009337657165843247,0.002684565370669098,0.0013869298118539656
XTZUSDT,2021-06-15,0.00010839445778361618,-0.0011936736720238915,0.0004725405251993295
XTZUSDT,2021-06-15,0.00034007997917760095,0.0005968367828615256,0.0008370011480926575
XTZUSDT,2021-06-15,0.0001755396203328211,0.00298062813813772,0.0006013441610105618
XTZUSDT,2021-06-15,0.0013406038183310883,0.0005952381128130921,0.0016618267561838642
XTZUSDT,2021-06-15,0.0004118141132309778,0.0014865470256456587,0.0009210562080673889
XTZUSDT,2021-06-15,0.000024921113097616708,-0.0014843404833094645,0.000226578782631493
XTZUSDT,2021-06-15,0.0005069423324915341,-0.0029620874738252095,0.0010219150622893208
XTZUSDT,2021-06-15,0.004754514159294726,0.0014795090729579547,0.003129598273842979
XTZUSDT,2021-06-15,0.0007549951817602978,-0.0005922416518977117,0.0012471181822936701
XTZUSDT,2021-06-15,0.0002092385176349294,0.0,0.000656532664306105
XTZUSDT,2021-06-15,0.0009020588958723973,0.001779887743696369,0.0013631792536482712
XTZUSDT,2021-06-15,0.000029300404824325494,0.0011876485956560663,0.0002456814300703974
XTZUSDT,2021-06-15,0.00010417306409224061,-0.0011880013277246885,0.00046324766640327096
XTZUSDT,2021-06-15,0.0010618535482128854,0.003270405769066727,0.0014789988364016092
XTZUSDT,2021-06-15,0.00012446920761181152,-0.0005957700503894515,0.0005063682691449948
XTZUSDT,2021-06-15,0.00045784969316158615,0.0008940545968808014,0.0009711738606381855
XTZUSDT,2021-06-15,0.0015949440306301586,0.0038846604954825676,0.0018126261653906802
XTZUSDT,2021-06-15,0.0008232257735978195,-0.0014954391900127418,0.0013022519021461888
XTZUSDT,2021-06-15,0.0001011483856205602,-0.001493652256783372,0.0004564728994655993
XTZUSDT,2021-06-15,0.0009057838202406751,0.0026909868234586253,0.0013659908818507197
XTZUSDT,2021-06-15,0.00023837601483646465,0.002391630437448044,0.0007007559573248386
XTZUSDT,2021-06-15,0.00018266391523996802,-0.0005973715828780574,0.000613425608069905
XTZUSDT,2021-06-15,0.00004125473695880566,-0.0014923148568627724,0.0002915227366445318
XTZUSDT,2021-06-15,0.0003688506774798313,0.003285055963055591,0.0008716874909920913
XTZUSDT,2021-06-15,0.0002641275137365764,-0.0017937224540269007,0.0007376364051963444
XTZUSDT,2021-06-15,0.00019949714275080524,-0.002981516818088115,0.0006410676488895107
XTZUSDT,2021-06-15,0.000036282374630950206,-0.0005952381128130078,0.00027339047066201217
XTZUSDT,2021-06-15,0.00001763182190581622,0.001784121793501392,0.00019058298126269145
XTZUSDT,2021-06-15,0.001962565299863739,-0.003572495612599626,0.002010701393578277
XTZUSDT,2021-06-15,0.0005491696016300558,-0.0017873105740956587,0.001063625561198255
XTZUSDT,2021-06-15,0.0013324034517675739,0.0008932559772148798,0.001656736328990082
XTZUSDT,2021-06-15,0.0006824692821425545,-0.002083024112803652,0.001185706157815285
XTZUSDT,2021-06-15,0.0009379097764365242,-0.00029722098598962713,0.0013900040077015196
XTZUSDT,2021-06-15,0.00005222483453860976,-0.00029722098598961597,0.00032800016136527423
XTZUSDT,2021-06-15,0.0014361663698911912,0.004766169284623575,0.0017200374286896554
XTZUSDT,2021-06-15,0.0006758833258261989,0.005092118236837106,0.0011799711451058524
XTZUSDT,2021-06-15,0.003823659055703244,0.005720322688529352,0.0028065649766501207
XTZUSDT,2021-06-15,0.002835396565973048,0.005447955363288355,0.002416809534195574
XTZUSDT,2021-06-15,0.0007639464022572785,-0.0009100561829367501,0.0012544893132643937
XTZUSDT,2021-06-15,0.0009927720494033753,0.0012139606953668186,0.0014300798642923043
XTZUSDT,2021-06-15,0.0003561630169654503,-0.0018237087121449433,0.0008565642248522838
XTZUSDT,2021-06-15,0.0009553234438793866,0.0012176561626267833,0.0014028483923877804
XTZUSDT,2021-06-15,0.00010955701284517636,0.0012176561626268312,0.00047506781879716746
XTZUSDT,2021-06-15,0.000150151217825416,-0.00273348689566064,0.0005561602562101778
XTZUSDT,2021-06-15,0.0005088218987623481,0.0036330648498811386,0.0010238077627775224
XTZUSDT,2021-06-15,0.0011864015247853065,-0.003018414606807961,0.001563332545417306
XTZUSDT,2021-06-15,0.00017702536314068363,0.004227059434187905,0.000603883645331208
XTZUSDT,2021-06-15,0.0007965901411967695,-0.004829469090959956,0.0012810113703865247
XTZUSDT,2021-06-15,0.000868343259932752,0.0033177530056380648,0.0013374613476138015
XTZUSDT,2021-06-15,0.001342415560442857,0.004542021434501009,0.0016629493044471315
XTZUSDT,2021-06-15,0.0004281883126165607,0.0009108851396471843,0.0009391888446831179
XTZUSDT,2021-06-15,0.00028145462308391193,-0.003941190488826421,0.0007614470602896904
XTZUSDT,2021-06-15,0.0010804573501234423,-0.0018143337302398642,0.001491898698723754
XTZUSDT,2021-06-15,0.0003356243565962123,-0.0012095556358254597,0.0008315000051842646
XTZUSDT,2021-06-15,0.00027187984232410423,-0.0009075783409240804,0.0007483831930847271
XTZUSDT,2021-06-15,0.0006315361822670978,0.0021202491662424693,0.0011406033419412136
XTZUSDT,2021-06-15,0.00004344501502249412,-0.0030367469434737773,0.00029916135862807975
XTZUSDT,2021-06-15,0.00015179389036177102,-0.00455028845181167,0.0005591942111558574
XTZUSDT,2021-06-15,0.0011146029516455596,-0.0018181823190585162,0.0015152895054621938
XTZUSDT,2021-06-15,0.0006579216767368169,-0.00030316810903721034,0.0011641866605310125
XTZUSDT,2021-06-15,0.0003396194759182339,-0.00030316810903721034,0.0008364342633144305
XTZUSDT,2021-06-15,0.00012529766480316116,-0.0021228211156073817,0.0005080506478973751
XTZUSDT,2021-06-15,0.00013773794559357642,0.0018231545615151365,0.0005326750085826146
XTZUSDT,2021-06-15,0.00003117147773706499,0.0,0.0002534044380029053
XTZUSDT,2021-06-15,0.000015405380382512464,0.003948372631367901,0.00017814421924141396
XTZUSDT,2021-06-15,0.000020615375345639462,0.0012117541622081714,0.00020607776910040623
XTZUSDT,2021-06-15,0.00012383631105713111,0.0009078529901799579,0.0005050792468726257
XTZUSDT,2021-06-15,0.00012279574931994868,0.00030252609518283054,0.0005029527508424938
XTZUSDT,2021-06-15,0.000021084486666095332,0.0018154316635085382,0.00020840927220581787
XTZUSDT,2021-06-15,0.000419912191380949,0.0024271856576111883,0.0009300681298735029
XTZUSDT,2021-06-15,0.0015296251347953335,0.00517741372760809,0.0017751212651451085
XTZUSDT,2021-06-15,0.0038220150787535434,0.0015278841780531757,0.002805961572409983
XTZUSDT,2021-06-15,0.000256790145976756,0.0030525054227177736,0.0007273186067175527
XTZUSDT,2021-06-15,0.0010109214966696287,-0.0021357750300214206,0.0014430927235029043
XTZUSDT,2021-06-15,0.000051272071290014744,-0.004264398786457518,0.00032499445578704374
XTZUSDT,2021-06-15,0.00018631666206968484,0.0027309985112317337,0.0006195286121886116
XTZUSDT,2021-06-15,0.002259862793963867,0.007847912298301542,0.0021576279385581315
XTZUSDT,2021-06-15,0.0007640276039887935,-0.0,0.0012545559828614566
XTZUSDT,2021-06-15,0.0001783961841983692,-0.0012019232216166232,0.0006062172657776338
XTZUSDT,2021-06-15,0.000011998935601930878,0.0015026298845350185,0.00015721967068652582
XTZUSDT,2021-06-15,0.004206413963208655,-0.0009032064440600446,0.0029436862971473224
XTZUSDT,2021-06-15,0.0003916108391402268,0.002110659610638235,0.000898178950742844
XTZUSDT,2021-06-15,0.0011877185341242621,-0.0018121418429263138,0.0015642000225908766
XTZUSDT,2021-06-15,0.0008651751546781109,0.0012099215027131982,0.0013350192890391177
XTZUSDT,2021-06-15,0.0006084013898922887,0.002422775261425326,0.0011195168118341156
XTZUSDT,2021-06-15,0.0005951744838330508,-0.0006062443350273895,0.0011072805542076257
XTZUSDT,2021-06-15,0.00015255392853890802,0.004835307093859504,0.000560592417191601
XTZUSDT,2021-06-15,0.00014369011707376916,0.0024089141429020455,0.0005440627224095786
XTZUSDT,2021-06-15,8.350448788810901e-6,-0.002712070368086032,0.00013115668445709623
XTZUSDT,2021-06-15,0.0001824147429479661,0.0021157632193636046,0.000613007077608029
XTZUSDT,2021-06-15,0.00358777870103445,0.0015140048312151828,0.0027186189805889207
XTZUSDT,2021-06-15,0.0002185943836908756,-0.005136738897196711,0.0006710502164329129
XTZUSDT,2021-06-15,0.0007324682300003482,0.004832386329185001,0.0012283720249274938
XTZUSDT,2021-06-15,0.00013769898658142884,-0.0033257778198226397,0.0005325996700123223
XTZUSDT,2021-06-15,0.00043128426167273663,0.003326783651957146,0.0009425780589186095
XTZUSDT,2021-06-15,0.00018315828789866657,0.000302984398621578,0.000614255153234058
XTZUSDT,2021-06-15,0.00023595000874104263,-0.0015135465277764917,0.0006971809630162292
XTZUSDT,2021-06-15,0.0005671095318370754,-0.0012106539008961388,0.001080858878793616
XTZUSDT,2021-06-15,0.0006892381817640176,-0.000302984398621578,0.0011915717135802535
XTZUSDT,2021-06-15,0.00030705598640848845,-0.001514004831215233,0.0007953243980674549
XTZUSDT,2021-06-15,0.0016898517160070944,0.007593050907597319,0.001865777362863866
XTZUSDT,2021-06-15,0.002207961339232419,0.0006093845404909747,0.002132707289727259
XTZUSDT,2021-06-15,0.00013641248557673725,0.0012176561626268312,0.0005301058319868898
XTZUSDT,2021-06-15,0.00032074087759580573,0.00640930013380895,0.0008128542440562198
XTZUSDT,2021-06-15,0.0007340352278899641,-0.0006121824494829835,0.0012296852750532745
XTZUSDT,2021-06-15,0.0043926906206015045,0.0039859013372238045,0.003008159288829931
XTZUSDT,2021-06-15,0.0008378358139499419,0.0036945854833616756,0.001313756813345744
XTZUSDT,2021-06-15,0.0005555883529618564,0.0024638139965872793,0.0010698233866081725
XTZUSDT,2021-06-15,0.0004107011845618851,-0.0012296343387641745,0.0009198107877093653
XTZUSDT,2021-06-15,0.00038495833106803044,0.005513030808649411,0.0008905173442080719
XTZUSDT,2021-06-15,0.0009231736027814645,0.002140346330010132,0.0013790411003906868
XTZUSDT,2021-06-15,0.000016608793724734343,-0.0009186955170725805,0.0001849713927854659
XTZUSDT,2021-06-15,0.005998220184282523,0.004299760924220264,0.0035151731553945994
XTZUSDT,2021-06-15,0.00005155151450771703,-0.0021521914533305935,0.0003258788952761326
XTZUSDT,2021-06-15,0.0008795787402747275,0.0024585138382072634,0.00134608623406402
XTZUSDT,2021-06-15,0.0012331387537238027,-0.0009229349986008394,0.0015938281546025437
XTZUSDT,2021-06-15,0.00025367384113682826,-0.0015382251917829184,0.0007228919083905076
XTZUSDT,2021-06-15,0.00008830791935117339,-0.0015358626886389252,0.0004265160192371892
XTZUSDT,2021-06-15,0.0002517526403393725,0.0027662534928900736,0.0007201492919854383
XTZUSDT,2021-06-15,0.0019822756817649266,0.005246116028114254,0.0020207730793323077
XTZUSDT,2021-06-15,0.002720322058056269,0.0018552881017461409,0.0023672584886860132
XTZUSDT,2021-06-15,0.0002753993896117074,-0.002161495360620405,0.0007532116136284518
XTZUSDT,2021-06-15,0.0005158508674621617,-0.0006169031657705666,0.0010308550519170087
XTZUSDT,2021-06-15,0.0012427364990940568,-0.002773072182235664,0.001600018661094201
XTZUSDT,2021-06-15,0.0008363057691034802,0.0033799386916529926,0.001312556682392327
XTZUSDT,2021-06-15,0.000013337301041622485,-0.0006136851987627738,0.0001657560916460528
XTZUSDT,2021-06-15,0.0007805010908369672,0.0015335074313301239,0.0012680088310670313
XTZUSDT,2021-06-15,0.0004924219765589535,-0.0006127451172109327,0.0010071733704257678
XTZUSDT,2021-06-15,0.00006661908917839688,-0.0,0.00037045449294829
XTZUSDT,2021-06-15,0.0003317217412538724,0.001838799169657135,0.0008266515591659647
XTZUSDT,2021-06-15,0.0008296621491811272,0.003062789530545731,0.0013073328065264908
XTZUSDT,2021-06-15,0.0004729755903137172,0.0012228677769699659,0.000987085756109919
XTZUSDT,2021-06-15,0.0003381379157691217,-0.001222867776969848,0.0008346078337052614
XTZUSDT,2021-06-15,0.0023210906040664666,0.0030562370977444396,0.0021866615467341054
XTZUSDT,2021-06-15,0.00023321629980623527,0.0012191406569443367,0.0006931304388289427
XTZUSDT,2021-06-15,0.0006709125079877677,-0.0006093845404909738,0.0011756240591391058
XTZUSDT,2021-06-15,0.0005654149601880643,0.0033470288358587847,0.001079242821403816
XTZUSDT,2021-06-15,0.00022891457132473078,-0.002433091224641555,0.000686708210654049
XTZUSDT,2021-06-15,0.0001721118354565752,0.0,0.0005954439528614192
XTZUSDT,2021-06-15,0.0002095890260387062,-0.0015236937276705152,0.0006570823334761762
XTZUSDT,2021-06-15,0.0002164603794594541,-0.0006099420744143111,0.000667766655032843
XTZUSDT,2021-06-15,0.0003308608337795531,-0.0009158907677343692,0.0008255781702954092
XTZUSDT,2021-06-15,0.0003753126131627212,0.000305483429899651,0.0008792899331833792
XTZUSDT,2021-06-15,0.00016995326344002024,0.003660772849681156,0.0005916982368704483
XTZUSDT,2021-06-15,0.00016966613512036692,0.0009142161234033244,0.0005911982019358571
XTZUSDT,2021-06-15,0.00023193029229125583,0.0018281540740626235,0.0006912167579263637
XTZUSDT,2021-06-15,0.00023073353439136962,0.0012169152703461288,0.000689431115826831
XTZUSDT,2021-06-15,0.001288633363067823,0.0015186031771900596,0.001629296807715344
XTZUSDT,2021-06-15,0.0017862898703648936,0.008762709038731163,0.0019182777468176317
XTZUSDT,2021-06-15,0.000021720989696942765,0.0012022844850704197,0.00021153163480462734
XTZUSDT,2021-06-15,0.001917784344169921,0.002105580564352565,0.0019876293702904527
XTZUSDT,2021-06-15,0.00023122270540175025,-0.0006022282627060297,0.0006901615496527352
XTZUSDT,2021-06-15,0.00023889185029637774,-0.0015048911794203067,0.00070151375048853
XTZUSDT,2021-06-15,0.00015111394689868633,0.0006013229285222075,0.0005579403820576053
XTZUSDT,2021-06-15,0.0005063213863904257,0.0006013229285221701,0.0010212890062608613
XTZUSDT,2021-06-15,0.00021662905157558593,0.001203369579632789,0.0006680267758036266
XTZUSDT,2021-06-15,0.0005313013901495406,0.0024110921867319226,0.0010461789975325896
XTZUSDT,2021-06-15,0.004442941848402731,0.005142954914777129,0.003025316635853818
XTZUSDT,2021-06-15,0.000038166694408073584,0.001818182319058505,0.00028039986153294137
XTZUSDT,2021-06-15,0.000409291375149421,-0.0009086779362180643,0.0009182307184147759
XTZUSDT,2021-06-15,0.0005774237255715607,0.0012113871862970882,0.001090643544853525
XTZUSDT,2021-06-15,0.00002615610444639792,0.0012117541622082121,0.0002321250725461907
XTZUSDT,2021-06-15,0.0010136784663087102,0.0030358250395244135,0.0014450591738958396
XTZUSDT,2021-06-15,0.00031322662178302264,0.0012158056208899498,0.0008032761162210304
XTZUSDT,2021-06-15,0.0024249731547663794,0.0063995342585764555,0.0022350589830112287
XTZUSDT,2021-06-15,0.0007551734382468952,-0.000305576778542983,0.0012472653976604996
XTZUSDT,2021-06-15,0.0005076245513423189,0.0,0.001022602453416444
XTZUSDT,2021-06-15,0.0003047866139477316,0.0,0.0007923799276572651
XTZUSDT,2021-06-15,0.0013052418153510264,0.0006112469627966326,0.001639762726861622
XTZUSDT,2021-06-15,0.0007828501578849827,0.002449480710339933,0.0012699155548167851
XTZUSDT,2021-06-15,0.0007933091628411343,0.010168012422683979,0.0012783705472870503
XTZUSDT,2021-06-15,0.000820673527498983,0.002473718020878288,0.0013002316499047015
XTZUSDT,2021-06-15,0.0044302425548687005,0.008059560055470783,0.0030209898994017197
XTZUSDT,2021-06-15,0.0013356131515361762,0.004968954323187144,0.0016587306301816197
XTZUSDT,2021-06-15,0.000545795150987899,-0.0012403102365239355,0.0010603527266627266
XTZUSDT,2021-06-15,0.0010624894030383278,0.0009303768697163549,0.0014794415941645647
XTZUSDT,2021-06-15,0.001790369157691728,0.004945914255356215,0.0019204668494343564
XTZUSDT,2021-06-15,0.0004354737919337731,-0.0012322860462651017,0.0009471451343053251
XTZUSDT,2021-06-15,0.0006620413528622078,0.0015382251917829184,0.0011678258380666692
XTZUSDT,2021-06-15,0.00027395258714340865,-0.0,0.0007512305209409144
XTZUSDT,2021-06-15,0.0007689177642681498,0.00030736130563165066,0.0012585644731023396
XTZUSDT,2021-06-15,0.001093315144550509,0.003078820166033592,0.0015007494850417776
XTZUSDT,2021-06-15,0.0004386779512800396,-0.001848429361782375,0.0009506232333448335
XTZUSDT,2021-06-15,0.0002462235736008949,-0.0009235032209372084,0.0007121973217007084
XTZUSDT,2021-06-15,0.00010612453048037203,-0.0015377521098827905,0.0004675665263498336
XTZUSDT,2021-06-15,0.000015908747891533555,0.0018455864974144165,0.00018103123775336396
XTZUSDT,2021-06-15,0.000033346116178143436,-0.000923787594563903,0.0002620946466621663
XTZUSDT,2021-06-15,0.00022276397163251366,0.0027671039946649796,0.0006774199729257123
XTZUSDT,2021-06-15,0.00021742004889650863,0.0015368068185255953,0.0006692452779142337
XTZUSDT,2021-06-15,0.00042584902199987133,-0.0,0.0009366198294405901
XTZUSDT,2021-06-15,0.000043495863135438546,-0.0,0.00029933637689163946
XTZUSDT,2021-06-15,0.00012831632803537622,0.0012292564547296896,0.000514134186577928
XTZUSDT,2021-06-15,0.000043491944560372234,0.0021475694708896886,0.00029932289286812495
XTZUSDT,2021-06-15,0.0007716419048375633,0.00030660739164003564,0.0012607919383904077
XTZUSDT,2021-06-15,0.0002771100890380166,0.0012273705130856874,0.0007555473557188133
XTZUSDT,2021-06-15,0.0006216359010281196,0.0018433184942893352,0.0011316276882560544
XTZUSDT,2021-06-15,0.0011476158742400448,0.0033778628770537813,0.0015375660975550027
XTZUSDT,2021-06-15,0.00003418213843340574,-0.00030651341236143277,0.0002653598025508127
XTZUSDT,2021-06-15,0.0010646334477847589,0.0015311593865728445,0.0014809335574521988
XTZUSDT,2021-06-15,0.0006093612807328361,0.00183486290011044,0.0011203996092962454
XTZUSDT,2021-06-15,0.00036037719236946714,0.002441258459921032,0.0008616168226198739
XTZUSDT,2021-06-15,0.0009639260445710562,0.0009144948053880417,0.0014091504977799684
XTZUSDT,2021-06-15,0.0004040700646005679,0.002747673839805453,0.000912355006486252
XTZUSDT,2021-06-15,0.0004584496672836804,-0.0006110602084426109,0.0009718099737883058
XTZUSDT,2021-06-15,8.832129425613125e-6,0.002745159570512435,0.0001348864215599944
XTZUSDT,2021-06-15,0.00017384639310983723,-0.0030422901469242193,0.0005984368982676116
XTZUSDT,2021-06-15,1.3357566129969033e-6,0.0018248180246289477,0.00005245648517306902
XTZUSDT,2021-06-15,0.0008836594333803623,-0.0009131030919005892,0.0013492051183222886
XTZUSDT,2021-06-15,0.00020727746954384474,-0.0021273370733663616,0.0006534488080058936
XTZUSDT,2021-06-15,0.00037842237192830375,0.00030362836122126364,0.0008829252210843843
XTZUSDT,2021-06-15,0.0002759418468409619,0.0015195262002938596,0.0007539530533331889
XTZUSDT,2021-06-15,0.0000807582896623146,-0.00030409001298653673,0.0004078768694727811
XTZUSDT,2021-06-15,0.00037674715574606066,-0.0,0.0008809687680752326
XTZUSDT,2021-06-15,0.0002500394841345503,-0.0,0.0007176948306278521
XTZUSDT,2021-06-15,0.0000893902036428918,0.0009122700951981941,0.00042912170759120945
XTZUSDT,2021-06-15,0.00007306484106623707,-0.0012172856037517487,0.00038796249442432553
XTZUSDT,2021-06-15,0.00007191698933058963,-0.0006086427455085427,0.00038490297699137046
XTZUSDT,2021-06-15,0.000533941933561701,0.0015223020141832027,0.0010487755060897524
XTZUSDT,2021-06-15,0.00016632356391362097,-0.0018298266770762272,0.0005853456728240221
XTZUSDT,2021-06-15,0.00035674386235929294,0.002444241974603979,0.0008572624005153786
XTZUSDT,2023-09-15,0.00378271544341014,-0.0015278841780531714,0.0012189324153141089
XTZUSDT,2023-09-15,0.0007089540365251271,0.0,0.0005276996790164781
XTZUSDT,2023-09-15,0.0038562332327988853,0.0030581063588208846,0.0012307205058971885
XTZUSDT,2023-09-15,0.0022816909950990507,0.0015325673497782106,0.0009466865445299321
XTZUSDT,2023-09-15,0.00019409151320317266,0.0015302221807675935,0.00027610931797454337
XTZUSDT,2023-09-15,0.0008238911834590808,0.0,0.0005688695894718718
XTZUSDT,2023-09-15,0.0011082746918213513,0.003053437486890248,0.0006597835725862518
XTZUSDT,2023-09-15,0.0020235813770554376,0.003048782849358593,0.0008915344452573879
XTZUSDT,2023-09-15,0.0003963714504294666,0.0015278841780531714,0.00039457446211916923
XTZUSDT,2023-09-15,0.000023950624243843194,-0.0015278841780531757,0.00009699206569650201
XTZUSDT,2023-09-15,0.002950976583541408,0.0,0.0010766156086684465
XTZUSDT,2023-09-15,0.001666985261784811,-0.0030581063588208846,0.000809177261562549
XTZUSDT,2023-09-15,0.0013011328832233766,-0.0,0.000714889003313064
XTZUSDT,2023-09-15,0.0014488061243208186,0.0,0.0007543674255379333
XTZUSDT,2023-09-15,0.00023378289814111837,-0.0,0.0003030289767313528
XTZUSDT,2023-09-15,0.002134862125301189,0.0015349197180837017,0.0009157200144390134
XTZUSDT,2023-09-15,0.0020521394143540347,0.0015325673497782106,0.0008978033490050477
XTZUSDT,2023-09-15,0.000666528851296987,0.003062789530545731,0.0005116668335195771
XTZUSDT,2023-09-15,0.0026799980476951884,0.0,0.0010259944914320846
XTZUSDT,2023-09-15,0.003275482762921621,0.003053437486890248,0.0011342673978804094
XTZUSDT,2023-09-15,0.0006230901410080193,-0.0,0.000494712894256625
XTZUSDT,2023-09-15,0.00025803487362049076,0.0015255533088370686,0.0003183588980678882
XTZUSDT,2023-09-15,0.001176193015895103,0.003053437486890343,0.0006796997158511111
XTZUSDT,2023-09-15,0.0014053397189992744,0.0,0.0007429651631954129
XTZUSDT,2023-09-15,0.005512897209221143,0.009132483563272472,0.0014715253146952234
XTZUSDT,2023-09-15,0.0014646054915636332,-0.0,0.0007584694964075661
XTZUSDT,2023-09-15,0.00002648380469052429,-0.0015186031771900162,0.00010199243923933742
XTZUSDT,2023-09-15,0.0008992764964762686,0.0015186031771900596,0.0005943255646408608
XTZUSDT,2023-09-15,0.0014459132522816368,0.0015140048312150113,0.0007536139158570644
XTZUSDT,2023-09-15,0.003099692874800484,0.003025720916536956,0.0011034105263175613
XTZUSDT,2023-09-15,0.00006320201641353437,0.0015140048312150718,0.00015755901510864615
XTZUSDT,2023-09-15,0.0013251677571538252,0.0015140048312150113,0.00072146159976222
XTZUSDT,2023-09-15,0.0024078995766389465,0.0015163005179639638,0.0009725164932395241
XTZUSDT,2023-09-15,0.0001776795943948136,0.0,0.00026417795092988035
XTZUSDT,2023-09-15,0.0006924220097841378,0.0,0.0005215106986921516
XTZUSDT,2023-09-15,0.0003814024572370894,0.003034903695154047,0.0003870521939937425
XTZUSDT,2023-09-15,0.0020264338212236757,0.0015186031771900162,0.0008921625783080851
XTZUSDT,2023-09-15,0.001462787767973746,0.001516300517964008,0.0007579986815901204
XTZUSDT,2023-09-15,0.0008743057478346399,0.0,0.0005860159774126473
XTZUSDT,2023-09-15,0.002628883232666146,0.0015140048312150718,0.0010161631424650537
XTZUSDT,2023-09-15,0.001937512580444286,0.0015163005179639638,0.000872368661396476
XTZUSDT,2023-09-15,0.0017565793465594978,0.0015186031771900596,0.0008306377723308733
XTZUSDT,2023-09-15,0.0002120887923925741,0.0,0.0002886267970033507
XTZUSDT,2023-09-15,0.0016646380162704973,0.003034903695154047,0.0008086073684698632
XTZUSDT,2023-09-15,0.00010600211052880604,0.0015186031771900596,0.0002040492704521667
XTZUSDT,2023-09-15,0.0004229285687624955,-0.0015186031771900162,0.0004075785327555824
XTZUSDT,2023-09-15,0.0023443429373673484,0.001516300517964008,0.0009595958501481239
XTZUSDT,2023-09-15,0.0004712067336667077,0.001516300517964008,0.0004302130046011312
XTZUSDT,2023-09-15,0.0002486201375121169,0.0,0.00031249706400798756
XTZUSDT,2023-09-15,0.002566128041275598,0.0015140048312150113,0.0010039612518949188
XTZUSDT,2023-09-15,0.0011998683091462782,0.0015140048312150718,0.0006865063863368804
XTZUSDT,2023-09-15,0.0005596738624241511,-0.0,0.0004688622883131124
XTZUSDT,2023-09-15,0.0004796468419826749,0.001516300517964008,0.00043404882503123737
XTZUSDT,2023-09-15,0.0012688249252042639,-0.0,0.0007059576373382096
XTZUSDT,2023-09-15,0.001046465900807148,0.001516300517964008,0.0006411214848340553
XTZUSDT,2023-09-15,0.000039691562399107106,-0.001516300517964008,0.00012486102262385828
XTZUSDT,2023-09-15,0.00005151067542460013,0.0030303053491790633,0.00014224152915263714
XTZUSDT,2023-09-15,0.0001889707493723697,0.0015117160853219392,0.00027244264180371994
XTZUSDT,2023-09-15,0.0022744893771405703,0.003025720916536956,0.000945191367721197
XTZUSDT,2023-09-15,0.0007844377739392265,0.0015140048312150113,0.0005550818659276325
XTZUSDT,2023-09-15,0.0006175975294951268,0.0015117160853219392,0.0004925275920410958
XTZUSDT,2023-09-15,0.000046906268118275663,-0.0015071592905713386,0.00013573543249364281
XTZUSDT,2023-09-15,0.00585824095586941,0.001509434248854292,0.0015169155578497197
XTZUSDT,2023-09-15,0.00011520302811975139,-0.0,0.00021272069221958404
XTZUSDT,2023-09-15,0.002130925548712338,0.0015117160853219392,0.0009148753544421124
XTZUSDT,2023-09-15,0.003119267151513675,0.0015117160853219673,0.0011068890116066542
XTZUSDT,2023-09-15,0.0004197257940780461,0.0015117160853219673,0.0004060323343294552
XTZUSDT,2023-09-15,0.00026733810866258657,0.0,0.00032404716466722695
XTZUSDT,2023-09-15,0.00002986996330313872,-0.0015140048312150718,0.00010831662879814245
XTZUSDT,2023-09-15,0.0005341695989819537,0.0015163005179639638,0.00045805473194518383
XTZUSDT,2023-09-15,0.00014969492301895106,0.0,0.0002424830164012277
XTZUSDT,2023-09-15,0.0001681346461589048,0.0015163005179639638,0.0002569841850013251
XTZUSDT,2023-09-15,0.0008902140762308537,0.0,0.0005913233366147324
XTZUSDT,2023-09-15,0.00023051741311858707,0.001516300517964008,0.0003009051763888758
XTZUSDT,2023-09-15,0.0006887649123426123,0.0,0.0005201316694473671
XTZUSDT,2023-09-15,0.0022159119542405252,0.0015140048312150718,0.0009329407013342349
XTZUSDT,2023-09-15,0.00034759188010366466,0.0,0.000369498433490842
XTZUSDT,2023-09-15,0.002356130628675865,0.003039516017896704,0.0009620053176921124
XTZUSDT,2023-09-15,0.00029313792257858493,-0.0,0.000339323386830295
XTZUSDT,2023-09-15,0.0019180820029069349,0.0015209128407067448,0.0008679833120109437
XTZUSDT,2023-09-15,0.0005250322346696092,0.0015209128407067314,0.0004541201516614682
XTZUSDT,2023-09-15,0.0009878564018020917,-0.0,0.0006229091345247369
XTZUSDT,2023-09-15,0.003843309191122869,0.003044142381228052,0.0012286564149122732
XTZUSDT,2023-09-15,0.0018814658757173013,0.0030441423812281325,0.000859658502945367
XTZUSDT,2023-09-15,0.00008886386536748777,-0.0,0.00018682732270703284
XTZUSDT,2023-09-15,0.0007401780506761104,0.0015255533088370686,0.0005391950435704345
XTZUSDT,2023-09-15,0.0003949496981483621,0.0015255533088370686,0.0003938661730899432
XTZUSDT,2023-09-15,0.0019246587801144102,0.0,0.0008694701222277079
XTZUSDT,2023-09-15,0.0005843602850104691,-0.0015232295405215258,0.00047909113665240105
XTZUSDT,2023-09-15,0.0016253640754419236,-0.0,0.000799011662693888
XTZUSDT,2023-09-15,0.0000512929527616098,0.0015255533088370686,0.00014194060125409085
XTZUSDT,2023-09-15,0.0009996654660892929,0.0,0.0006266212735931131
XTZUSDT,2023-09-15,7.194674790520237e-6,0.0,0.00005315980439034464
XTZUSDT,2023-09-15,0.000029168858617812973,0.0015255533088370686,0.00010703788224382465
XTZUSDT,2023-09-15,0.0006222402240471284,0.0015255533088371917,0.0004943753761897934
XTZUSDT,2023-09-15,0.0008800359465693315,-0.0015232295405214163,0.0005879332151267139
XTZUSDT,2023-09-15,0.0023653663508371855,0.0015255533088370686,0.0009638889407649592
XTZUSDT,2023-09-15,0.00039901541100645593,0.0015255533088371917,0.0003958882618274803
XTZUSDT,2023-09-15,0.0005680637714139497,0.0015232295405214163,0.00047236350516502505
XTZUSDT,2023-09-15,0.000060676699714589424,-0.003044142381228052,0.0001543791927531888
XTZUSDT,2023-09-15,0.00041744793587803034,0.0015209128407067314,0.00040492906363241943
XTZUSDT,2023-09-15,0.0005642367992752076,0.0,0.00047076969038495055
XTZUSDT,2023-09-15,0.0008359010339596347,-0.0,0.0005730007909317576
XTZUSDT,2023-09-15,0.00054809865867435,0.0015209128407067314,0.00046398843931011165
XTZUSDT,2023-09-15,0.0008340622812220634,0.0030395160178968176,0.000572370221773643
XTZUSDT,2023-09-15,0.004396456486757037,0.0015209128407067314,0.0013141023132618357
XTZUSDT,2023-09-15,0.00012905727684108914,-0.0015232295405215258,0.0002251484900698667
XTZUSDT,2023-09-15,0.00032858100930550005,0.0015232295405215258,0.0003592518554816769
XTZUSDT,2023-09-15,0.0005640535151689457,0.0015232295405215258,0.0004706932228359706
XTZUSDT,2023-09-15,0.00006824617247901547,0.0,0.000163725731675681
XTZUSDT,2023-09-15,0.0021640045532972055,0.0015232295405214163,0.000921948952768668
XTZUSDT,2023-09-15,0.0026445083219566656,0.003044142381228052,0.001019178513558256
XTZUSDT,2023-09-15,0.0007976445667027414,0.0015209128407067448,0.0005597350410451722
XTZUSDT,2023-09-15,0.0002049065066094176,0.0,0.00028369760198059495
XTZUSDT,2023-09-15,0.00014133990733010884,0.0015209128407067448,0.00023561893646379428
XTZUSDT,2023-09-15,0.00018465126705277752,0.0015209128407067314,0.000269310903101401
XTZUSDT,2023-09-15,0.00012440126161062328,0.0015209128407067314,0.0002210498286558561
XTZUSDT,2023-09-15,0.0020441199999049666,0.0015232295405215258,0.000896047399864103
XTZUSDT,2023-09-15,0.00017458503774514785,0.0,0.00026186731831845514
XTZUSDT,2023-09-15,0.0003386773848280054,0.0,0.00036472949811160095
XTZUSDT,2023-09-15,0.0007790568187711282,-0.0015209128407067448,0.000553174760872568
XTZUSDT,2023-09-15,0.0003370135089741516,0.0015209128407067314,0.0003638324618321384
XTZUSDT,2023-09-15,0.0002123994603391027,0.0015209128407067314,0.0002888381101077215
XTZUSDT,2023-09-15,0.0009820593667573046,0.0015232295405215258,0.0006210787372519532
XTZUSDT,2023-09-15,0.00009873276895442166,-0.0015232295405214163,0.0001969284436799349
XTZUSDT,2023-09-15,0.0008287107291502262,0.0015232295405215258,0.0005705310316462578
XTZUSDT,2023-09-15,0.000024289830163467914,0.0015232295405214163,0.00009767648650384314
XTZUSDT,2023-09-15,0.0002601859690943064,-0.0,0.00031968313585441964
XTZUSDT,2023-09-15,0.00045227794974723827,0.0015232295405214163,0.00042148342219874824
XTZUSDT,2023-09-15,0.0004925279158748685,0.0015232295405214163,0.00043983847389026065
XTZUSDT,2023-09-15,0.00009467180318240884,-0.0015209128407067448,0.00019283600018950642
XTZUSDT,2023-09-15,0.005055862279933648,0.004576667027411867,0.0014092089992046842
XTZUSDT,2023-09-15,0.0024140726075204825,0.003053437486890248,0.0009737622951156347
XTZUSDT,2023-09-15,0.0012073478312842724,-0.0,0.0006886427718536687
XTZUSDT,2023-09-15,0.00007333214283076621,-0.0,0.00016971685606872165
XTZUSDT,2023-09-15,0.001703498971701392,0.003053437486890248,0.000817991381886707
XTZUSDT,2023-09-15,0.003087643040081893,0.003053437486890343,0.0011012637230836111
XTZUSDT,2023-09-15,0.00034108217212406146,0.0,0.0003660220931355141
XTZUSDT,2023-09-15,0.0005341599938965668,0.0015302221807675365,0.000458050613707644
XTZUSDT,2023-09-15,0.000678105474736084,-0.0,0.0005160911544933383
XTZUSDT,2023-09-15,0.0013604162133514413,0.0,0.0007309937938691841
XTZUSDT,2023-09-15,0.0004866998694920418,0.0030581063588208724,0.0004372284417768121
XTZUSDT,2023-09-15,8.09960471159615e-6,-0.0,0.000056403973827164295
XTZUSDT,2023-09-15,0.0016747025818797349,0.0015255533088371917,0.0008110481446825117
XTZUSDT,2023-09-15,0.00288790937106297,0.0,0.0010650489541020323
XTZUSDT,2023-09-15,0.0014355519272444344,-0.0,0.0007509088857432307
XTZUSDT,2023-09-15,0.0005418169217398352,0.0,0.00046132190049138187
XTZUSDT,2023-09-15,0.0015874696289552802,-0.0,0.0007896424782388519
XTZUSDT,2023-09-15,0.002329985719347932,-0.0,0.0009566529604988612
XTZUSDT,2023-09-15,0.000027112361034606268,-0.0015278841780531714,0.0001031956663610473
XTZUSDT,2023-09-15,0.0006241409329128434,0.0,0.0004951298654840517
XTZUSDT,2023-09-15,0.00003116856862921594,0.0015255533088371917,0.00011064612769161965
XTZUSDT,2023-09-15,7.497146249634511e-6,-0.0015255533088370686,0.000054265746494547766
XTZUSDT,2023-09-15,0.0011264423226348417,0.0015255533088371917,0.0006651694121042524
XTZUSDT,2023-09-15,0.0003788431678169656,0.0030487828493585096,0.0003857514080235049
XTZUSDT,2023-09-15,0.001627389528413122,0.0015232295405215258,0.0007995093532430993
XTZUSDT,2023-09-15,0.0009844299816883742,0.0,0.0006218279033007877
XTZUSDT,2023-09-15,0.00004595802658237658,0.0,0.00013435643637002198
XTZUSDT,2023-09-15,0.0008150916941076469,0.0,0.0005658235563669764
XTZUSDT,2023-09-15,0.0005827439243827104,-0.0,0.00047842808655696085
XTZUSDT,2023-09-15,0.00006909273986047552,0.0,0.0001647380791045844
XTZUSDT,2023-09-15,0.0006485264368252151,-0.0015209128407067314,0.0005047096779167521
XTZUSDT,2023-09-15,0.000392870363531885,0.0,0.00039282798979539175
XTZUSDT,2023-09-15,0.000057072219507563336,0.0,0.0001497235691531692
XTZUSDT,2023-09-15,0.0011984932402420727,-0.0,0.0006861128997390851
XTZUSDT,2023-09-15,0.0003214779710224494,0.0,0.00035534761061060575
XTZUSDT,2023-09-15,0.0012749926211596207,0.0,0.0007076713700580405
XTZUSDT,2023-09-15,0.0010181317529469166,0.0015209128407067448,0.0006323824099890379
XTZUSDT,2023-09-15,0.0003155922164880407,0.0015186031771900596,0.0003520796566389457
XTZUSDT,2023-09-15,0.000785143037870534,0.0015186031771900162,0.0005553313384031809
XTZUSDT,2023-09-15,0.0001338106627928179,0.003039516017896704,0.00022925728828519443
XTZUSDT,2023-09-15,0.003797752171309744,-0.0,0.0012213527105647106
XTZUSDT,2023-09-15,0.005636824494251011,0.0015232295405215258,0.0014879729860962612
XTZUSDT,2023-09-15,0.0007648032713442224,-0.0015278841780531757,0.000548090984777325
XTZUSDT,2023-09-15,0.0012922193307101388,0.0015255533088371917,0.0007124360826081334
XTZUSDT,2023-09-15,0.000023454953036047062,0.003053437486890343,0.00009598316667568503
XTZUSDT,2023-09-15,0.0005536753202300412,0.0015278841780531714,0.0004663429041849187
XTZUSDT,2023-09-15,0.0003144126986929128,0.0015255533088370686,0.0003514210963926261
XTZUSDT,2023-09-15,0.00022191145625551342,0.0015255533088370686,0.00029523487102652696
XTZUSDT,2023-09-15,0.0018217176860756727,0.0030487828493585096,0.0008458986416447372
XTZUSDT,2023-09-15,0.0000749689004008195,-0.0,0.00017160042561667523
XTZUSDT,2023-09-15,0.0011434462518792562,0.0015232295405214163,0.0006701710570447808
XTZUSDT,2023-09-15,0.00007879768042514839,0.0015209128407067448,0.00017592781420211183
XTZUSDT,2023-09-15,0.0004485274411866244,0.0,0.0004197322114821692
XTZUSDT,2023-09-15,0.00005515259993678447,-0.0015209128407067314,0.00014718406230119997
XTZUSDT,2023-09-15,0.003797237988684499,0.0,0.0012212700274968644
XTZUSDT,2023-09-15,0.005958372418245212,-0.0,0.0015298245024316726
XTZUSDT,2023-09-15,0.0004312276841853434,-0.0,0.00041155805612966685
XTZUSDT,2023-09-15,0.0037144642465619785,0.0015186031771900162,0.0012078858159572854
XTZUSDT,2023-09-15,0.00023351312390108167,-0.0015186031771900596,0.00030285408581782114
XTZUSDT,2023-09-15,0.00007994149525276958,0.0,0.00017720008416161894
XTZUSDT,2023-09-15,0.0010214101260863295,0.003034903695154111,0.0006333997239435472
XTZUSDT,2023-09-15,0.00012758712202808013,-0.0,0.000223862428536126
XTZUSDT,2023-09-15,0.00013392051125202627,0.0,0.00022935137044959215
XTZUSDT,2023-09-15,0.0009748470345811764,0.001516300517964008,0.0006187939055101435
XTZUSDT,2023-09-15,0.0031750483188858632,0.003034903695154047,0.0011167422820244884
XTZUSDT,2023-09-15,0.0007051616138563394,0.001516300517964008,0.000526286368949877
XTZUSDT,2023-09-15,0.0005328459938146956,0.0,0.00045748687891598015
XTZUSDT,2023-09-15,0.0006887889805126934,-0.0,0.0005201407570967957
XTZUSDT,2023-09-15,0.001116353511394362,-0.0,0.0006621839675004326
XTZUSDT,2023-09-15,0.0013435846210778633,-0.0,0.0007264576513864441
XTZUSDT,2023-09-15,0.0008269602744320159,-0.0,0.0005699281574272916
XTZUSDT,2023-09-15,0.0007150332902739281,0.001516300517964008,0.0005299573517659503
XTZUSDT,2023-09-15,0.0004256213311590037,-0.0,0.0004088739887939961
XTZUSDT,2023-09-15,0.002069947065200637,-0.0,0.0009016903252638403
XTZUSDT,2023-09-15,0.000221912066278258,0.0015209128407067314,0.0002952352768186964
XTZUSDT,2023-09-15,0.0002583192551324156,0.0015209128407067448,0.0003185342822172472
XTZUSDT,2023-09-15,0.0019623252888299313,0.0,0.0008779368749798736
XTZUSDT,2023-09-15,0.000958073760481924,0.0,0.0006134473054952951
XTZUSDT,2023-09-15,0.00029651633944801205,-0.0,0.00034127313755521994
XTZUSDT,2023-09-15,0.0006822659296719801,-0.0,0.0005176719488444033
XTZUSDT,2023-09-15,0.002891368954231316,0.003034903695154111,0.0010656867030960507
XTZUSDT,2023-09-15,0.000022476698381144032,-0.0,0.00009396022521967927
XTZUSDT,2023-09-15,0.00008575738554600751,-0.0,0.00018353274341442621
XTZUSDT,2023-09-15,0.0006294424409370292,0.0015163005179639638,0.0004972282572559665
XTZUSDT,2023-09-15,0.00019567130574026046,0.0015163005179639638,0.00027723072568622856
XTZUSDT,2023-09-15,0.00018241688683742394,-0.0,0.00026767654008090237
XTZUSDT,2023-09-15,0.00040568144008703677,-0.0,0.00039918145776367394
XTZUSDT,2023-09-15,0.001729209389557089,0.0030303053491790633,0.0008241411185440333
XTZUSDT,2023-09-15,0.000176136558500882,0.0015140048312150718,0.0002630283396257126
XTZUSDT,2023-09-15,0.007231575776148784,0.0030303053491790963,0.0016853661262057106
XTZUSDT,2023-09-15,0.00028589507817393487,-0.0,0.0003351051711259927
XTZUSDT,2023-09-15,0.000021233704946673164,0.001516300517964008,0.00009132520996820208
XTZUSDT,2023-09-15,0.0038612941145788754,0.0030303053491790633,0.001231527833719854
XTZUSDT,2023-09-15,0.00022442179966892432,0.0015140048312150113,0.0002969000772409448
XTZUSDT,2023-09-15,0.0016387243832017941,0.0,0.000802288834458083
XTZUSDT,2023-09-15,0.0016554288134615568,0.0,0.0008063675550906964
XTZUSDT,2023-09-15,0.000029819353598033016,0.0015094342488543404,0.00010822482760330357
XTZUSDT,2023-09-15,0.00010763473103552285,-0.0,0.00020561462650075306
XTZUSDT,2023-09-15,0.000029134896987956838,-0.0,0.00010697555139087739
XTZUSDT,2023-09-15,0.000021807558887603186,-0.001509434248854292,0.00009255104295508994
XTZUSDT,2023-09-15,0.00002290166240725071,0.0,0.00009484431286098416
XTZUSDT,2023-09-15,0.0006629075455535497,0.0015094342488543404,0.000510274976556784
XTZUSDT,2023-09-15,0.0004011078222922997,-0.0,0.00039692491093191074
XTZUSDT,2023-09-15,0.00033878238637922954,-0.0015071592905713629,0.0003647860330278627
XTZUSDT,2023-09-15,0.00004576393952788509,-0.0015071592905713386,0.00013407243337053756
XTZUSDT,2023-09-15,0.00045773105396896565,0.0015071592905713386,0.00042401671678656146
XTZUSDT,2023-09-15,0.00002099894601214165,0.0015071592905713629,0.00009081896300849282
XTZUSDT,2023-09-15,0.0031767979750288444,0.003012050469991621,0.0011170499381116632
XTZUSDT,2023-09-15,0.00003619963693400792,0.0,0.00011924217735212563
XTZUSDT,2023-09-15,0.0009922402692494816,-0.0,0.0006242897644286952
XTZUSDT,2023-09-15,0.001618634981100937,-0.0030075210639553224,0.0007973559717114148
XTZUSDT,2023-09-15,0.0001328997546488512,-0.0,0.00022847562804644304
XTZUSDT,2023-09-15,0.0005872399694670579,0.0015026298845350965,0.00048027014883853344
XTZUSDT,2023-09-15,0.00009363567400608511,0.0,0.00019177785671842566
XTZUSDT,2023-09-15,0.0007542330856108006,-0.0,0.000544290281587601
XTZUSDT,2023-09-15,0.0032220924743269256,0.0014981276210219922,0.0011249851520145303
XTZUSDT,2023-09-15,0.0011775176414640424,-0.0014981276210219918,0.0006800823461936637
XTZUSDT,2023-09-15,0.00041137440525169987,-0.001495886591582708,0.0004019725750318725
XTZUSDT,2023-09-15,0.002712045071258391,-0.0,0.0010321106076814504
XTZUSDT,2023-09-15,0.0004161054532796759,0.0014958865915826911,0.0004042774279052065
XTZUSDT,2023-09-15,0.00020029307096648224,0.0,0.0002804857183303579
XTZUSDT,2023-09-15,0.00029903533409306475,-0.0,0.00034271968033919894
XTZUSDT,2023-09-15,0.0001074481528064437,0.0014981276210219922,0.00020543633900928877
XTZUSDT,2023-09-15,0.00017520605198984926,0.0014981276210219918,0.00026233264735603097
XTZUSDT,2023-09-15,0.0013559042411278141,-0.0014981276210219918,0.0007297805758343697
XTZUSDT,2023-09-15,0.0006506565586079588,0.0029940142126046996,0.0005055378721612085
XTZUSDT,2023-09-15,0.0013363871401827203,0.001493652256783372,0.0007245092492560347
XTZUSDT,2023-09-15,0.000035337064774009965,-0.0,0.00011781294885738801
XTZUSDT,2023-09-15,0.0019109344551462182,0.00149142458667012,0.0008663645744987023
XTZUSDT,2023-09-15,0.0004050438554063441,0.00298062813813772,0.00039886764988880994
XTZUSDT,2023-09-15,0.004044990762585248,0.0,0.0012604817361316274
XTZUSDT,2023-09-15,0.00036548739640804626,0.00297177038915748,0.0003788907412833977
XTZUSDT,2023-09-15,0.0006886243520110746,-0.001484781267579224,0.0005200785935654786
XTZUSDT,2023-09-15,0.000026844350314865955,-0.0,0.00010268434544180585
XTZUSDT,2023-09-15,0.0020133359896135597,-0.0,0.0008892746629784601
XTZUSDT,2023-09-15,0.0037638671381275855,0.002967361227802008,0.0012158918084333287
XTZUSDT,2023-09-15,0.0030144323028685038,-0.001480385170434203,0.0010881294329843738
XTZUSDT,2023-09-15,0.0011942470937476304,0.0014781968693109652,0.0006848964052338673
XTZUSDT,2023-09-15,0.0015484210194370153,0.0014760150281205415,0.0007798701886306828
XTZUSDT,2023-09-15,0.0022155940547516515,0.0014781968693109652,0.0009328737780953966
XTZUSDT,2023-09-15,0.001416137742681913,0.0014760150281206794,0.000745814013113015
XTZUSDT,2023-09-15,0.0008963074603246709,0.0029498546464211237,0.0005933436458564314
XTZUSDT,2023-09-15,0.0004915084680477626,-0.0014760150281206794,0.0004393830432170143
XTZUSDT,2023-09-15,0.0019164039634340972,0.00295421189743152,0.0008676035501043713
XTZUSDT,2023-09-15,0.0018107750870027086,0.0014803851704342195,0.000843354265044199
XTZUSDT,2023-09-15,0.0004575719600373339,0.0,0.00042394302247563976
XTZUSDT,2023-09-15,0.0006130416799992234,0.0014781968693109652,0.0004907076082047826
XTZUSDT,2023-09-15,0.0006001242820254558,0.0014760150281206794,0.00048551023528862694
XTZUSDT,2023-09-15,0.004725425193244649,0.004434597067865753,0.0013623799276506632
XTZUSDT,2023-09-15,0.00029343616824378257,-0.0014803851704342195,0.00033949596088714604
XTZUSDT,2023-09-15,0.0009541886143560509,0.001482579960222836,0.0006122022272804566
XTZUSDT,2023-09-15,0.000690985672413791,0.0,0.0005209695156004155
